1,"rtdid salmankhan just hack akshaykumar’s twitter account read on to know more

bollywoodnews koimoi

…"
,"rtmost famous superstar of india
salmankhan 
rajinikanth 
akshaykumar 
prabhas 

saaho goldtrailer sanju ranbir…"
,"rtrft• how many of u noticed the entire bird was made of smaphones

thats s one ofmessage t…"
,rtpoint starring rajinikanth and akshaykumar is set to clash with sushantsinghrajput and saraalikhans kedarnath…
,"rajnikanth 
akshaykumar 
point 
pointfromnov 
 
 
"
2,"rtdid salmankhan just hack akshaykumar’s twitter account read on to know more

bollywoodnews koimoi

…"
5,"rtdid salmankhan just hack akshaykumar’s twitter account read on to know more

bollywoodnews koimoi

…"
6,rtgold set intells the historic story of the hockeyteam that won the first olympic medal for india as a free natio…
7,"november 

thugsofhindostannov 
studentoftheyearnov
pointnov
kedarnathnov

aamirkhan…"
8,rtthe much awaited film point starring rajnikanth amp akshaykumar going to release on november thgear up to view t…
10,"rtgold lifetime
anything you feel
my expectations cr rt if uh agree
goldtrailer gold point goldroyalcele…"
11,rtblbestof choose your favourite actor in the first half ofvote nowakshaykumar ran…
12,"rta whopping rscrore thats how much is riding on shahrukhkhan aamirkhanakshaykumar 

…"
13,rtis known for his heroic blockbusters let’s wait amp watch if he manages to make it to the numberposition…
14,"rtmouni roy can surprise akshay kumar with her fit bodyakshaykumar gold 

"
15,"rtrajinikanth and akshaykumar starrer point to hit screens on november

 

…"
16,"rtdid salmankhan just hack akshaykumar’s twitter account read on to know more

bollywoodnews koimoi

…"
17,"rtdid salmankhan just hack akshaykumar’s twitter account read on to know more

bollywoodnews koimoi

…"
19,"rtrft• how many of u noticed the entire bird was made of smaphones

thats s one ofmessage t…"
20,"rtmouni roy can surprise akshay kumar with her fit bodyakshaykumar gold 

"
23,"rtdid salmankhan just hack akshaykumar’s twitter account read on to know more

bollywoodnews koimoi

…"
25,"rtdid salmankhan just hack akshaykumar’s twitter account read on to know more

bollywoodnews koimoi

…"
26,"rtdid salmankhan just hack akshaykumar’s twitter account read on to know more

bollywoodnews koimoi

…"
27,"rtdid salmankhan just hack akshaykumar’s twitter account read on to know more

bollywoodnews koimoi

…"
28,"rtdid salmankhan just hack akshaykumar’s twitter account read on to know more

bollywoodnews koimoi

…"
29,"rtdid salmankhan just hack akshaykumar’s twitter account read on to know more

bollywoodnews koimoi

…"
35,rtpoint starring rajinikanth and akshaykumar is set to clash with sushantsinghrajput and saraalikhans kedarnath…
37,rtblbestof choose your favourite actor in the first half ofvote nowakshaykumar ran…
38,"rtdid salmankhan just hack akshaykumar’s twitter account read on to know more

bollywoodnews koimoi

…"
39,"rtdid salmankhan just hack akshaykumar’s twitter account read on to know more

bollywoodnews koimoi

…"
40,"rtrft• how many of u noticed the entire bird was made of smaphones

thats s one ofmessage t…"
41,"rtnew box office record on the way

pointfromnov point 
rajinikanth akshaykumar"
43,"rtpower of o
trending national wide
equally
trending world wide
point massreleaseannouncementimpact
pointfromnov…"
44,"rtrft• how many of u noticed the entire bird was made of smaphones

thats s one ofmessage t…"
45,"rtrajinikanth akshaykumarpoint 
 directorshankar
release date finalised nov
point new poster h…"
46,rtblbestof choose your favourite actor in the first half ofvote nowakshaykumar ran…
47,"rtakshay kumar bobby deol and riteish deshmukh begins the shooting of housefull 
get ready for the unlimited fun onem…"
48,"rtcrowman on a rampage shankar sir vfx splendor pointfromnov

 rajinikanth akshaykumar atbb ahead …"
49,"rtdid salmankhan just hack akshaykumar’s twitter account read on to know more

bollywoodnews koimoi

…"
50,"rtthugsofhindostan vs point 
thugsofhindostan <U+653C><U+3E64><U+613C><U+3E30><U+623C><U+3E64><U+653C><U+3E64><U+623C><U+3E32><U+613C><U+3E61><U+653C><U+3E64><U+613C><U+3E30><U+623C><U+3E64><U+653C><U+3E64><U+623C><U+3E32><U+613C><U+3E61><U+653C><U+3E64><U+613C><U+3E30><U+623C><U+3E64><U+653C><U+3E64><U+623C><U+3E32><U+613C><U+3E61>
victormass akshaykumar salmankhan shahrukhkhan rajinikanth …"
51,"rtdid salmankhan just hack akshaykumar’s twitter account read on to know more

bollywoodnews koimoi

…"
52,"rtdid salmankhan just hack akshaykumar’s twitter account read on to know more

bollywoodnews koimoi

…"
53,rtsave the date rajinikanthakshaykumar starrer point to release on novemberthis yearht…
55,"rtfinally an announcement with release date of point
looks to be interesting battle of protagonist vs antagonist scient…"
56,"rtdid salmankhan just hack akshaykumar’s twitter account read on to know more

bollywoodnews koimoi

…"
57,"rtajaydevgn to play chanakya directed by neerajpandey akshaykumaryrf movie shelved 

bollywoodnews bollywoodupdates bo…"
58,"rtkhan is coming back after oy teri <U+653C><U+3E64><U+613C><U+3E30><U+623C><U+3E64><U+653C><U+3E64><U+623C><U+3E38><U+393C><U+3E63> dangal <U+653C><U+3E64><U+613C><U+3E30><U+623C><U+3E64><U+653C><U+3E64><U+623C><U+3E38><U+393C><U+3E38><U+653C><U+3E64><U+613C><U+3E30><U+623C><U+3E64><U+653C><U+3E64><U+623C><U+3E38><U+393C><U+3E38><U+653C><U+3E64><U+613C><U+3E30><U+623C><U+3E64><U+653C><U+3E64><U+623C><U+3E38><U+393C><U+3E38><U+653C><U+3E64><U+613C><U+3E30><U+623C><U+3E64><U+653C><U+3E64><U+623C><U+3E34><U+613C><U+3E35><U+653C><U+3E64><U+613C><U+3E30><U+623C><U+3E64><U+653C><U+3E64><U+623C><U+3E34><U+613C><U+3E35><U+653C><U+3E64><U+613C><U+3E30><U+623C><U+3E64><U+653C><U+3E64><U+623C><U+3E34><U+613C><U+3E35>
rajkumarhiranifilms ranbirkapoor aamirkhan thugsofh…"
64,"rtdid salmankhan just hack akshaykumar’s twitter account read on to know more

bollywoodnews koimoi

…"
66,"rtdid salmankhan just hack akshaykumar’s twitter account read on to know more

bollywoodnews koimoi

…"
67,"rtdid salmankhan just hack akshaykumar’s twitter account read on to know more

bollywoodnews koimoi

…"
68,"rtdid salmankhan just hack akshaykumar’s twitter account read on to know more

bollywoodnews koimoi

…"
69,"rtmost famous superstar of india
salmankhan 
rajinikanth 
akshaykumar 
prabhas 

saaho goldtrailer sanju ranbir…"
70,"rtdid salmankhan just hack akshaykumar’s twitter account read on to know more

bollywoodnews koimoi

…"
71,"rtdid salmankhan just hack akshaykumar’s twitter account read on to know more

bollywoodnews koimoi

…"
72,"rthousefullhas fetched a record prize for satellite amp digital
the prize ismore of any akshaykumar film 
this…"
73,"rtrft• how many of u noticed the entire bird was made of smaphones

thats s one ofmessage t…"
74,"rtdid salmankhan just hack akshaykumar’s twitter account read on to know more

bollywoodnews koimoi

…"
75,"rtdid salmankhan just hack akshaykumar’s twitter account read on to know more

bollywoodnews koimoi

…"
76,rtthe much awaitedandstarrer point gets a release datenovit is cantwait akshay…
77,"rtakshaykumar and kritisanon head to london to commence housefulls shoot
…"
78,"rtdid salmankhan just hack akshaykumar’s twitter account read on to know more

bollywoodnews koimoi

…"
79,"rtdid salmankhan just hack akshaykumar’s twitter account read on to know more

bollywoodnews koimoi

…"
80,"point rajinikanthshankar amyjacksonakshaykumar lyca 

"
81,rtblbestof choose your favourite actor in the first half ofvote nowakshaykumar ran…
82,"rthousefullhas fetched a record prize for satellite amp digital
the prize ismore of any akshaykumar film 
this…"
83,"rtdid salmankhan just hack akshaykumar’s twitter account read on to know more

bollywoodnews koimoi

…"
84,rtsave the date rajinikanthakshaykumar starrer point to release on novemberthis yearht…
85,"rtrft• how many of u noticed the entire bird was made of smaphones

thats s one ofmessage t…"
87,rtblbestof choose your favourite actor in the first half ofvote nowakshaykumar ran…
88,"rtdid salmankhan just hack akshaykumar’s twitter account read on to know more

bollywoodnews koimoi

…"
89,rtthe much awaited film point starring rajnikanth amp akshaykumar going to release on november thgear up to view t…
90,"rtrft• how many of u noticed the entire bird was made of smaphones

thats s one ofmessage t…"
92,"rtdid salmankhan just hack akshaykumar’s twitter account read on to know more

bollywoodnews koimoi

…"
93,rtrajinikanth ’sakshaykumarto clash with sushantsinghrajputsaraalikhan’s kedarnath at the box office on nove…
94,"rtrft• how many of u noticed the entire bird was made of smaphones

thats s one ofmessage t…"
95,"rthousefullhas fetched a record prize for satellite amp digital
the prize ismore of any akshaykumar film 
this…"
96,"rtfinally an announcement with release date of point
looks to be interesting battle of protagonist vs antagonist scient…"
97,"rtdid salmankhan just hack akshaykumar’s twitter account read on to know more

bollywoodnews koimoi

…"
98,"rtdid salmankhan just hack akshaykumar’s twitter account read on to know more

bollywoodnews koimoi

…"
100,"rtgold lifetime
anything you feel
my expectations cr rt if uh agree
goldtrailer gold point goldroyalcele…"
101,"rtthere really is no common ground between chak de and soorma except hockey shaadali

akshaykumars gold is more li…"
102,"rtmagnum opus point on 

rajinikanth superstar akshaykumar amyjackson shankar arrahman lyca pointfrom…"
103,"rtmost awaited movie in 

point 
ngk
sarkar 
thevillain 

rajinikanth akshaykumar 
suriya 
thalapathyvijay…"
104,"rtdid salmankhan just hack akshaykumar’s twitter account read on to know more

bollywoodnews koimoi

…"
105,"rtdid salmankhan just hack akshaykumar’s twitter account read on to know more

bollywoodnews koimoi

…"
106,"rtdid salmankhan just hack akshaykumar’s twitter account read on to know more

bollywoodnews koimoi

…"
107,"rtdirectorconfirms the much awaited release date of point 

 …"
108,"rtdid salmankhan just hack akshaykumar’s twitter account read on to know more

bollywoodnews koimoi

…"
109,"rtdid salmankhan just hack akshaykumar’s twitter account read on to know more

bollywoodnews koimoi

…"
110,"rtdid salmankhan just hack akshaykumar’s twitter account read on to know more

bollywoodnews koimoi

…"
111,"there really is no common ground between chak de and soorma except hockey shaadali

akshaykumars gold is mo…"
112,rtthe much awaited film point starring rajnikanth amp akshaykumar going to release on november thgear up to view t…
113,"rtdid salmankhan just hack akshaykumar’s twitter account read on to know more

bollywoodnews koimoi

…"
114,"rtdid salmankhan just hack akshaykumar’s twitter account read on to know more

bollywoodnews koimoi

…"
116,rtsave the date rajinikanthakshaykumar starrer point to release on novemberthis yearht…
117,"rtdid salmankhan just hack akshaykumar’s twitter account read on to know more

bollywoodnews koimoi

…"
119,"rtmost famous superstar of india
salmankhan 
rajinikanth 
akshaykumar 
prabhas 

saaho goldtrailer sanju ranbir…"
120,rtthe much awaited film point starring rajnikanth amp akshaykumar going to release on november thgear up to view t…
121,"rtdid salmankhan just hack akshaykumar’s twitter account read on to know more

bollywoodnews koimoi

…"
122,"rtfilm rajni akshaykumar

<U+092B><U+093F><U+0932><U+094D><U+092E><U+0915><U+0940> <U+0930><U+093F><U+0932><U+0940><U+091C> <U+0921><U+0947><U+091F> <U+0924><U+092F> <U+0930><U+091C><U+0928><U+0940><U+0905><U+0915><U+094D><U+0937><U+092F> <U+0906><U+092E><U+0928><U+0947><U+0938><U+093E><U+092E><U+0928><U+0947>"
123,rajinikanthakshay kumar starrerto release on novemberrajnikanth…
125,rtthe much awaited film point starring rajnikanth amp akshaykumar going to release on november thgear up to view t…
127,rtthe much awaited film point starring rajnikanth amp akshaykumar going to release on november thgear up to view t…
128,"rtdid salmankhan just hack akshaykumar’s twitter account read on to know more

bollywoodnews koimoi

…"
129,when you are still in vacation mode want to sleep the whole day but have to stay connected on social media…
130,"rtdid salmankhan just hack akshaykumar’s twitter account read on to know more

bollywoodnews koimoi

…"
131,rtthe much awaited film point starring rajnikanth amp akshaykumar going to release on november thgear up to view t…
132,"rtrajinikanth akshaykumarpoint 
 directorshankar
release date finalised nov
point new poster h…"
133,"rtcrowman on a rampage shankar sir vfx splendor pointfromnov

 rajinikanth akshaykumar atbb ahead …"
134,"did salmankhan just hack akshaykumar’s twitter account read on to know more

bollywoodnews koimoi

"
136,"rtrajinikanth akshaykumarpoint 
 directorshankar
release date finalised nov
point new poster h…"
137,"rtpower of o
trending national wide
equally
trending world wide
point massreleaseannouncementimpact
pointfromnov…"
138,"rtwatch fully guys <U+653C><U+3E64><U+613C><U+3E30><U+623C><U+3E64><U+653C><U+3E64><U+623C><U+3E38><U+383C><U+3E65>
goosebumps guaranted<U+653C><U+3E64><U+613C><U+3E30><U+623C><U+3E64><U+653C><U+3E64><U+623C><U+3E32><U+613C><U+3E35><U+653C><U+3E64><U+613C><U+3E30><U+623C><U+3E63><U+653C><U+3E64><U+623C><U+3E63><U+383C><U+3E62><U+653C><U+3E64><U+613C><U+3E30><U+623C><U+3E65><U+653C><U+3E64><U+623C><U+3E34><U+393C><U+3E38>
point pointfromnov pointfestivalbegins rajinikanth shankar a…"
140,"rtwhy is point indias avatar 
actors rajinikanth akshaykumar
director shankar
musicar rahman 
shot in latest d c…"
141,"rtrft• how many of u noticed the entire bird was made of smaphones

thats s one ofmessage t…"
143,"rtmost famous superstar of india
salmankhan 
rajinikanth 
akshaykumar 
prabhas 

saaho goldtrailer sanju ranbir…"
144,rtblbestof choose your favourite actor in the first half ofvote nowakshaykumar ran…
145,"rtmost famous superstar of india
salmankhan 
rajinikanth 
akshaykumar 
prabhas 

saaho goldtrailer sanju ranbir…"
146,"rthousefullhas fetched a record prize for satellite amp digital
the prize ismore of any akshaykumar film 
this…"
147,rtis known for his heroic blockbusters let’s wait amp watch if he manages to make it to the numberposition…
148,"rtajaydevgn to play chanakya directed by neerajpandey akshaykumaryrf movie shelved 

bollywoodnews bollywoodupdates bo…"
149,"rtfinally an announcement with release date of point
looks to be interesting battle of protagonist vs antagonist scient…"
150,rtblbestof choose your favourite actor in the first half ofvote nowakshaykumar ran…
152,"rtthe king of indian directors shankarwith the king of box office rajinikanth 
amp this cant get any better with an add…"
153,"rthousefullhas fetched a record prize for satellite amp digital
the prize ismore of any akshaykumar film 
this…"
154,rtsave the date rajinikanthakshaykumar starrer point to release on novemberthis yearht…
155,rtwhat dabangg was to salmankhan rowdyrathore to akshaykumar singham to ajaydevgn simmba is gonna be the next craz…
156,rtpoint starring rajinikanth and akshaykumar is set to clash with sushantsinghrajput and saraalikhans kedarnath…
157,"rta whopping rscrore thats how much is riding on shahrukhkhan aamirkhanakshaykumar 

…"
158,"rtrft• how many of u noticed the entire bird was made of smaphones

thats s one ofmessage t…"
159,"rthousefullhas fetched a record prize for satellite amp digital
the prize ismore of any akshaykumar film 
this…"
160,"rtrajinikanth and akshaykumar starrer point to hit screens on november

 

…"
161,"rthousefullhas fetched a record prize for satellite amp digital
the prize ismore of any akshaykumar film 
this…"
162,"what do you think guys
pointteaser must come to which month<U+2753><U+2753>

plz share your opinion bellow <U+2935><U+FE0F>…"
163,"rtcrowman on a rampage shankar sir vfx splendor pointfromnov

 rajinikanth akshaykumar atbb ahead …"
164,"rtpointrelease date confirmedth novrajnikanth akshaykumar pointfromnovrobot

htt…"
165,"rtajaydevgn to play chanakya directed by neerajpandey akshaykumaryrf movie shelved 

bollywoodnews bollywoodupdates bo…"
168,"rtrft• how many of u noticed the entire bird was made of smaphones

thats s one ofmessage t…"
169,rtthe much awaited film point starring rajnikanth amp akshaykumar going to release on november thgear up to view t…
171,"rtrajinikanth and akshaykumar starrer ‘’ finally has a release date

…"
172,point to repeatamp checkout our updates on this weekend releases superstar rajinikanth akshaykumar…
175,rtthe much awaitedandstarrer point gets a release datenovit is cantwait akshay…
177,"rtmost famous superstar of india
salmankhan 
rajinikanth 
akshaykumar 
prabhas 

saaho goldtrailer sanju ranbir…"
178,"rthousefullhas fetched a record prize for satellite amp digital
the prize ismore of any akshaykumar film 
this…"
179,rtpoint starring rajinikanth and akshaykumar is set to clash with sushantsinghrajput and saraalikhans kedarnath…
180,rtblbestof choose your favourite actor in the first half ofvote nowakshaykumar ran…
182,rtakshaykumar praises his onscreen wifeshares that tv actors work more hard…
183,rtwhen words fail let the eyes do the talking heres the first song nainonebaandhi from gold …
185,"power of o
trending national wide
equally
trending world wide
point massreleaseannouncementimpact…"
186,rtblbestof choose your favourite actor in the first half ofvote nowakshaykumar ran…
187,"rtcrowman on a rampage shankar sir vfx splendor pointfromnov

 rajinikanth akshaykumar atbb ahead …"
188,"rtfilm rajni akshaykumar

<U+092B><U+093F><U+0932><U+094D><U+092E><U+0915><U+0940> <U+0930><U+093F><U+0932><U+0940><U+091C> <U+0921><U+0947><U+091F> <U+0924><U+092F> <U+0930><U+091C><U+0928><U+0940><U+0905><U+0915><U+094D><U+0937><U+092F> <U+0906><U+092E><U+0928><U+0947><U+0938><U+093E><U+092E><U+0928><U+0947>"
189,"rtajaydevgn to play chanakya directed by neerajpandey akshaykumaryrf movie shelved 

bollywoodnews bollywoodupdates bo…"
191,"rtfinally an announcement with release date of point
looks to be interesting battle of protagonist vs antagonist scient…"
192,"rthousefullhas fetched a record prize for satellite amp digital
the prize ismore of any akshaykumar film 
this…"
193,rtrajinikanth ’sakshaykumarto clash with sushantsinghrajputsaraalikhan’s kedarnath at the box office on nove…
194,rtthe much awaited film point starring rajnikanth amp akshaykumar going to release on november thgear up to view t…
195,"rtrft• how many of u noticed the entire bird was made of smaphones

thats s one ofmessage t…"
196,rtthe much awaitedandstarrer point gets a release datenovit is cantwait akshay…
197,"rthousefullhas fetched a record prize for satellite amp digital
the prize ismore of any akshaykumar film 
this…"
198,"rtposter alerajinikanth and akshaykumars robotrelease date is confirmed 

check out <U+653C><U+3E64><U+613C><U+3E30><U+623C><U+3E64><U+653C><U+3E64><U+623C><U+3E31><U+383C><U+3E39> ht…"
199,rtblbestof choose your favourite actor in the first half ofvote nowakshaykumar ran…
200,"rtrft• how many of u noticed the entire bird was made of smaphones

thats s one ofmessage t…"
201,"rthousefullhas fetched a record prize for satellite amp digital
the prize ismore of any akshaykumar film 
this…"
202,rtsave the date rajinikanthakshaykumar starrer point to release on novemberthis yearht…
203,"rtrft• how many of u noticed the entire bird was made of smaphones

thats s one ofmessage t…"
204,"rtcrowman on a rampage shankar sir vfx splendor pointfromnov

 rajinikanth akshaykumar atbb ahead …"
205,"rtrft• how many of u noticed the entire bird was made of smaphones

thats s one ofmessage t…"
206,"rtajaydevgn to play chanakya directed by neerajpandey akshaykumaryrf movie shelved 

bollywoodnews bollywoodupdates bo…"
208,"your favourite kumar sanu da song 
kumarsanu kumarsanuanuradhapaudwal ranbirkapoor sanju akshaykumar…"
209,rtpoint starring rajinikanth and akshaykumar is set to clash with sushantsinghrajput and saraalikhans kedarnath…
210,"poster alerajinikanth and akshaykumars robotrelease date is confirmed 

check out <U+653C><U+3E64><U+613C><U+3E30><U+623C><U+3E64><U+653C><U+3E64><U+623C><U+3E31><U+383C><U+3E39>…"
211,"rtnew box office record on the way

pointfromnov point 
rajinikanth akshaykumar"
212,"rthousefullhas fetched a record prize for satellite amp digital
the prize ismore of any akshaykumar film 
this…"
213,"rtthis will no doubt come as a sign of muchneeded relief forandfans all over

…"
214,"rtrft• how many of u noticed the entire bird was made of smaphones

thats s one ofmessage t…"
215,"to release on november 



robo rajinikanth shankar akshaykumar"
216,rtpoint starring rajinikanth and akshaykumar is set to clash with sushantsinghrajput and saraalikhans kedarnath…
218,rtwhen words fail let the eyes do the talking heres the first song nainonebaandhi from gold …
219,"rtthe king of indian directors shankarwith the king of box office rajinikanth 
amp this cant get any better with an add…"
220,rtakshaykumar praises his onscreen wifeshares that tv actors work more hard…
222,rtgold song nainonebaandhi out now mouniroy is refreshing as a simple bengali wife to a very romantic akshaykumarhttp…
224,rtakshaykumar andset the house on fire as the perform an impromptu gig to the song monobina gold goldroyalce…
225,rtakshaykumar ampexude sizzling chemistry and they perform live to arkos song nainonebaandhi from gold at gol…
227,"rtrft• how many of u noticed the entire bird was made of smaphones

thats s one ofmessage t…"
228,rtakshaykumar thanksfor making a film on hockey and not cricket gold goldroyalcelebration…
229,rtgold is an impoant film for us and for the people to know what our past wasakshaykumar at goldroyalcelebration …
230,rtdirectorshares the transformation akshaykumar underwent to get into the character of tapan das for gold …
231,rtis known for his heroic blockbusters let’s wait amp watch if he manages to make it to the numberposition…
232,rajinikanth akshay kumarpointrelease date finalisednovdirected by shankar music by ar rahman…
233,"rtvideosir and others performing on ‘hum ghar layenge gold song from gold 



akshaykumar sir goldroy…"
234,"rtthe boys are back withtimes the fun shooting for housefull begins akshaykumar

 housefull begins

 …"
235,"rtpic the coach akshaykumar sir with the hockey team of



akshaykumar sir kunalkapoor amitsadh vickykaush…"
236,"‘’ to release on november 

akshaykumar rajnikanth point



"
237,"rt‘gold’ song nainonebaandhi ’s sizzling chemistry will make you fall in love

…"
238,rtsuperstar akshaykumar and debutantset the stage on fire at golds celebration in mumbai…
239,"rthousefullhas fetched a record prize for satellite amp digital
the prize ismore of any akshaykumar film 
this…"
240,rtblbestof choose your favourite actor in the first half ofvote nowakshaykumar ran…
241,rtpoint release onnovrajinikanth akshaykumar directed by shankar
242,"rtthis will no doubt come as a sign of muchneeded relief forandfans all over

…"
243,"rtgoofy pictures and crazy time
 tries to climb up the pole and jumped off at the airpo<U+653C><U+3E64><U+613C><U+3E30><U+623C><U+3E64><U+653C><U+3E64><U+623C><U+3E38><U+383C><U+3E32>
akshaykumar …"
244,rt‘nainonebaandhi’akshaykumar and mouniroy s romance will take you to ’s era…
245,"rtakshaykumar and mouniroy make the cutest couple in the golds song nainonebaandhi 

…"
246,"rtakki amp amy <U+653C><U+3E64><U+613C><U+3E30><U+623C><U+3E64><U+653C><U+3E64><U+623C><U+3E38><U+383C><U+3E64>
akshaykumar amyjackson"
247,rtmouniroy and akshaykumar at gold musical event
248,"rtcrowman on a rampage shankar sir vfx splendor pointfromnov

 rajinikanth akshaykumar atbb ahead …"
249,rtrajinikanth ’sakshaykumarto clash with sushantsinghrajputsaraalikhan’s kedarnath at the box office on nove…
251,rthis energy is unbeatable before ranveersingh there was always the original khiladi kumarwho is was se…
252,"rtthis is huge shankar officially announces points release date
superstarrajini akshaykumar amyjackson

…"
253,"rthousefullhas fetched a record prize for satellite amp digital
the prize ismore of any akshaykumar film 
this…"
254,"rtpoint release onnov

rajinikanth akshaykumar arrahman sarkar ngk…"
256,"rtpointfromnov
this is when the box office will be shattered
point will change the course of indian cinemati…"
257,"rtrft• how many of u noticed the entire bird was made of smaphones

thats s one ofmessage t…"
260,"novsoty
 novpoint 
 novkedarnath
 dectotaldhamaal

 daysmovie…"
261,"rthousefullhas fetched a record prize for satellite amp digital
the prize ismore of any akshaykumar film 
this…"
262,"rtcrowman on a rampage shankar sir vfx splendor pointfromnov

 rajinikanth akshaykumar atbb ahead …"
263,rtsave the date rajinikanthakshaykumar starrer point to release on novemberthis yearht…
265,"rtrft• how many of u noticed the entire bird was made of smaphones

thats s one ofmessage t…"
266,rthulaahoo thats the kinda vibe we feel looking at housefull gangwe cant wait for the mad trio riteshdeshmukh b…
267,"rtsave the date rajinikanth akshay kumarsaka enthiranwill release on this day

rajinikanth akshaykumar 

…"
268,"rtrft• how many of u noticed the entire bird was made of smaphones

thats s one ofmessage t…"
269,rthousefull stas filming begins todayjulysajid khan directs akshaykumar riteishdeshmukh bobbydeol s…
271,"rtrft• how many of u noticed the entire bird was made of smaphones

thats s one ofmessage t…"
272,"rtnew box office record on the way

pointfromnov point 
rajinikanth akshaykumar"
273,"rtrft• how many of u noticed the entire bird was made of smaphones

thats s one ofmessage t…"
274,"rtnew box office record on the way

pointfromnov point 
rajinikanth akshaykumar"
275,"rtthis will no doubt come as a sign of muchneeded relief forandfans all over

…"
276,rtakshaykumar and team sta shooting for housefull and bobby deol looks the happiest…
277,rtpicrevitalh new print ft khiladi akshaykumar sir
278,"rtcrowman on a rampage shankar sir vfx splendor pointfromnov

 rajinikanth akshaykumar atbb ahead …"
279,"rtmost famous superstar of india
salmankhan 
rajinikanth 
akshaykumar 
prabhas 

saaho goldtrailer sanju ranbir…"
280,"rtthis is huge shankar officially announces points release date
superstarrajini akshaykumar amyjackson

…"
281,"rtthis is huge shankar officially announces points release date
superstarrajini akshaykumar amyjackson

…"
282,"rthousefullhas fetched a record prize for satellite amp digital
the prize ismore of any akshaykumar film 
this…"
283,rtsave the date rajinikanthakshaykumar starrer point to release on novemberthis yearht…
284,"rtwho is the chanakya of bollywood here is the answer
chanakya akshaykumar 

 …"
285,"rtrft• how many of u noticed the entire bird was made of smaphones

thats s one ofmessage t…"
287,rtblbestof choose your favourite actor in the first half ofvote nowakshaykumar ran…
288,"rtrft• how many of u noticed the entire bird was made of smaphones

thats s one ofmessage t…"
289,"rtajaydevgn to play chanakya directed by neerajpandey akshaykumaryrf movie shelved 

bollywoodnews bollywoodupdates bo…"
290,"rtmost famous superstar of india
salmankhan 
rajinikanth 
akshaykumar 
prabhas 

saaho goldtrailer sanju ranbir…"
291,"rtmost famous superstar of india
salmankhan 
rajinikanth 
akshaykumar 
prabhas 

saaho goldtrailer sanju ranbir…"
293,"rtajaydevgn to play chanakya directed by neerajpandey akshaykumaryrf movie shelved 

bollywoodnews bollywoodupdates bo…"
294,"rtfinally got reply from my god akshaykumar<U+653C><U+3E64><U+613C><U+3E30><U+623C><U+3E64><U+653C><U+3E64><U+623C><U+3E38><U+383C><U+3E64><U+653C><U+3E64><U+613C><U+3E30><U+623C><U+3E64><U+653C><U+3E64><U+623C><U+3E38><U+393C><U+3E38><U+653C><U+3E64><U+613C><U+3E30><U+623C><U+3E64><U+653C><U+3E64><U+623C><U+3E38><U+393C><U+3E38>
thank you so much sir for making my bihday so much special <U+653C><U+3E64><U+613C><U+3E30><U+623C><U+3E64><U+653C><U+3E64><U+623C><U+3E38><U+383C><U+3E64><U+653C><U+3E64><U+613C><U+3E30><U+623C><U+3E64><U+653C><U+3E64><U+623C><U+3E38><U+393C><U+3E38>
bestbi…"
295,akshaykumar sir ka account hack hai kya
296,"rtwho is your favorite actor
retweet <U+653C><U+3E64><U+613C><U+3E30><U+623C><U+3E64><U+653C><U+3E64><U+623C><U+3E34><U+383C><U+3E34> akshaykumar 
like<U+653C><U+3E64><U+613C><U+3E30><U+623C><U+3E64><U+653C><U+3E64><U+623C><U+3E32><U+393C><U+3E37> ajaydevgan 
pointfromnov point chanakya a…"
297,"rtwho is your favorite actor
retweet <U+653C><U+3E64><U+613C><U+3E30><U+623C><U+3E64><U+653C><U+3E64><U+623C><U+3E34><U+383C><U+3E34> akshaykumar 
like<U+653C><U+3E64><U+613C><U+3E30><U+623C><U+3E64><U+653C><U+3E64><U+623C><U+3E32><U+393C><U+3E37> ajaydevgan 
pointfromnov point chanakya a…"
298,"rtajaydevgn to play chanakya directed by neerajpandey akshaykumaryrf movie shelved 

bollywoodnews bollywoodupdates bo…"
299,robotrelease date confirmedthnovrajinikanth akshaykumar
300,"rthousefullhas fetched a record prize for satellite amp digital
the prize ismore of a…"
301,"rtthalaivaramp s point gets a release datenovit is
shankarrajinik…"
302,"rtwho is your favorite
retweet <U+653C><U+3E64><U+613C><U+3E30><U+623C><U+3E64><U+653C><U+3E64><U+623C><U+3E34><U+383C><U+3E34> salmankhan 
like<U+653C><U+3E64><U+613C><U+3E30><U+623C><U+3E64><U+653C><U+3E64><U+623C><U+3E32><U+393C><U+3E37> aamirkhan 
thugsofhindostan housefull chanakya simmba…"
303,"breaking news 
diwali is postponed to nov
pointfromnov
shankar rajinikanth akshaykumar amyjackson…"
304,"rtcrowman on a rampage shankar sir vfx splendor pointfromnov

 rajinikanth akshaykumar atbb ahead …"
305,rtthe wait is over for‘s magnum opus superstarrajinikanth akshaykumarpoint releasi…
306,"rtrft• how many of u noticed the entire bird was made of smaphones

thats s one ofmessage t…"
308,"rtcrowman on a rampage shankar sir vfx splendor pointfromnov

 rajinikanth akshaykumar atbb ahead …"
309,"rtsave the date rajinikanth akshay kumarsaka enthiranwill release on this day

rajinikanth akshaykumar 

…"
311,"rtrft• how many of u noticed the entire bird was made of smaphones

thats s one ofmessage t…"
312,rtpoint starring rajinikanth and akshaykumar is set to clash with sushantsinghrajput and saraalikhans kedarnath…
313,"rtthe king of indian directors shankarwith the king of box office rajinikanth 
amp this cant get any better with an add…"
314,"housefullhas fetched a record prize for satellite amp digital
the prize ismore…"
316,"rtrft• how many of u noticed the entire bird was made of smaphones

thats s one ofmessage t…"
317,rtpoint starring rajinikanth and akshaykumar is set to clash with sushantsinghrajput and saraalikhans kedarnath…
318,"rtcrowman on a rampage shankar sir vfx splendor pointfromnov

 rajinikanth akshaykumar atbb ahead …"
319,"rtwho is the chanakya of bollywood here is the answer
chanakya akshaykumar 

 …"
321,"rtmost famous superstar of india
salmankhan 
rajinikanth 
akshaykumar 
prabhas 

saaho goldtrailer sanju ranbir…"
322,"rtrft• how many of u noticed the entire bird was made of smaphones

thats s one ofmessage t…"
323,rtpoint starring rajinikanth and akshaykumar is set to clash with sushantsinghrajput and saraalikhans kedarnath…
324,rtblbestof choose your favourite actor in the first half ofvote nowakshaykumar ran…
325,"rtrft• how many of u noticed the entire bird was made of smaphones

thats s one ofmessage t…"
326,"rtcrowman on a rampage shankar sir vfx splendor pointfromnov

 rajinikanth akshaykumar atbb ahead …"
328,rtblbestof choose your favourite actor in the first half ofvote nowakshaykumar ran…
329,"rtthis will no doubt come as a sign of muchneeded relief forandfans all over

…"
330,"rtrajinikanth and akshaykumar starrer point to hit screens on november

 

…"
331,rtsave the date rajinikanthakshaykumar starrer point to release on novemberthis yearht…
332,"rtajaydevgn to play chanakya directed by neerajpandey akshaykumaryrf movie shelved 

bollywoodnews bollywoodupdates bo…"
333,rtsave the date rajinikanthakshaykumar starrer point to release on novemberthis yearht…
334,"rtthis is huge shankar officially announces points release date
superstarrajini akshaykumar amyjackson

…"
335,"rtajaydevgn to play chanakya directed by neerajpandey akshaykumaryrf movie shelved 

bollywoodnews bollywoodupdates bo…"
336,"rthousefullhas fetched a record prize for satellite amp digital
the prize ismore of any akshaykumar film 
this…"
337,"rtmost famous superstar of india
salmankhan 
rajinikanth 
akshaykumar 
prabhas 

saaho goldtrailer sanju ranbir…"
338,"ajay devgan to play chanakya
ajaydevgan neerajpandey point akshaykumar sanju salmankhan zero srkmillion ranbir hrithikroshan"
339,"rthousefullhas fetched a record prize for satellite amp digital
the prize ismore of any akshaykumar film 
this…"
340,"rtthis will no doubt come as a sign of muchneeded relief forandfans all over

…"
341,"rtthis will no doubt come as a sign of muchneeded relief forandfans all over

…"
343,"rtrajinikanth and akshaykumar starrer point to hit screens on november

 

…"
344,"rtmost famous superstar of india
salmankhan 
rajinikanth 
akshaykumar 
prabhas 

saaho goldtrailer sanju ranbir…"
347,hip hip hurreythe most awaitedsir and s movie robotrelease date has been annou…
348,rtblbestof choose your favourite actor in the first half ofvote nowakshaykumar ran…
349,"who is the chanakya of bollywood here is the answer
chanakya akshaykumar 

"
350,rtpoint starring rajinikanth and akshaykumar is set to clash with sushantsinghrajput and saraalikhans kedarnath…
351,"rtmost famous superstar of india
salmankhan 
rajinikanth 
akshaykumar 
prabhas 

saaho goldtrailer sanju ranbir…"
352,"rthousefullhas fetched a record prize for satellite amp digital
the prize ismore of any akshaykumar film 
this…"
353,"rtrft• how many of u noticed the entire bird was made of smaphones

thats s one ofmessage t…"
354,rtpoint starring rajinikanth and akshaykumar is set to clash with sushantsinghrajput and saraalikhans kedarnath…
355,"rthousefullhas fetched a record prize for satellite amp digital
the prize ismore of any akshaykumar film 
this…"
356,"rta whopping rscrore thats how much is riding on shahrukhkhan aamirkhanakshaykumar 

…"
357,"rthousefullhas fetched a record prize for satellite amp digital
the prize ismore of any akshaykumar film 
this…"
358,"rtmagnum opus point on 

rajinikanth superstar akshaykumar amyjackson shankar arrahman lyca pointfrom…"
359,"rta whopping rscrore thats how much is riding on shahrukhkhan aamirkhanakshaykumar 

…"
360,rtrajinikanth ’sakshaykumarto clash with sushantsinghrajputsaraalikhan’s kedarnath at the box office on nove…
361,"rtmost famous superstar of india
salmankhan 
rajinikanth 
akshaykumar 
prabhas 

saaho goldtrailer sanju ranbir…"
362,"rtajaydevgn to play chanakya directed by neerajpandey akshaykumaryrf movie shelved 

bollywoodnews bollywoodupdates bo…"
363,"rthousefullhas fetched a record prize for satellite amp digital
the prize ismore of any akshaykumar film 
this…"
364,"rtrft• how many of u noticed the entire bird was made of smaphones

thats s one ofmessage t…"
365,"rtnew box office record on the way

pointfromnov point 
rajinikanth akshaykumar"
366,rtpoint rajinikanth akshaykumar
368,rtsave the date rajinikanthakshaykumar starrer point to release on novemberthis yearht…
369,"rtmost awaited announent is here 

point will hit the silverscreen on th nov 

godvsevil 

 …"
370,"rtgold lifetime
anything you feel
my expectations cr rt if uh agree
goldtrailer gold point goldroyalcele…"
371,rtpoint starring rajinikanth and akshaykumar is set to clash with sushantsinghrajput and saraalikhans kedarnath…
372,"rtrft• how many of u noticed the entire bird was made of smaphones

thats s one ofmessage t…"
373,"rtrft• how many of u noticed the entire bird was made of smaphones

thats s one ofmessage t…"
374,"rtpoint release onnov

rajinikanth akshaykumar arrahman sarkar ngk…"
375,"rtnew box office record on the way

pointfromnov point 
rajinikanth akshaykumar"
376,"rtrft• how many of u noticed the entire bird was made of smaphones

thats s one ofmessage t…"
377,rtpoint starring rajinikanth and akshaykumar is set to clash with sushantsinghrajput and saraalikhans kedarnath…
378,"rtrft• how many of u noticed the entire bird was made of smaphones

thats s one ofmessage t…"
379,"rthousefullhas fetched a record prize for satellite amp digital
the prize ismore of any akshaykumar film 
this…"
380,"rtajaydevgn to play chanakya directed by neerajpandey akshaykumaryrf movie shelved 

bollywoodnews bollywoodupdates bo…"
381,"rthousefullhas fetched a record prize for satellite amp digital
the prize ismore of any akshaykumar film 
this…"
383,"rtajaydevgn to play chanakya directed by neerajpandey akshaykumaryrf movie shelved 

bollywoodnews bollywoodupdates bo…"
385,rtpoint starring rajinikanth and akshaykumar is set to clash with sushantsinghrajput and saraalikhans kedarnath…
387,"rtmost famous superstar of india
salmankhan 
rajinikanth 
akshaykumar 
prabhas 

saaho goldtrailer sanju ranbir…"
388,"rtajaydevgn to play chanakya directed by neerajpandey akshaykumaryrf movie shelved 

bollywoodnews bollywoodupdates bo…"
389,rtpoint starring rajinikanth and akshaykumar is set to clash with sushantsinghrajput and saraalikhans kedarnath…
390,"rtthe eagel gonna land on novemberpoint <U+653C><U+3E64><U+613C><U+3E30><U+623C><U+3E64><U+653C><U+3E64><U+623C><U+3E34><U+613C><U+3E35> exciting <U+653C><U+3E64><U+613C><U+3E30><U+623C><U+3E64><U+653C><U+3E64><U+623C><U+3E32><U+393C><U+3E36><U+653C><U+3E64><U+613C><U+3E30><U+623C><U+3E64><U+653C><U+3E64><U+623C><U+3E32><U+393C><U+3E36><U+653C><U+3E64><U+613C><U+3E30><U+623C><U+3E64><U+653C><U+3E64><U+623C><U+3E38><U+383C><U+3E64><U+653C><U+3E64><U+613C><U+3E30><U+623C><U+3E64><U+653C><U+3E64><U+623C><U+3E38><U+383C><U+3E64>

shankarshanmugham rajinikanth akshaykumar arrahman…"
391,rtrajinikanth ’sakshaykumarto clash with sushantsinghrajputsaraalikhan’s kedarnath at the box office on nove…
392,"rtajaydevgn to play chanakya directed by neerajpandey akshaykumaryrf movie shelved 

bollywoodnews bollywoodupdates bo…"
393,point starring rajinikanth and akshaykumar is set to clash with sushantsinghrajput and saraalikhans…
394,"rtmost famous superstar of india
salmankhan 
rajinikanth 
akshaykumar 
prabhas 

saaho goldtrailer sanju ranbir…"
395,"rthousefullhas fetched a record prize for satellite amp digital
the prize ismore of any akshaykumar film 
this…"
397,"robot point rajinikanth
akshaykumar 
 wednesdaywisdom"
398,"rtajaydevgn to play chanakya directed by neerajpandey akshaykumaryrf movie shelved 

bollywoodnews bollywoodupdates bo…"
399,"rtrft• how many of u noticed the entire bird was made of smaphones

thats s one ofmessage t…"
400,"rtajaydevgn to play chanakya directed by neerajpandey akshaykumaryrf movie shelved 

bollywoodnews bollywoodupdates bo…"
402,"rthousefullhas fetched a record prize for satellite amp digital
the prize ismore of any akshaykumar film 
this…"
403,"rtthe king of indian directors shankarwith the king of box office rajinikanth 
amp this cant get any better with an add…"
404,"rtthis will no doubt come as a sign of muchneeded relief forandfans all over

…"
405,"rtajaydevgn to play chanakya directed by neerajpandey akshaykumaryrf movie shelved 

bollywoodnews bollywoodupdates bo…"
406,"rthousefullhas fetched a record prize for satellite amp digital
the prize ismore of any akshaykumar film 
this…"
407,"rtthis will no doubt come as a sign of muchneeded relief forandfans all over

…"
408,"rt bollybubble rajinikanth and akshaykumar starrer ‘’ finally has a release date

rajinikanth akshaykumar arr…"
409,"rtrft• how many of u noticed the entire bird was made of smaphones

thats s one ofmessage t…"
410,"rtwho is your favorite actor
retweet <U+653C><U+3E64><U+613C><U+3E30><U+623C><U+3E64><U+653C><U+3E64><U+623C><U+3E34><U+383C><U+3E34> akshaykumar 
like<U+653C><U+3E64><U+613C><U+3E30><U+623C><U+3E64><U+653C><U+3E64><U+623C><U+3E32><U+393C><U+3E37> ajaydevgan 
pointfromnov point chanakya a…"
411,"rtrft• how many of u noticed the entire bird was made of smaphones

thats s one ofmessage t…"
412,"rtwho is your favorite
retweet <U+653C><U+3E64><U+613C><U+3E30><U+623C><U+3E64><U+653C><U+3E64><U+623C><U+3E34><U+383C><U+3E34> …"
413,"rtajaydevgn to play chanakya directed by neerajpandey akshaykumaryrf movie shelved 

bollywoodnews bollywoodupdates bo…"
414,"rtmost famous superstar of india
salmankhan 
rajinikanth 
akshaykumar 
prabhas 

saaho goldtrailer sanju ranbir…"
415,rtblbestof choose your favourite actor in the first half ofvote nowakshaykumar ran…
416,"rthousefullhas fetched a record prize for satellite amp digital
the prize ismore of any akshaykumar film 
this…"
417,"rtajaydevgn to play chanakya directed by neerajpandey akshaykumaryrf movie shelved 

bollywoodnews bollywoodupdates bo…"
418,"find more on this tamil film herefollownow

salmankhan shahrukhkhan…"
419,"rtajaydevgn to play chanakya directed by neerajpandey akshaykumaryrf movie shelved 

bollywoodnews bollywoodupdates bo…"
420,"rajinikanth and akshaykumar starrer ‘’ finally has a release date

…"
421,"rtthis is huge shankar officially announces points release date
superstarrajini akshaykumar amyjackson

…"
422,"rtajaydevgn to play chanakya directed by neerajpandey akshaykumaryrf movie shelved 

bollywoodnews bollywoodupdates bo…"
423,"rtajaydevgn to play chanakya directed by neerajpandey akshaykumaryrf movie shelved 

bollywoodnews bollywoodupdates bo…"
424,"rtajaydevgn to play chanakya directed by neerajpandey akshaykumaryrf movie shelved 

bollywoodnews bollywoodupdates bo…"
425,"rt<U+0BB0><U+0B9C><U+0BBF><U+0BA9><U+0BBF><U+0BAF><U+0BBF><U+0BA9><U+0BCD> point <U+0BAA><U+0B9F><U+0BA4><U+0BCD><U+0BA4><U+0BBF><U+0BA9><U+0BCD> <U+0BB0><U+0BBF><U+0BB2><U+0BC0><U+0BB8><U+0BCD> <U+0BA4><U+0BC7><U+0BA4><U+0BBF> <U+0B85><U+0BB1><U+0BBF><U+0BB5><U+0BBF><U+0BAA><U+0BCD><U+0BAA><U+0BC1>


point


pointfromnov…"
426,"rthousefullhas fetched a record prize for satellite amp digital
the prize ismore of any akshaykumar film 
this…"
427,"rthousefullhas fetched a record prize for satellite amp digital
the prize ismore of any akshaykumar film 
this…"
428,"rtrft• how many of u noticed the entire bird was made of smaphones

thats s one ofmessage t…"
429,"rthousefullhas fetched a record prize for satellite amp digital
the prize ismore of any akshaykumar film 
this…"
430,"rtrft• how many of u noticed the entire bird was made of smaphones

thats s one ofmessage t…"
432,"rtajaydevgn to play chanakya directed by neerajpandey akshaykumaryrf movie shelved 

bollywoodnews bollywoodupdates bo…"
433,"rtthe king of indian directors shankarwith the king of box office rajinikanth 
amp this cant get any better with an add…"
434,"rtrft• how many of u noticed the entire bird was made of smaphones

thats s one ofmessage t…"
435,"akshaykumar and rajinikanth starrer point gets a releasedate
 
"
436,"housefullhas fetched a record prize for satellite amp digital
the prize ismore of any akshaykumar film 
t…"
437,"rtajaydevgn to play chanakya directed by neerajpandey akshaykumaryrf movie shelved 

bollywoodnews bollywoodupdates bo…"
438,"rtnew box office record on the way

pointfromnov point 
rajinikanth akshaykumar"
439,"rtajaydevgn to play chanakya directed by neerajpandey akshaykumaryrf movie shelved 

bollywoodnews bollywoodupdates bo…"
440,"rtajaydevgn to play chanakya directed by neerajpandey akshaykumaryrf movie shelved 

bollywoodnews bollywoodupdates bo…"
441,"rtajaydevgn to play chanakya directed by neerajpandey akshaykumaryrf movie shelved 

bollywoodnews bollywoodupdates bo…"
442,"rtajaydevgn to play chanakya directed by neerajpandey akshaykumaryrf movie shelved 

bollywoodnews bollywoodupdates bo…"
443,"rtajaydevgn to play chanakya directed by neerajpandey akshaykumaryrf movie shelved 

bollywoodnews bollywoodupdates bo…"
444,rtpointfromnov official point rajinikanth akshaykumar…
445,"rtmost awaited movie in 

point 
ngk
sarkar 
thevillain 

rajinikanth akshaykumar 
suriya 
thalapathyvijay…"
446,"rtthe king of indian directors shankarwith the king of box office rajinikanth 
amp this cant get any better with an add…"
447,"rtrelease posters


rajinikanth shankar akshaykumar"
448,"the king of indian directors shankarwith the king of box office rajinikanth 
amp this cant get any better with an…"
449,point pointfromnov jenilramani akshaykumarthis movie relelesing om…
450,"rtrft• how many of u noticed the entire bird was made of smaphones

thats s one ofmessage t…"
451,"rtpoint<U+653C><U+3E64><U+613C><U+3E30><U+623C><U+3E64><U+653C><U+3E64><U+623C><U+3E34><U+613C><U+3E35>biggest indian movie is finally coming<U+653C><U+3E64><U+613C><U+3E30><U+623C><U+3E64><U+653C><U+3E64><U+623C><U+3E34><U+613C><U+3E35>th november
director shankars point will now release on th nov…"
452,"rt‘’ <U+0C35><U+0C3F><U+0C21><U+0C41><U+0C26><U+0C32> <U+0C24><U+0C47><U+0C26><U+0C40> <U+0C16><U+0C30><U+0C3E><U+0C30><U+0C41> 


rajinikanth shankar akshaykumar"
454,"rta whopping rscrore thats how much is riding on shahrukhkhan aamirkhanakshaykumar 

…"
455,"rtnew box office record on the way

pointfromnov point 
rajinikanth akshaykumar"
458,rtrajinikanth ’sakshaykumarto clash with sushantsinghrajputsaraalikhan’s kedarnath at the box office on nove…
459,"rtrft• how many of u noticed the entire bird was made of smaphones

thats s one ofmessage t…"
460,"rtjustin point confirmed to hit the screens on th november 

rajinikanth akshaykumar amyjackson shankar arrah…"
461,"rtajaydevgn to play chanakya directed by neerajpandey akshaykumaryrf movie shelved 

bollywoodnews bollywoodupdates bo…"
462,"rtrajinikanth and akshaykumar starrer point to hit screens on november

 

…"
463,"rtsave the date rajinikanth akshay kumarsaka enthiranwill release on this day

rajinikanth akshaykumar 

…"
464,"rtrft• how many of u noticed the entire bird was made of smaphones

thats s one ofmessage t…"
465,"rtpointfromnov
this is when the box office will be shattered
point will change the course of indian cinemati…"
466,rtthe much awaitedandstarrer point gets a release datenovit is cantwait akshay…
467,"rtwho is your favorite hero 
like <U+653C><U+3E64><U+613C><U+3E30><U+623C><U+3E64><U+653C><U+3E64><U+623C><U+3E32><U+393C><U+3E36>
retweet <U+653C><U+3E64><U+613C><U+3E30><U+623C><U+3E64><U+653C><U+3E64><U+623C><U+3E34><U+383C><U+3E31>
commant <U+653C><U+3E64><U+613C><U+3E30><U+623C><U+3E64><U+653C><U+3E64><U+623C><U+3E34><U+613C><U+3E35>

hero sanju varundhawan sunnydeol ypdphirse akshaykumar g…"
468,"rtrft• how many of u noticed the entire bird was made of smaphones

thats s one ofmessage t…"
470,"<U+0905><U+0915><U+094D><U+0937><U+092F> <U+0915><U+0941><U+092E><U+093E><U+0930> <U+0914><U+0930> <U+0930><U+091C><U+0928><U+0940> <U+0915><U+093E><U+0902><U+0924> <U+0938><U+094D><U+091F><U+093E><U+0930><U+094D><U+0930><U+0930> <U+092B><U+093F><U+0932><U+094D><U+092E> ‘’ <U+0915><U+0940> <U+0930><U+093F><U+0932><U+0940><U+091C><U+093C> <U+0921><U+0947><U+091F> <U+0939><U+0941><U+0908> <U+0930><U+093F><U+0935><U+0940><U+0932> <U+0905><U+092C> <U+0939><U+094B><U+0917><U+093E> <U+092C><U+0949><U+0915><U+094D><U+0938> <U+0911><U+092B><U+093F><U+0938> <U+092A><U+0930> <U+0915><U+092C><U+094D><U+091C><U+093C><U+093E>
akshaykumar …"
471,"rtcrowman on a rampage shankar sir vfx splendor pointfromnov

 rajinikanth akshaykumar atbb ahead …"
472,rtsave the date rajinikanthakshaykumar starrer point to release on novemberthis yearht…
473,"rtrft• how many of u noticed the entire bird was made of smaphones

thats s one ofmessage t…"
476,"rtgold lifetime
anything you feel
my expectations cr rt if uh agree
goldtrailer gold point goldroyalcele…"
477,"rtrft• how many of u noticed the entire bird was made of smaphones

thats s one ofmessage t…"
478,"rtrajinikanth and akshaykumar starrer point to hit screens on november

 

…"
479,"rtgold lifetime
anything you feel
my expectations cr rt if uh agree
goldtrailer gold point goldroyalcele…"
480,"gold lifetime
anything you feel
my expectations cr rt if uh agree
goldtrailer gold point…"
482,"rtrft• how many of u noticed the entire bird was made of smaphones

thats s one ofmessage t…"
483,"rtwho is action king of bollywood

retweet <U+653C><U+3E64><U+613C><U+3E30><U+623C><U+3E64><U+653C><U+3E64><U+623C><U+3E34><U+383C><U+3E31>akshay kumar

like<U+653C><U+3E64><U+613C><U+3E30><U+623C><U+3E64><U+653C><U+3E64><U+623C><U+3E32><U+393C><U+3E66>salman khan

…"
484,"rtcrowman on a rampage shankar sir vfx splendor pointfromnov

 rajinikanth akshaykumar atbb ahead …"
485,rtthe much awaitedandstarrer point gets a release datenovit is cantwait akshay…
486,"rtrft• how many of u noticed the entire bird was made of smaphones

thats s one ofmessage t…"
487,"rtrft• how many of u noticed the entire bird was made of smaphones

thats s one ofmessage t…"
490,"rtcrowman on a rampage shankar sir vfx splendor pointfromnov

 rajinikanth akshaykumar atbb ahead …"
492,"rtrft• how many of u noticed the entire bird was made of smaphones

thats s one ofmessage t…"
493,rtthalaivarreturns pointfromnov rajinikanth akshaykumar
494,"ajaydevgn to play chanakya directed by neerajpandey akshaykumaryrf movie shelved 

bollywoodnews…"
