1,aliciakeys kellyclarkson aliciakeysbrasil kellyclarksonbramizade clubedopop
2,nowplaying aliciakeyslikethesea on music massageslowjams quietstorm radio
3,here at the homedepot you can get your keys copied even aliciakeys whoever did that needs a fist bump serious…
4,rtladefinisce eminem ladygaga beyoncé e aliciakeys come gli aisti di maggior impatto nel panorama musicale di q…
5,ladefinisce eminem ladygaga beyoncé e aliciakeys come gli aisti di maggior impatto nel panorama music…
6,"nowplaying aliciakeys 
"
7,rthace pocas horas cnn anuncio que lanzaría un documental dedicado a las personalidades mas impoantes en la música de los ú…
8,to celebrate my nd bihday i’m gonna upload a song everyday fordaysfeat…
9,of this selflove playlist has been in my mondaymotivation hustle playlist i made onthat becomes…
10,just when i think that algorithms amp ai will soon know everythingabout me twitter thinks i want to know that just…
11,rthace pocas horas cnn anuncio que lanzaría un documental dedicado a las personalidades mas impoantes en la música de los ú…
12,you know someone one minute and at the other you both are singing together it was nice doing this with you girl…
13,"rtanissa my mouth is on fire
mom that mouth is onn fiiiirrrrrrrreeeeeeeee 
aliciakeys"
14,rtvideografía de jackwhite porcompuso e interpreta la canción anotherwaytodie conaliciakeyspara el f…
15,rthace pocas horas cnn anuncio que lanzaría un documental dedicado a las personalidades mas impoantes en la música de los ú…
16,videografía de jackwhite porcompuso e interpreta la canción anotherwaytodie conaliciakeys …
17,rthace pocas horas cnn anuncio que lanzaría un documental dedicado a las personalidades mas impoantes en la música de los ú…
18,nytimes kingjames brunomars instagram narendramodi cnn mileycyrus niallofficial neymarjr drake…
19,"uh uh uh uh uuuuuhhh baby baby baby you don’t myyyy nameeeee
aliciakeys te amo"
20,rthace pocas horas cnn anuncio que lanzaría un documental dedicado a las personalidades mas impoantes en la música de los ú…
21,rthace pocas horas cnn anuncio que lanzaría un documental dedicado a las personalidades mas impoantes en la música de los ú…
22,rtnytimes kingjames brunomars instagram narendramodi cnn mileycyrus niallofficial neymarjr drake bbcbreaking s…
23,rthace pocas horas cnn anuncio que lanzaría un documental dedicado a las personalidades mas impoantes en la música de los ú…
24,nytimes kingjames brunomars instagram narendramodi cnn mileycyrus niallofficial neymarjr drake…
25,rthace pocas horas cnn anuncio que lanzaría un documental dedicado a las personalidades mas impoantes en la música de los ú…
26,rthace pocas horas cnn anuncio que lanzaría un documental dedicado a las personalidades mas impoantes en la música de los ú…
27,rthace pocas horas cnn anuncio que lanzaría un documental dedicado a las personalidades mas impoantes en la música de los ú…
28,rthace pocas horas cnn anuncio que lanzaría un documental dedicado a las personalidades mas impoantes en la música de los ú…
29,rthace pocas horas cnn anuncio que lanzaría un documental dedicado a las personalidades mas impoantes en la música de los ú…
30,hace pocas horas cnn anuncio que lanzaría un documental dedicado a las personalidades mas impoantes en la música…
31,nowplaying aliciakeysyoursecrets on music massageslowjams quietstorm radio
32,nice pics ofopening andlive onrooftop published bythis weekend s…
33,musicmonday aliciakeys womanswoh ladiesvalueyourselfa womans woh video…
34,i dont worry bc everythings gonna be alright noone by aliciakeysnowplaying
35,ihaveagoodfeelingabout our woh because we finally got our well deserved respect we will make it wohwhile wor…
36,harán una canción jbalvin y aliciakeys
37,coppoolkaraokepo laurenleggio po jasonmainoff aliciakeys gdny carpoolkaraoke
38,"when you accidentally made freestyle when someone special came into a surprise visit lt
miss dancing…"
39,have you heard ‘episode’ by mahogany vibes radio on soundcloudsabrinaclaudio lalahhathaway…
40,its an rampb type of nightjohnlegend anthonyhamilton aliciakeys
41,so sad so sexy swedish singer lykke li invites alicia kaliciakeys lykkeli mileycyrus
42,"rta h skyrockklassiks sur skyrock avec 
ce soir ntm aliciakeys sexiondassaut fugees drake lafouine …"
43,my fat ass always remix about food •• piano acoustic singersongwriter vocal aliciakeys food remix rnb…
44,while writing foreseenwith a touch i immediately knew what would be the perfect theme song for it come liste…
45,"rta h skyrockklassiks sur skyrock avec 
ce soir ntm aliciakeys sexiondassaut fugees drake lafouine …"
46,aliciakeys
47,"rta h skyrockklassiks sur skyrock avec 
ce soir ntm aliciakeys sexiondassaut fugees drake lafouine …"
48,"rta h skyrockklassiks sur skyrock avec 
ce soir ntm aliciakeys sexiondassaut fugees drake lafouine …"
49,"rta h skyrockklassiks sur skyrock avec 
ce soir ntm aliciakeys sexiondassaut fugees drake lafouine …"
50,"rta h skyrockklassiks sur skyrock avec 
ce soir ntm aliciakeys sexiondassaut fugees drake lafouine …"
51,"rta h skyrockklassiks sur skyrock avec 
ce soir ntm aliciakeys sexiondassaut fugees drake lafouine …"
52,"a h skyrockklassiks sur skyrock avec 
ce soir ntm aliciakeys sexiondassaut fugees drake…"
53,"broken heaered <U+653C><U+3E64><U+613C><U+3E30><U+623C><U+3E64><U+653C><U+3E64><U+623C><U+3E32><U+393C><U+3E34><U+653C><U+3E64><U+613C><U+3E30><U+623C><U+3E64><U+653C><U+3E64><U+623C><U+3E32><U+393C><U+3E34><U+653C><U+3E64><U+613C><U+3E30><U+623C><U+3E64><U+653C><U+3E64><U+623C><U+3E32><U+393C><U+3E34><U+653C><U+3E64><U+613C><U+3E30><U+623C><U+3E64><U+653C><U+3E64><U+623C><U+3E32><U+393C><U+3E34><U+653C><U+3E64><U+613C><U+3E30><U+623C><U+3E64><U+653C><U+3E64><U+623C><U+3E32><U+393C><U+3E34>

 

vunanga lebyi byi lava u tiyile handle ka swona

aliciakeys"
54,"“moment of honesty” aliciakeys unthinkable imready





a iga ignusic music cover…"
55,"“moment of honesty” aliciakeys unthinkable imready










cover song acapella…"
56,rnb soul janetjackson foxybrown mclyte sade brandy erykahbadu monica laurenhill aliciakeys wizdomphoenix
57,if any international superstar should be coming to the globalcitizen mandela charity conce it’s …
58,tearsalwayswinaliciakeys lyrics musicsunday sundaymusic
59,nowplaying aliciakeysunthinkableimready on music massageslowjams quietstorm radio
60,graciousamani is a beautiful soul – aliciakeys
61,"you can listen hereamp read more ather
singer…"
62,"eve ganstalovin aliciakeys 
evegangsta lovin feat alicia keysvia"
63,rtlol this is how my girl asks me out on dates aliciakeys
64,sho version from my latest cover of if i ain’t got you by alicia keys cover guitar aliciakeys ifiaintgotyou…
65,rtdroppin a singing video reaaaaal quick for the one time aliciakeys
66,"look around look around at how lucky we are to be alive right now

aliciakeys thehamiltonmixtape nowspinning …"
67,"she is just a girl but she is on fire alicia keys 
a look on an excelsior students awork
thisgirlisonfire…"
68,"rtaliciakeys wearing the printed versacechainreaction sneakers for her 

find yours now…"
69,lol this is how my girl asks me out on dates aliciakeys
70,now playing aliciakeysempirestateofmindpaiibrokendown on forever hits
71,rtif i aint got youalicia keys cover by ezotmyviaezotmy easyonthemayo progrock funk…
72,if i aint got youalicia keys cover by ezotmyviaezotmy easyonthemayo…
73,womsure alicia you definitively know what youre talking about being yourself an unapologetically wo…
74,concrete jungles where dreams are made of theres nothing you cant do now you are in new york aliciakeys…
75,seriously she just made me cry so good i love you alicia damn aliciakeys
76,rtspeechless i can’t believe i met my favorite singer thank youfor standing up for us immigrant childre…
77,"aliciakeysunthinkable 
will be putting up more covers and snippets of my sneaky out coming album stay tuned<U+2728>
i…"
78,newbeat diary prod by myself beats producer am key aliciakeys samplemoneyman
79,music inspiration remix hiphop vibe reggae next picoftheday video photooftheday drake jayz beyonce…
80,just think of me as the pages in your diaryaliciakeys diary
81,catchthetea alicia says she’s met her match with swizaliciakeys swizzbeatz cttboodup
82,rtwunschkonzealicia keys oder nelly fuado aliciakeys nellyfuado konze jazz pop filmfestival r…
83,actuellement en onde aliciakeysnoone sur radiomontreal
84,rtaliciakeys amp swizzbeatz twinnin’ ybfcoupledom
85,perfect song newyork aliciakeys thofjulythe crown atbowery
86,aliciakeys amp swizzbeatz twinnin’ ybfcoupledom
87,i forgot to mention a couple of names in my previous post hope you don’t mind as my head is all over the place lo…
88,aliciakeys is my favorite
89,look at this beutiful soul singing girl on fire aliciakeys
90,wunschkonzealicia keys oder nelly fuado aliciakeys nellyfuado konze jazz pop…
91,"rtaliciakeys announced the formation of a musicindustry group for female advancement called she is the music

the singer broke…"
92,beauty is aliciakeys when shes on top of the world or kerihilson in a music video tbh i feel the…
93,"rtaliciakeys announced the formation of a musicindustry group for female advancement called she is the music

the singer broke…"
94,now playing aliciakeysholy war onplayingnow nowplaying listen at
95,yes not settling for anymore shit expecting respect giving respect loving my life and living it for me…
96,"rtaliciakeys wearing the printed versacechainreaction sneakers for her 

find yours now…"
97,"playnow alicia keysif i aint got you 
cover by genine labis
cooee

music…"
98,"rtaliciakeys wearing the printed versacechainreaction sneakers for her 

find yours now…"
99,the sotd the song of the day drakefireworks featuring alicia keys drake aliciakeys fireworks thofjuly…
100,"alicia keys x keyshia cole x trey songz via 

aliciakeys keyshiacole treysongz randb legends"
101,"rtaliciakeys wearing the printed versacechainreaction sneakers for her 

find yours now…"
102,"rtaliciakeys wearing the printed versacechainreaction sneakers for her 

find yours now…"
103,‚i always want to stayfocused on who i am even as i‘m discovering whoiam ‚ aliciakeys joylengmodel…
104,rtalicia keys a été émue en voyant le reprise de son hitgirl on fire par gracious amani une kényane deans nofi…
105,"aliciakeys

inspiration"
106,now playing aliciakeystrysleepingwithabrokenhea on forever hits
107,wakey wakey americanhappythofjuly head toand vote for your fave starspangledbanner diva perfo…
108,"rtaliciakeys wearing the printed versacechainreaction sneakers for her 

find yours now…"
109,a few years ago celebrityperfumes was trending and someone posted “mashonda’s sheets by alicia keys” i thought…
110,rtspeechless i can’t believe i met my favorite singer thank youfor standing up for us immigrant childre…
111,alicia keys a été émue en voyant le reprise de son hitgirl on fire par gracious amani une kényane deans…
112,nytimes kingjames brunomars instagram narendramodi cnn mileycyrus niallofficial neymarjr drake…
113,"musica jbalvin publica una foto con aliciakeysestarán planeando crear una canción juntos
"
114,beauty is only skin deep and you can hear the beauty within the soul of her voicedont be nervous now…
115,votebeto votegopout thofjuly aliciakeys millennials resistance midterms flipitblue
116,"this just in
celebrities such as americaferrera linmanuelmiranda amp aliciakeys march for illegal immigrant…"
117,"um tanto rouca <U+653C><U+3E64><U+613C><U+3E30><U+623C><U+3E64><U+653C><U+3E64><U+623C><U+3E38><U+383C><U+3E62>
bom dia



trecho
aliciakeys
ifiaintgotyou"
118,"rtgirl on fire
aliciakeys metoo"
119,hello tuesday let’s go with aliciakeys amp johnmayerif i aint got yougravitybrilliantlytalented
120,knowyour bassplayerpink christinaaguilera celinedion aliciakeys …
121,nowplaying aliciakeysprayforforgiveness on music massageslowjams quietstorm radio
122,aliciakeys
123,alicia keys and america ferrera took the stage together to give emotional speeches which touched on the reasons th…
124,rtyung nararamdaman ba ng admu fans about cuaresma at nu eh yung naramdaman ng ust fans kay valdez at admu hahahahahaha …
125,nowplaying aliciakeysdistanceandtime on music massageslowjams quietstorm radio
126,tbt to whenand beyonce hung out aliciakeys beyonce nickiminaj tbt throwbacktuesday…
127,rtspeechless i can’t believe i met my favorite singer thank youfor standing up for us immigrant childre…
128,rtmakeup free monday featuring the beautiful alicia keys her nomakeup movement has inspired selflove and selfempowerment am…
129,makeup free monday featuring the beautiful alicia keys her nomakeup movement has inspired selflove and selfempo…
130,love this woman and all she stands for aliciakeys princetribute
131,aliciakeys
132,moodmusic aliciakeys likeyoullneverseemeagain goodmusic realmusic
133,"random moment of wonder on the train
ifiaintgotyou aliciakeysnew york new york"
134,"psaspeaks 
aliciakeysfamiliesbelongtogether nojusticenopeace justiceforjunior…"
135,aliciakeys brought her son egypt with her to the familiesbelongtogether rally in washington dc…
136,aliciakeys awomanswoh bbc newsalicia keys joins thousands protesting trumps migration policies
137,rtspeechless i can’t believe i met my favorite singer thank youfor standing up for us immigrant childre…
138,rtspeechless i can’t believe i met my favorite singer thank youfor standing up for us immigrant childre…
139,where’s the outrage alicia keys hypocrisy aliciakeys
140,"finding more a today springcleaning
x
music tiles
marker coloredpencil
 each comes framed
dm if inte…"
141,rtspeechless i can’t believe i met my favorite singer thank youfor standing up for us immigrant childre…
142,rtspeechless i can’t believe i met my favorite singer thank youfor standing up for us immigrant childre…
143,rtspeechless i can’t believe i met my favorite singer thank youfor standing up for us immigrant childre…
144,rtprotest song linmanuelmiranda sang a lullaby at the familiesbelongtogether protest in washingtonaliciakeys and…
145,rtprotest song linmanuelmiranda sang a lullaby at the familiesbelongtogether protest in washingtonaliciakeys and…
146,protest song linmanuelmiranda sang a lullaby at the familiesbelongtogether protest in washingtonaliciakeys a…
147,now playing aliciakeysempirestateofmindpaiibrokendown on forever hits
148,rtspeechless i can’t believe i met my favorite singer thank youfor standing up for us immigrant childre…
149,"sometimes i love ya
sometimes you make me blue
sometimes i feel good
at times i feel used
lovin you darlin
makes m…"
150,"<U+653C><U+3E64><U+613C><U+3E30><U+623C><U+3E63><U+653C><U+3E64><U+623C><U+3E65><U+613C><U+3E34><U+653C><U+3E64><U+613C><U+3E30><U+623C><U+3E63><U+653C><U+3E64><U+623C><U+3E65><U+623C><U+3E39><U+653C><U+3E64><U+613C><U+3E30><U+623C><U+3E63><U+653C><U+3E64><U+623C><U+3E65><U+623C><U+3E36>
photo by
reedcollege reunions talentshow vocalist singer keys piano aliciakeys…"
151,"leditodesteevy 
 ce weekendaliciakeys a paicipé à un événement afin de soutenir les familles de migrants…"
152,rtspeechless i can’t believe i met my favorite singer thank youfor standing up for us immigrant childre…
153,"rt<U+304A><U+306F><U+3088><U+3046><U+3054><U+3056><U+3044><U+307E><U+3059><U+2728>
<U+671D><U+304B><U+3089><U+6691><U+3044><U+3067><U+3059><U+306D><U+30FC><U+30FC>!<U+653C><U+3E64><U+613C><U+3E30><U+623C><U+3E64><U+653C><U+3E64><U+623C><U+3E38><U+623C><U+3E35><U+653C><U+3E64><U+613C><U+3E30><U+623C><U+3E64><U+653C><U+3E64><U+623C><U+3E32><U+613C><U+3E36>
<U+6C34><U+5206><U+88DC><U+7D66><U+3092><U+5FD8><U+308C><U+305A><U+306B><U+4ECA><U+65E5><U+3082><U+4E00><U+65E5><U+9811><U+5F35><U+308A><U+307E><U+3057><U+3087><U+653C><U+3E64><U+613C><U+3E30><U+623C><U+3E63><U+653C><U+3E64><U+623C><U+3E65><U+623C><U+3E36>

<U+6628><U+65E5>instatv<U+306B><U+8F09><U+305B><U+305F><U+306E><U+3067><U+3059><U+304C><U+3001><U+3053><U+3061><U+3089><U+306B><U+3082><U+8F09><U+305B><U+3061><U+3083><U+304A>!<U+5148><U+65E5><U+306E><U+30E9><U+30A4><U+30D6><U+304B><U+3089>alicia keys<U+306E>superwoman<U+3092><U+5C11><U+3057><U+3060><U+3051><U+653C><U+3E64><U+613C><U+3E30><U+623C><U+3E63><U+653C><U+3E64><U+623C><U+3E65><U+623C><U+3E39><U+5927><U+597D><U+304D><U+306A><U+66F2><U+3067><U+3059><U+2764><U+FE0F>…"
154,rtget the word out nevada does not want a pimp in the legislaturethe girl is on fire suppo lesia romanov for nv asse…
155,"concrete jungle wet dream tomatooooo 
——
newyorkcity concretejungle aliciakeys empirestateofmind yankees…"
156,rtspeechless i can’t believe i met my favorite singer thank youfor standing up for us immigrant childre…
157,rtspeechless i can’t believe i met my favorite singer thank youfor standing up for us immigrant childre…
158,rtspeechless i can’t believe i met my favorite singer thank youfor standing up for us immigrant childre…
159,rtspeechless i can’t believe i met my favorite singer thank youfor standing up for us immigrant childre…
160,rtspeechless i can’t believe i met my favorite singer thank youfor standing up for us immigrant childre…
161,rtspeechless i can’t believe i met my favorite singer thank youfor standing up for us immigrant childre…
162,rtspeechless i can’t believe i met my favorite singer thank youfor standing up for us immigrant childre…
163,rtspeechless i can’t believe i met my favorite singer thank youfor standing up for us immigrant childre…
164,rtspeechless i can’t believe i met my favorite singer thank youfor standing up for us immigrant childre…
165,rtspeechless i can’t believe i met my favorite singer thank youfor standing up for us immigrant childre…
166,rtspeechless i can’t believe i met my favorite singer thank youfor standing up for us immigrant childre…
167,rnb soul janetjackson foxybrown mclyte sade brandy erykahbadu monica laurenhill aliciakeys wizdomphoenix
168,rtspeechless i can’t believe i met my favorite singer thank youfor standing up for us immigrant childre…
169,rtspeechless i can’t believe i met my favorite singer thank youfor standing up for us immigrant childre…
170,rtspeechless i can’t believe i met my favorite singer thank youfor standing up for us immigrant childre…
171,"hi haters 
 aliciakeys nickiminaj beyonce queen otr"
172,rtspeechless i can’t believe i met my favorite singer thank youfor standing up for us immigrant childre…
173,rtspeechless i can’t believe i met my favorite singer thank youfor standing up for us immigrant childre…
174,"rthappy bihday missyelliott 
 albums 
 movies 
 television show appearances 
co headline tours with janetjackson emine…"
175,rtspeechless i can’t believe i met my favorite singer thank youfor standing up for us immigrant childre…
176,"happy bihday missyelliott 
 albums 
 movies 
 television show appearances 
co headline tours with…"
177,rtspeechless i can’t believe i met my favorite singer thank youfor standing up for us immigrant childre…
178,rtspeechless i can’t believe i met my favorite singer thank youfor standing up for us immigrant childre…
179,rtspeechless i can’t believe i met my favorite singer thank youfor standing up for us immigrant childre…
180,rtspeechless i can’t believe i met my favorite singer thank youfor standing up for us immigrant childre…
181,rtspeechless i can’t believe i met my favorite singer thank youfor standing up for us immigrant childre…
182,rtspeechless i can’t believe i met my favorite singer thank youfor standing up for us immigrant childre…
183,rtspeechless i can’t believe i met my favorite singer thank youfor standing up for us immigrant childre…
184,rtspeechless i can’t believe i met my favorite singer thank youfor standing up for us immigrant childre…
185,rtspeechless i can’t believe i met my favorite singer thank youfor standing up for us immigrant childre…
186,rtspeechless i can’t believe i met my favorite singer thank youfor standing up for us immigrant childre…
187,rtspeechless i can’t believe i met my favorite singer thank youfor standing up for us immigrant childre…
188,rtspeechless i can’t believe i met my favorite singer thank youfor standing up for us immigrant childre…
189,rtspeechless i can’t believe i met my favorite singer thank youfor standing up for us immigrant childre…
190,rtspeechless i can’t believe i met my favorite singer thank youfor standing up for us immigrant childre…
191,rtspeechless i can’t believe i met my favorite singer thank youfor standing up for us immigrant childre…
192,rtspeechless i can’t believe i met my favorite singer thank youfor standing up for us immigrant childre…
193,rtspeechless i can’t believe i met my favorite singer thank youfor standing up for us immigrant childre…
194,rtspeechless i can’t believe i met my favorite singer thank youfor standing up for us immigrant childre…
195,rtspeechless i can’t believe i met my favorite singer thank youfor standing up for us immigrant childre…
196,hope you like this i hope you see thisi would love to send it to you aliciakeys…
197,rtspeechless i can’t believe i met my favorite singer thank youfor standing up for us immigrant childre…
198,rtspeechless i can’t believe i met my favorite singer thank youfor standing up for us immigrant childre…
199,rtspeechless i can’t believe i met my favorite singer thank youfor standing up for us immigrant childre…
200,rtspeechless i can’t believe i met my favorite singer thank youfor standing up for us immigrant childre…
201,wellits been a while i posted but things still running as usual so my peoplewho do you think this celebrity i…
202,rtspeechless i can’t believe i met my favorite singer thank youfor standing up for us immigrant childre…
203,"letspractice aliciakeysif i aint got you 

th floor sessionpractice time"
204,rtspeechless i can’t believe i met my favorite singer thank youfor standing up for us immigrant childre…
205,rtspeechless i can’t believe i met my favorite singer thank youfor standing up for us immigrant childre…
206,rtspeechless i can’t believe i met my favorite singer thank youfor standing up for us immigrant childre…
207,rtspeechless i can’t believe i met my favorite singer thank youfor standing up for us immigrant childre…
208,rtspeechless i can’t believe i met my favorite singer thank youfor standing up for us immigrant childre…
209,rtspeechless i can’t believe i met my favorite singer thank youfor standing up for us immigrant childre…
210,rtspeechless i can’t believe i met my favorite singer thank youfor standing up for us immigrant childre…
211,rtspeechless i can’t believe i met my favorite singer thank youfor standing up for us immigrant childre…
212,rtspeechless i can’t believe i met my favorite singer thank youfor standing up for us immigrant childre…
213,rtspeechless i can’t believe i met my favorite singer thank youfor standing up for us immigrant childre…
214,rtspeechless i can’t believe i met my favorite singer thank youfor standing up for us immigrant childre…
215,rtspeechless i can’t believe i met my favorite singer thank youfor standing up for us immigrant childre…
216,rtspeechless i can’t believe i met my favorite singer thank youfor standing up for us immigrant childre…
217,rtspeechless i can’t believe i met my favorite singer thank youfor standing up for us immigrant childre…
218,rtspeechless i can’t believe i met my favorite singer thank youfor standing up for us immigrant childre…
219,rtspeechless i can’t believe i met my favorite singer thank youfor standing up for us immigrant childre…
220,rtspeechless i can’t believe i met my favorite singer thank youfor standing up for us immigrant childre…
221,rtspeechless i can’t believe i met my favorite singer thank youfor standing up for us immigrant childre…
222,rtspeechless i can’t believe i met my favorite singer thank youfor standing up for us immigrant childre…
223,rtspeechless i can’t believe i met my favorite singer thank youfor standing up for us immigrant childre…
224,rtspeechless i can’t believe i met my favorite singer thank youfor standing up for us immigrant childre…
225,rtspeechless i can’t believe i met my favorite singer thank youfor standing up for us immigrant childre…
226,rtspeechless i can’t believe i met my favorite singer thank youfor standing up for us immigrant childre…
227,rtspeechless i can’t believe i met my favorite singer thank youfor standing up for us immigrant childre…
228,rtspeechless i can’t believe i met my favorite singer thank youfor standing up for us immigrant childre…
229,rtspeechless i can’t believe i met my favorite singer thank youfor standing up for us immigrant childre…
230,rtspeechless i can’t believe i met my favorite singer thank youfor standing up for us immigrant childre…
231,rtspeechless i can’t believe i met my favorite singer thank youfor standing up for us immigrant childre…
232,rtspeechless i can’t believe i met my favorite singer thank youfor standing up for us immigrant childre…
233,rtspeechless i can’t believe i met my favorite singer thank youfor standing up for us immigrant childre…
234,rtspeechless i can’t believe i met my favorite singer thank youfor standing up for us immigrant childre…
235,rtspeechless i can’t believe i met my favorite singer thank youfor standing up for us immigrant childre…
236,rtspeechless i can’t believe i met my favorite singer thank youfor standing up for us immigrant childre…
237,rtspeechless i can’t believe i met my favorite singer thank youfor standing up for us immigrant childre…
238,rtspeechless i can’t believe i met my favorite singer thank youfor standing up for us immigrant childre…
239,rtspeechless i can’t believe i met my favorite singer thank youfor standing up for us immigrant childre…
240,rtspeechless i can’t believe i met my favorite singer thank youfor standing up for us immigrant childre…
241,rtspeechless i can’t believe i met my favorite singer thank youfor standing up for us immigrant childre…
242,rtspeechless i can’t believe i met my favorite singer thank youfor standing up for us immigrant childre…
243,rtspeechless i can’t believe i met my favorite singer thank youfor standing up for us immigrant childre…
244,rtspeechless i can’t believe i met my favorite singer thank youfor standing up for us immigrant childre…
245,rtspeechless i can’t believe i met my favorite singer thank youfor standing up for us immigrant childre…
246,rtspeechless i can’t believe i met my favorite singer thank youfor standing up for us immigrant childre…
247,rtspeechless i can’t believe i met my favorite singer thank youfor standing up for us immigrant childre…
248,rtspeechless i can’t believe i met my favorite singer thank youfor standing up for us immigrant childre…
249,rtspeechless i can’t believe i met my favorite singer thank youfor standing up for us immigrant childre…
250,rtspeechless i can’t believe i met my favorite singer thank youfor standing up for us immigrant childre…
251,rtspeechless i can’t believe i met my favorite singer thank youfor standing up for us immigrant childre…
252,rtspeechless i can’t believe i met my favorite singer thank youfor standing up for us immigrant childre…
253,rtspeechless i can’t believe i met my favorite singer thank youfor standing up for us immigrant childre…
254,rtspeechless i can’t believe i met my favorite singer thank youfor standing up for us immigrant childre…
255,rtcnnsotudemocrats put targets on ice just like they did to our policedemocrats want a lawless drug infested society while…
256,rtspeechless i can’t believe i met my favorite singer thank youfor standing up for us immigrant childre…
257,rtspeechless i can’t believe i met my favorite singer thank youfor standing up for us immigrant childre…
258,rtspeechless i can’t believe i met my favorite singer thank youfor standing up for us immigrant childre…
259,rtspeechless i can’t believe i met my favorite singer thank youfor standing up for us immigrant childre…
260,rtspeechless i can’t believe i met my favorite singer thank youfor standing up for us immigrant childre…
261,rtcnnsotudemocrats put targets on ice just like they did to our policedemocrats want a lawless drug infested society while…
262,rtspeechless i can’t believe i met my favorite singer thank youfor standing up for us immigrant childre…
263,cnnsotudemocrats put targets on ice just like they did to our policedemocrats want a lawless drug infested soc…
264,rtspeechless i can’t believe i met my favorite singer thank youfor standing up for us immigrant childre…
265,rtspeechless i can’t believe i met my favorite singer thank youfor standing up for us immigrant childre…
266,rtspeechless i can’t believe i met my favorite singer thank youfor standing up for us immigrant childre…
267,rtspeechless i can’t believe i met my favorite singer thank youfor standing up for us immigrant childre…
268,familiesbelongtogethermarch familiesbelongtogether aliciakeys sundaymotivation
269,rtspeechless i can’t believe i met my favorite singer thank youfor standing up for us immigrant childre…
270,rtspeechless i can’t believe i met my favorite singer thank youfor standing up for us immigrant childre…
271,"rtme your music 
her your preaching 

things that come together in the work 
aliciakeys"
272,rtspeechless i can’t believe i met my favorite singer thank youfor standing up for us immigrant childre…
273,rtspeechless i can’t believe i met my favorite singer thank youfor standing up for us immigrant childre…
274,rtspeechless i can’t believe i met my favorite singer thank youfor standing up for us immigrant childre…
275,rtspeechless i can’t believe i met my favorite singer thank youfor standing up for us immigrant childre…
276,rtspeechless i can’t believe i met my favorite singer thank youfor standing up for us immigrant childre…
277,rtspeechless i can’t believe i met my favorite singer thank youfor standing up for us immigrant childre…
278,rtspeechless i can’t believe i met my favorite singer thank youfor standing up for us immigrant childre…
279,rtspeechless i can’t believe i met my favorite singer thank youfor standing up for us immigrant childre…
280,"girl on fire
aliciakeys metoo"
281,rtspeechless i can’t believe i met my favorite singer thank youfor standing up for us immigrant childre…
282,rtspeechless i can’t believe i met my favorite singer thank youfor standing up for us immigrant childre…
283,rtspeechless i can’t believe i met my favorite singer thank youfor standing up for us immigrant childre…
284,rtspeechless i can’t believe i met my favorite singer thank youfor standing up for us immigrant childre…
285,rtspeechless i can’t believe i met my favorite singer thank youfor standing up for us immigrant childre…
286,rtspeechless i can’t believe i met my favorite singer thank youfor standing up for us immigrant childre…
287,rtspeechless i can’t believe i met my favorite singer thank youfor standing up for us immigrant childre…
288,rtspeechless i can’t believe i met my favorite singer thank youfor standing up for us immigrant childre…
289,rtspeechless i can’t believe i met my favorite singer thank youfor standing up for us immigrant childre…
290,rtspeechless i can’t believe i met my favorite singer thank youfor standing up for us immigrant childre…
291,rtspeechless i can’t believe i met my favorite singer thank youfor standing up for us immigrant childre…
292,rtspeechless i can’t believe i met my favorite singer thank youfor standing up for us immigrant childre…
293,rtspeechless i can’t believe i met my favorite singer thank youfor standing up for us immigrant childre…
294,rtspeechless i can’t believe i met my favorite singer thank youfor standing up for us immigrant childre…
295,rtspeechless i can’t believe i met my favorite singer thank youfor standing up for us immigrant childre…
296,rtspeechless i can’t believe i met my favorite singer thank youfor standing up for us immigrant childre…
297,rtspeechless i can’t believe i met my favorite singer thank youfor standing up for us immigrant childre…
298,rtspeechless i can’t believe i met my favorite singer thank youfor standing up for us immigrant childre…
299,rtspeechless i can’t believe i met my favorite singer thank youfor standing up for us immigrant childre…
300,rtspeechless i can’t believe i met my favorite singer thank youfor standing up for us immigrant childre…
301,rtspeechless i can’t believe i met my favorite singer thank youfor standing up for us immigrant childre…
302,rtspeechless i can’t believe i met my favorite singer thank youfor standing up for us immigrant childre…
303,rtspeechless i can’t believe i met my favorite singer thank youfor standing up for us immigrant childre…
304,rtspeechless i can’t believe i met my favorite singer thank youfor standing up for us immigrant childre…
305,back with another onelove is unlimited like the colors in a a piece aliciakeys grafittia…
306,rtspeechless i can’t believe i met my favorite singer thank youfor standing up for us immigrant childre…
307,rtspeechless i can’t believe i met my favorite singer thank youfor standing up for us immigrant childre…
308,rtspeechless i can’t believe i met my favorite singer thank youfor standing up for us immigrant childre…
309,rtspeechless i can’t believe i met my favorite singer thank youfor standing up for us immigrant childre…
310,rtspeechless i can’t believe i met my favorite singer thank youfor standing up for us immigrant childre…
311,rtspeechless i can’t believe i met my favorite singer thank youfor standing up for us immigrant childre…
312,rtspeechless i can’t believe i met my favorite singer thank youfor standing up for us immigrant childre…
313,rtspeechless i can’t believe i met my favorite singer thank youfor standing up for us immigrant childre…
314,rtspeechless i can’t believe i met my favorite singer thank youfor standing up for us immigrant childre…
315,rtspeechless i can’t believe i met my favorite singer thank youfor standing up for us immigrant childre…
