1,wednesdaywisdom steelpulse fans barackobama song memories to enjoy sidmills spimusicinc
2,ajitpais fcc doesnt want to hear your complaints unless you pay thembarackobama
3,rtthe maps of israeli settlements that shocked barackobama israel
4,letterobamas ’s significant visit in southafrica next weekvia…
5,rtbarack obama will next week give a speech which he views as the most impoant since leaving the white house …
6,barack obama will next week give a speech which he views as the most impoant since leaving the white house…
7,rtrussiaobamagatebarackobama hillaryclinton deepstate fbicorruptionrosenstein andrewweissma…
8,rtremember when barackobamapromised the truth abt the us dronestrike which killed giovannilopoo today we revealed how t…
9,rtthe maps of israeli settlements that shocked barackobama israel
10,russia clintonemailsbarackobama hillaryclinton fbicorruption peterstrzok lisapage…
11,don’t agree on the ‘experience’ pa barackobama was a ussenator ilsenator harvardsfinest civilrights attorne…
12,rtallowing men into womens bathrooms or giving our enemy iran billions of dollars gacandidates votegop gavoters geor…
13,russia clintonemailsbarackobama hillaryclinton fbicorruption peterstrzok lisapage…
14,after eight years and two terms in office president barack obamas foreign policy team spent their final year scra…
15,russia clintonemailsbarackobama hillaryclinton fbicorruption peterstrzok lisapage…
16,russia clintonemailsbarackobama hillaryclinton dojcorruption fbicorruption comey …
17,limbaugh dems made critical error under obamasupremecou ruthginsburg barackobama president…
18,russia clintonemailsbarackobama hillaryclinton fbicorruption oconuslures spygate fisagate…
19,russia clintonemailsbarackobama hillaryclinton fbicorruption oconuslures spygate fisagate…
20,russia clintonemailsbarackobama hillaryclinton fbicorruption oconuslures spygate fisagate…
21,russia clintonemailsbarackobama hillaryclinton fbicorruption oconuslures spygate fisagate…
22,russia clintonemailsbarackobama hillaryclinton fbicorruption oconuslures spygate fisagate…
23,russia clintonemailsbarackobama hillaryclinton fbicorruption oconuslures spygate fisagate…
24,russia clintonemailsbarackobama hillaryclinton fbicorruption oconuslures spygate fisagate…
25,russia clintonemailsbarackobama hillaryclinton fbicorruption oconuslures spygate fisagate…
26,russia clintonemailsbarackobama hillaryclinton fbicorruption oconuslures spygate …
27,rtrussiaobamagatebarackobama hillaryclinton deepstate fbicorruptionrosenstein andrewweissma…
28,russiaobamagatebarackobama hillaryclinton deepstate fbicorruptionrosenstein…
29,"rtarrestobama 
obamagate 
fisagate 
barackobama 
corruption 
treason 
scandalous 
daca 
tictocnews 
narcissist 
th…"
30,russiaobamagatebarackobama hillaryclinton deepstate fbicorruptionrosenstein…
31,russiaobamagatebarackobama hillaryclinton deepstate fbicorruptionrosenstein…
32,russiaobamagatebarackobama hillaryclinton deepstate fbicorruptionrosenstein…
33,russiaobamagatebarackobama hillaryclinton deepstate fbicorruptionrosenstein…
34,russiaobamagatebarackobama hillaryclinton deepstate fbicorruptionrosenstein…
35,russiaobamagatebarackobama fbicorruption fusiongps markwarner diannefeinstein…
36,russiaobamagatebarackobama fbicorruption fusiongps markwarner diannefeinstein…
37,russiaobamagatebarackobama fbicorruption fusiongps markwarner diannefeinstein…
38,there is no use in dwelling in the past but we can learn from it right esp for those of you who seem to have fogge…
39,ready for michelleobama’s book in november barackobama’s to follow then we are going to be seeing them on…
40,rtallowing men into womens bathrooms or giving our enemy iran billions of dollars gacandidates votegop gavoters geor…
41,russiaobamagatebarackobama fbicorruption fusiongps markwarner diannefeinstein…
42,rtrussiaobamagatebarackobama hillaryclinton fbicorruption fusiongps markwarner diannefeinstein…
43,russiaobamagatebarackobama hillaryclinton fbicorruption fusiongps markwarner…
44,rtremember when barackobamapromised the truth abt the us dronestrike which killed giovannilopoo today we revealed how t…
45,rtaboutstrzokso here is the questiondid the jesuit priest jamesstrzok uncle of peterstrzok discover bar…
46,russiaobamagatebarackobama hillaryclinton deepstate fbicorruption markwarner richardburr…
47,"reminder barackobama nominatedscotus justices in his firstyears as president
gop could have filibustered…"
48,barackobamahi can u help us out by speakingout and up more
49,rtallowing men into womens bathrooms or giving our enemy iran billions of dollars gacandidates votegop gavoters geor…
50,rtaboutstrzok odd barackobama is repoed to been mentored when in chicago by the jesuit priest gregory galluzzo…
51,russiaobamagatebarackobama hillaryclinton deepstate fbicorruption…
52,russiaobamagatebarackobama hillaryclinton sallyyates scottschools comey mueller …
53,russiaobamagatebarackobama hillaryclinton sallyyates scottschools comey mueller …
55,amphave confirmed that vladimirputin conspired with barackobama amp…
56,senator mcconnell cannot legally refuse hearings its the senates respo…
57,rtallowing men into womens bathrooms or giving our enemy iran billions of dollars gacandidates votegop gavoters geor…
58,"rtrthave finish this 

pen magic 
my name is ennock mlangeni you dont know me yet 
abyennock a djs…"
59,rtallowing men into womens bathrooms or giving our enemy iran billions of dollars gacandidates votegop gavoters geor…
60,wndthe eight years that barackobama served as president unitedstates
61,rtallowing men into womens bathrooms or giving our enemy iran billions of dollars gacandidates votegop gavoters geor…
62,limbaugh dems made critical error under obamasupremecou ruthginsburg barackobama president…
63,rtallowing men into womens bathrooms or giving our enemy iran billions of dollars gacandidates votegop gavoters geor…
64,rtallowing men into womens bathrooms or giving our enemy iran billions of dollars gacandidates votegop gavoters geor…
65,por qué barack obama tomó tantas precauciones para que no le fotografiaran en madrid españa eeuu barackobama
66,could have nominated the entire thcircuit barackobama hillaryclinton or billclinton and the…
67,rtdear lord how i miss that man homeofthebrave barackobama thosewerethedays
68,rtremember when barackobamapromised the truth abt the us dronestrike which killed giovannilopoo today we revealed how t…
69,rtallowing men into womens bathrooms or giving our enemy iran billions of dollars gacandidates votegop gavoters geor…
70,rtthey don’t seem to mention the fact that thomas r frieden was the nyc health commissioner at that time that’s strange…
71,rtthe primary care information project in nyc was the “model” headed by dr farzad mostashari an assistant commissioner…
72,rtsupposedly the physician incentive was for more thanspread over a few years for a physician who buys and uses t…
73,obama in poo pougal calls to action on climatechangecallstoaction…
74,obama in poo pougal calls to action on climatechangecallstoaction…
75,rtremember when barackobamapromised the truth abt the us dronestrike which killed giovannilopoo today we revealed how t…
76,rtallowing men into womens bathrooms or giving our enemy iran billions of dollars gacandidates votegop gavoters geor…
77,rtthe maps of israeli settlements that shocked barackobama israel
78,rtallowing men into womens bathrooms or giving our enemy iran billions of dollars gacandidates votegop gavoters geor…
79,rtyou know if barackobama was still president he would be in thailand checking on those boys from the cave and giving them…
80,rttell me nancypelosi how do you avenge a racist muslim barackobama who created a race war in america decimated th…
81,you know if barackobama was still president he would be in thailand checking on those boys from the cave and giv…
82,rtobama in poo pougal calls to action on climatechangecallstoaction barackobama…
83,rtyes senator mcconnell refused but barackobama caved
84,tell me nancypelosi how do you avenge a racist muslim barackobama who created a race war in america decimat…
85,rtobama in poo pougal calls to action on climatechangecallstoaction barackobama…
86,obama in poo pougal calls to action on climatechangecallstoaction…
87,rtremember when barackobamapromised the truth abt the us dronestrike which killed giovannilopoo today we revealed how t…
88,obama in poo pougal calls to action on climatechangecallstoaction…
89,rtallowing men into womens bathrooms or giving our enemy iran billions of dollars gacandidates votegop gavoters geor…
90,until fuher notice i claimas myas myampas mythey a…
91,obama in poo pougal calls to action on climatechangecallstoaction…
92,rtthe maps of israeli settlements that shocked barackobama israel
93,rtremember when barackobamapromised the truth abt the us dronestrike which killed giovannilopoo today we revealed how t…
94,rtbarackobama realdonaldtrump i said im on your level and theres nobody on my level of speed and accuracy in the wor…
95,rtbarackobama realdonaldtrump i said im on your level and theres nobody on my level of speed and accuracy in the wor…
96,barackobama realdonaldtrump i said im on your level and theres nobody on my level of speed and accuracy in the…
97,penélopecruz is starstruck by barackobama and michelleobama during their visit to spain
98,rtricordate le scuse e le promesse urbi et orbi di barackobama promise la verità sul caso giovannilopoo oggi vi riveliamo…
99,rtallowing men into womens bathrooms or giving our enemy iran billions of dollars gacandidates votegop gavoters geor…
100,rtremember when barackobamapromised the truth abt the us dronestrike which killed giovannilopoo today we revealed how t…
101,nonsense barackobama should go to prison
102,barackobama and joebiden detective fan fiction hits us stores today
103,i dunnothe media turned barackobama into chicago jesus with s guidance
104,barackobama the man who left the dnc and the nation in smoldering ruins warns democrats this is a moment of g…
105,barackobama destroyed o…
106,then you are calling billclinton a bigger monster for creating the law you protest now amp…
107,rei da espanha e obama visitam “guernica”revistarmc a ae cult culture cultura…
108,rtthe maps of israeli settlements that shocked barackobama israel
109,rtremember when barackobamapromised the truth abt the us dronestrike which killed giovannilopoo today we revealed how t…
110,rtremember when barackobamapromised the truth abt the us dronestrike which killed giovannilopoo today we revealed how t…
111,rten madrid barack obama se conviió en un fantasma descubre aquí el motivo barackobama españa eeuu …
112,rtremember when barackobamapromised the truth abt the us dronestrike which killed giovannilopoo today we revealed how t…
113,id say we should charge the man who illegally bypassed congress in true dictator fashio…
114,rtthe maps of israeli settlements that shocked barackobama israel
115,rtthe maps of israeli settlements that shocked barackobama israel
116,rtremember when barackobamapromised the truth abt the us dronestrike which killed giovannilopoo today we revealed how t…
117,rtthe maps of israeli settlements that shocked barackobama israel
118,rtremember when barackobamapromised the truth abt the us dronestrike which killed giovannilopoo today we revealed how t…
119,rtremember when barackobamapromised the truth abt the us dronestrike which killed giovannilopoo today we revealed how t…
120,rtthe maps of israeli settlements that shocked barackobama israel
121,rtremember when barackobamapromised the truth abt the us dronestrike which killed giovannilopoo today we revealed how t…
122,rtremember when barackobamapromised the truth abt the us dronestrike which killed giovannilopoo today we revealed how t…
123,remember when barackobamapromised the truth abt the us dronestrike which killed giovannilopoo today we reve…
124,rtallowing men into womens bathrooms or giving our enemy iran billions of dollars gacandidates votegop gavoters geor…
125,rtthe maps of israeli settlements that shocked barackobama israel
126,rtaboutstrzokso here is the questiondid the jesuit priest jamesstrzok uncle of peterstrzok discover bar…
127,rtaboutstrzok odd barackobama is repoed to been mentored when in chicago by the jesuit priest gregory galluzzo…
128,rtthe maps of israeli settlements that shocked barackobama israel
129,rtthe maps of israeli settlements that shocked barackobama israel
130,the maps of israeli settlements that shocked barackobama israel
131,rtthis book has electrifying investigation of barackobamas whitehouse lies about killing of osamabinladenthe killin…
132,essencefestival barackobama michelleobamai saw this while walking back to the hotel in new orleans
133,rtallowing men into womens bathrooms or giving our enemy iran billions of dollars gacandidates votegop gavoters geor…
134,this book has electrifying investigation of barackobamas whitehouse lies about killing of osamabinladenthe…
135,rtallowing men into womens bathrooms or giving our enemy iran billions of dollars gacandidates votegop gavoters geor…
136,rtallowing men into womens bathrooms or giving our enemy iran billions of dollars gacandidates votegop gavoters geor…
137,americans overwhelmingly think barackobama was a better president than you resign…
138,rtbarackobama cumbrealf economiacircular madrid
139,rtaboutstrzok odd barackobama is repoed to been mentored when in chicago by the jesuit priest gregory galluzzo…
140,rtsaying the truth about israel is automatically and falsely associated w antisemitism these daysisrael is an a…
141,rtaboutstrzok odd barackobama is repoed to been mentored when in chicago by the jesuit priest gregory galluzzo…
142,rtallowing men into womens bathrooms or giving our enemy iran billions of dollars gacandidates votegop gavoters geor…
143,en madrid barack obama se conviió en un fantasma descubre aquí el motivo barackobama españa eeuu
144,rtallowing men into womens bathrooms or giving our enemy iran billions of dollars gacandidates votegop gavoters geor…
145,rtallowing men into womens bathrooms or giving our enemy iran billions of dollars gacandidates votegop gavoters geor…
146,rtallowing men into womens bathrooms or giving our enemy iran billions of dollars gacandidates votegop gavoters geor…
147,rtallowing men into womens bathrooms or giving our enemy iran billions of dollars gacandidates votegop gavoters geor…
148,rtallowing men into womens bathrooms or giving our enemy iran billions of dollars gacandidates votegop gavoters geor…
149,rtallowing men into womens bathrooms or giving our enemy iran billions of dollars gacandidates votegop gavoters geor…
150,barackobama trump mr trump president obama was able to helt his breath unter water forseconds can you do better
151,i’ll take them together any way i canbarackobama presidentobama joebiden…
152,rtare you sitting down we’ve got the list of epa scandals during obama barackobama obamaworstpresidentever donaldtr…
153,rtallowing men into womens bathrooms or giving our enemy iran billions of dollars gacandidates votegop gavoters geor…
154,política estadosunidosdice larry rubin representante del paido republicano noeamericano en méxico que e…
155,hypocrite mitchmcconnell tells democrats to treat trumps supreme cou pick “fairly” civility merrickgarland…
156,rtaboutstrzok odd barackobama is repoed to been mentored when in chicago by the jesuit priest gregory galluzzo…
157,rtaboutstrzokso here is the questiondid the jesuit priest jamesstrzok uncle of peterstrzok discover bar…
158,rtaboutstrzok odd barackobama is repoed to been mentored when in chicago by the jesuit priest gregory galluzzo…
159,rtallowing men into womens bathrooms or giving our enemy iran billions of dollars gacandidates votegop gavoters geor…
160,rtaboutstrzokso here is the questiondid the jesuit priest jamesstrzok uncle of peterstrzok discover bar…
161,rtallowing men into womens bathrooms or giving our enemy iran billions of dollars gacandidates votegop gavoters geor…
162,rtaboutstrzokso here is the questiondid the jesuit priest jamesstrzok uncle of peterstrzok discover bar…
163,rtaboutstrzok odd barackobama is repoed to been mentored when in chicago by the jesuit priest gregory galluzzo…
164,rtallowing men into womens bathrooms or giving our enemy iran billions of dollars gacandidates votegop gavoters geor…
165,rtaboutstrzokso here is the questiondid the jesuit priest jamesstrzok uncle of peterstrzok discover bar…
166,rtaboutstrzokso here is the questiondid the jesuit priest jamesstrzok uncle of peterstrzok discover bar…
167,rtaboutstrzok odd barackobama is repoed to been mentored when in chicago by the jesuit priest gregory galluzzo…
168,"michelleobama’s doctor goes on record
i know what i saw

st black first lady
is
a man…"
169,"michelleobama’s doctor goes on record
i know what i saw

st black first lady
is
a man…"
170,rtallowing men into womens bathrooms or giving our enemy iran billions of dollars gacandidates votegop gavoters geor…
171,wrong the recovery staed after barackobama bailed out the banks car mfgs and insurance…
172,rtaboutstrzok odd barackobama is repoed to been mentored when in chicago by the jesuit priest gregory galluzzo…
173,inside usa stealth b bomber military documentary hd thanks president donald john trump donaldtrump…
174,rtaboutstrzokso here is the questiondid the jesuit priest jamesstrzok uncle of peterstrzok discover bar…
175,rtallowing men into womens bathrooms or giving our enemy iran billions of dollars gacandidates votegop gavoters geor…
176,rtaboutstrzokso here is the questiondid the jesuit priest jamesstrzok uncle of peterstrzok discover bar…
177,rtaboutstrzokso here is the questiondid the jesuit priest jamesstrzok uncle of peterstrzok discover bar…
178,rtaboutstrzok odd barackobama is repoed to been mentored when in chicago by the jesuit priest gregory galluzzo…
179,rtaboutstrzok odd barackobama is repoed to been mentored when in chicago by the jesuit priest gregory galluzzo…
180,rtaboutstrzok odd barackobama is repoed to been mentored when in chicago by the jesuit priest gregory galluzzo…
181,barackobama should have understood what apaheidisrael was doing without maps but even with one he still hande…
182,rtits true that barackobama wasnt the magic candidate many wanted so they stayed home in
183,its true that barackobama wasnt the magic candidate many wanted so they stayed home in
184,rtallowing men into womens bathrooms or giving our enemy iran billions of dollars gacandidates votegop gavoters geor…
185,rtallowing men into womens bathrooms or giving our enemy iran billions of dollars gacandidates votegop gavoters geor…
186,rtallowing men into womens bathrooms or giving our enemy iran billions of dollars gacandidates votegop gavoters geor…
187,rtallowing men into womens bathrooms or giving our enemy iran billions of dollars gacandidates votegop gavoters geor…
188,rtallowing men into womens bathrooms or giving our enemy iran billions of dollars gacandidates votegop gavoters geor…
189,rti think an argument could be made for impeachment of barackobamadastardlycowardly and malicious base evil wicked gro…
190,rtallowing men into womens bathrooms or giving our enemy iran billions of dollars gacandidates votegop gavoters geor…
191,rtallowing men into womens bathrooms or giving our enemy iran billions of dollars gacandidates votegop gavoters geor…
192,rtallowing men into womens bathrooms or giving our enemy iran billions of dollars gacandidates votegop gavoters geor…
193,rtallowing men into womens bathrooms or giving our enemy iran billions of dollars gacandidates votegop gavoters geor…
194,moscow i am terrorized i am in pain i am the true god my friend is aleena sandriassa she was murdered putin…
195,rtallowing men into womens bathrooms or giving our enemy iran billions of dollars gacandidates votegop gavoters geor…
196,rti think an argument could be made for impeachment of barackobamadastardlycowardly and malicious base evil wicked gro…
197,i think an argument could be made for impeachment of barackobamadastardlycowardly and malicious base evil…
198,one more thing barackobama had know idea how to do
199,rtallowing men into womens bathrooms or giving our enemy iran billions of dollars gacandidates votegop gavoters geor…
200,rtallowing men into womens bathrooms or giving our enemy iran billions of dollars gacandidates votegop gavoters geor…
201,rtricordate le scuse e le promesse urbi et orbi di barackobama promise la verità sul caso giovannilopoo oggi vi riveliamo…
202,rtallowing men into womens bathrooms or giving our enemy iran billions of dollars gacandidates votegop gavoters geor…
203,rtallowing men into womens bathrooms or giving our enemy iran billions of dollars gacandidates votegop gavoters geor…
204,many thanks to everyone to came out to the tikvah center for a deeply insightful lecture byon…
205,rtallowing men into womens bathrooms or giving our enemy iran billions of dollars gacandidates votegop gavoters geor…
206,así son las vacaciones de los obama en españavacaciones españa barackobama jul
207,rtricordate le scuse e le promesse urbi et orbi di barackobama promise la verità sul caso giovannilopoo oggi vi riveliamo…
208,rtasí son las vacaciones de los obama en españavacaciones españa barackobama jul
209,rtallowing men into womens bathrooms or giving our enemy iran billions of dollars gacandidates votegop gavoters geor…
210,rtallowing men into womens bathrooms or giving our enemy iran billions of dollars gacandidates votegop gavoters geor…
211,rtallowing men into womens bathrooms or giving our enemy iran billions of dollars gacandidates votegop gavoters geor…
212,rtallowing men into womens bathrooms or giving our enemy iran billions of dollars gacandidates votegop gavoters geor…
213,rtallowing men into womens bathrooms or giving our enemy iran billions of dollars gacandidates votegop gavoters geor…
214,rtallowing men into womens bathrooms or giving our enemy iran billions of dollars gacandidates votegop gavoters geor…
215,rtallowing men into womens bathrooms or giving our enemy iran billions of dollars gacandidates votegop gavoters geor…
216,rtallowing men into womens bathrooms or giving our enemy iran billions of dollars gacandidates votegop gavoters geor…
217,rtallowing men into womens bathrooms or giving our enemy iran billions of dollars gacandidates votegop gavoters geor…
218,rtallowing men into womens bathrooms or giving our enemy iran billions of dollars gacandidates votegop gavoters geor…
219,así son las vacaciones de los obama en españavacaciones españa barackobama jul
220,rtallowing men into womens bathrooms or giving our enemy iran billions of dollars gacandidates votegop gavoters geor…
221,rtallowing men into womens bathrooms or giving our enemy iran billions of dollars gacandidates votegop gavoters geor…
222,rtallowing men into womens bathrooms or giving our enemy iran billions of dollars gacandidates votegop gavoters geor…
223,rtallowing men into womens bathrooms or giving our enemy iran billions of dollars gacandidates votegop gavoters geor…
224,rtallowing men into womens bathrooms or giving our enemy iran billions of dollars gacandidates votegop gavoters geor…
225,rtallowing men into womens bathrooms or giving our enemy iran billions of dollars gacandidates votegop gavoters geor…
226,rtallowing men into womens bathrooms or giving our enemy iran billions of dollars gacandidates votegop gavoters geor…
227,rtallowing men into womens bathrooms or giving our enemy iran billions of dollars gacandidates votegop gavoters geor…
228,rtallowing men into womens bathrooms or giving our enemy iran billions of dollars gacandidates votegop gavoters geor…
229,rtallowing men into womens bathrooms or giving our enemy iran billions of dollars gacandidates votegop gavoters geor…
230,rtif indeed the barackobama was not a citizen of this country he belongs in prison along with all of h…
231,saying the truth about israel is automatically and falsely associated w antisemitism these daysisrae…
232,rtallowing men into womens bathrooms or giving our enemy iran billions of dollars gacandidates votegop gavoters geor…
233,rtallowing men into womens bathrooms or giving our enemy iran billions of dollars gacandidates votegop gavoters geor…
234,rti have always thought that barackobama had a sponsor since beginning college and maybe beforewas it thedeep…
235,rtallowing men into womens bathrooms or giving our enemy iran billions of dollars gacandidates votegop gavoters geor…
236,heres another one of barackobamas coughethics czars weighing in
237,rti have always thought that barackobama had a sponsor since beginning college and maybe beforewas it thedeep…
238,rtallowing men into womens bathrooms or giving our enemy iran billions of dollars gacandidates votegop gavoters geor…
239,rtallowing men into womens bathrooms or giving our enemy iran billions of dollars gacandidates votegop gavoters geor…
240,rtallowing men into womens bathrooms or giving our enemy iran billions of dollars gacandidates votegop gavoters geor…
241,rtallowing men into womens bathrooms or giving our enemy iran billions of dollars gacandidates votegop gavoters geor…
242,rtricordate le scuse e le promesse urbi et orbi di barackobama promise la verità sul caso giovannilopoo oggi vi riveliamo…
243,rtallowing men into womens bathrooms or giving our enemy iran billions of dollars gacandidates votegop gavoters geor…
244,rtallowing men into womens bathrooms or giving our enemy iran billions of dollars gacandidates votegop gavoters geor…
245,rtallowing men into womens bathrooms or giving our enemy iran billions of dollars gacandidates votegop gavoters geor…
246,rtla visita de barackobama a madrid ha marcado la agenda informativa del fin de semana cuál es el beneficio para una mar…
247,rtallowing men into womens bathrooms or giving our enemy iran billions of dollars gacandidates votegop gavoters geor…
248,rtallowing men into womens bathrooms or giving our enemy iran billions of dollars gacandidates votegop gavoters geor…
249,rtasí son las vacaciones de los obama en españavacaciones españa barackobama jul
250,así son las vacaciones de los obama en españavacaciones españa barackobama jul
251,rtallowing men into womens bathrooms or giving our enemy iran billions of dollars gacandidates votegop gavoters geor…
252,rtricordate le scuse e le promesse urbi et orbi di barackobama promise la verità sul caso giovannilopoo oggi vi riveliamo…
253,rtallowing men into womens bathrooms or giving our enemy iran billions of dollars gacandidates votegop gavoters geor…
254,theguardiantrump will have made as many appointments to barackobama
255,rtallowing men into womens bathrooms or giving our enemy iran billions of dollars gacandidates votegop gavoters geor…
256,obama mandms whitehouse president peanut chocolate candy ebay barackobama potus…
257,rtallowing men into womens bathrooms or giving our enemy iran billions of dollars gacandidates votegop gavoters geor…
258,rtallowing men into womens bathrooms or giving our enemy iran billions of dollars gacandidates votegop gavoters geor…
259,rtallowing men into womens bathrooms or giving our enemy iran billions of dollars gacandidates votegop gavoters geor…
260,rtallowing men into womens bathrooms or giving our enemy iran billions of dollars gacandidates votegop gavoters geor…
261,un antiguo asesor de obama asegura que hay que cambiar el modelo “cooplacista y derrochador” de algunas empresas…
262,rtallowing men into womens bathrooms or giving our enemy iran billions of dollars gacandidates votegop gavoters geor…
263,rtallowing men into womens bathrooms or giving our enemy iran billions of dollars gacandidates votegop gavoters geor…
264,rtallowing men into womens bathrooms or giving our enemy iran billions of dollars gacandidates votegop gavoters geor…
265,rtallowing men into womens bathrooms or giving our enemy iran billions of dollars gacandidates votegop gavoters geor…
266,unhinged hate mob chases fox anchor from scotus america anchor socialmedia barackobama
267,rtallowing men into womens bathrooms or giving our enemy iran billions of dollars gacandidates votegop gavoters geor…
268,rtricordate le scuse e le promesse urbi et orbi di barackobama promise la verità sul caso giovannilopoo oggi vi riveliamo…
269,rtallowing men into womens bathrooms or giving our enemy iran billions of dollars gacandidates votegop gavoters geor…
270,rtallowing men into womens bathrooms or giving our enemy iran billions of dollars gacandidates votegop gavoters geor…
271,rtallowing men into womens bathrooms or giving our enemy iran billions of dollars gacandidates votegop gavoters geor…
272,rtallowing men into womens bathrooms or giving our enemy iran billions of dollars gacandidates votegop gavoters geor…
273,rtricordate le scuse e le promesse urbi et orbi di barackobama promise la verità sul caso giovannilopoo oggi vi riveliamo…
274,if indeed the barackobama was not a citizen of this country he belongs in prison along wit…
275,if anyone on planet eah that should be prosecuted it is…
276,rtallowing men into womens bathrooms or giving our enemy iran billions of dollars gacandidates votegop gavoters geor…
