1,rtbillgates quietly funding effo to develop thousands of new vaccines that conveniently ‘might’ become pandemics …
2,rtbillgates quietly funding effo to develop thousands of new vaccines that conveniently ‘might’ become pandemics …
3,rtbillgates quietly funding effo to develop thousands of new vaccines that conveniently ‘might’ become pandemics …
4,tecnología es sólo un recurso las relaciones siempre serán lo más impoante billgates smachannel
5,mtpeople are living longer healthier lives than ever before here are three more signs the world is getting bett…
6,mtsierra leone is doing better at beating back neglected tropical diseases than almost anywhere else on the conti…
8,mtthis time aicle on nrel highlights just one example of the amazing work that goes on inside america’s nationa…
9,mtthis is a great example of how data is making it easier for researchers to identify novel targets and mechanism…
10,mtin january“popular electronics” featured the altairon its cover when my friend paulgallen showed…
11,mtthis is just one of many amazing projects i had a chance to see at openai where they’re working to ensure as m…
12,mtai bots just beat humans at the video game dotathat’s a big deal because their victory required teamwork…
13,mtfactthe world is making progress against extreme poveyvrai billgates
14,mtfactsincethe number of children born per woman has fallen by halfvrai  billgates
15,mtfactfewer children are dying before the age ofvrai  billgates
16,mthere are three facts from the site that max thinks everyone should know… vrai  billgates
17,mtbased at the uniofoxford our world in data uses statistics to give you insight into how living conditions are…
18,mtmaxcroser is one of my favorite data nerds —and his website our world in data is a gold mine for impatient opt…
19,mtmore thanyears later warren and i have never run out of things to laugh about …
20,mtif you’re interested in donating your time or resources but don’t know where to sta theeconomist recently hi…
21,mtearlier this month the world lost one of the greatest vaccine creators of our time dr adel mahmoud saved the…
22,jumpingchantilly filles de …américaines celle de michaelbloomberg georgina parfaitement intégrée parmi l’é…
23,está bien celebrar el éxito pero es más impoante prestar atención a las lecciones del fracasobillgates
24,rtto win big you sometimes have to take big risks billgates risktaker
25,"rttitle the burden of bill gates
medium oil on canvas



a aoftheday exhibition handpainted…"
26,rtto win big you sometimes have to take big risks billgates risktaker
27,"heres my collection of amazing books everyone should read 

includes recommendations from warrenbuffet…"
28,rtto win big you sometimes have to take big risks billgates risktaker
29,"rttitle kim jongun
medium oil on canvas



a aoftheday exhibition handpainted contemporary…"
30,"title kim jongun
medium oil on canvas



a aoftheday exhibition handpainted…"
31,tus clientes insatisfechos son tu mejor activo de aprendizaje – billgates
32,rtbillionaire microsoft founder billgates has finally admitted that his and obamas questionable commoncore teaching meth…
33,rtbillionaire microsoft founder billgates has finally admitted that his and obamas questionable commoncore teaching meth…
34,rtphilantrophy is a scam it allows the superrich to influence global affairs and gain political power without consequenc…
35,rtto win big you sometimes have to take big risks billgates risktaker
36,rtto win big you sometimes have to take big risks billgates risktaker
37,rtto win big you sometimes have to take big risks billgates risktaker
38,rtto win big you sometimes have to take big risks billgates risktaker
39,to win big you sometimes have to take big risks billgates risktaker
40,hey just jump in the timemachine to the s and enjoy billgates money giveaway for forwarding some stupid em…
41,oprahwinfrey warrenbuffet grantcardone garyvee tailopez billgates robekyosaki tonyrobbins markcuban…
42,o dono da amazon jeff bezos tembilhões de dólares a mais do que bill gates o segundo homem mais rico do…
43,the controlling elite are pushing for all young and old to be vaccinated vaccines are nothing but eugenics…
44,"rttitle oscar groening
medium oil on canvas



a aoftheday exhibition handpainted contempor…"
45,rtand it’s all wrapped up into their fear mongering climate change crisis bs bubble democrats populat…
46,rteditionlemonade stand permits we talk about permitpatty situation our thofjulyweekend nohkorea doing noh…
47,liit frasedeldía computación computadora tecnología billgates aprendizaje palabrassabias
48,editionlemonade stand permits we talk about permitpatty situation our thofjulyweekend nohkorea doing…
49,os voy a dar la clave para limpiar invitar a gente a tu piso para tener que obligae a limpiar el piso entero…
50,rtwailing wall song my name is billeastereyesmusicbmi bmi billgates…
51,“no one should die because they live too far from a doctor” here’s how dr raj panjabi and his team are trying to…
52,the world belongs to passionate driven peoplejack welchpassionatedriven billgates…
53,rtbill gates to roll out remote control microchipbased sterilization of womenbillgates microch…
54,"rttitle oscar groening
medium oil on canvas



a aoftheday exhibition handpainted contempor…"
55,billgates warrenbuffet
56,"rttitle oscar groening
medium oil on canvas



a aoftheday exhibition handpainted contempor…"
57,we couldn’t agree more publicrelations pr billgates prindustry
58,"rttitle oscar groening
medium oil on canvas



a aoftheday exhibition handpainted contempor…"
59,"ifis so worried about indiansthen why aadhaar amp not mumbairains 
whats the link b…"
60,rthow corrupt billgates bribed his way eg bribing official to hijack the us education system for fun powerego trip a…
61,rthow many times will it take for billgatesto push for and bankroll education reform that accomplishes nothing but decimat…
62,how corrupt billgates bribed his way eg bribing official to hijack the us education system for fun powerego…
63,elonmusk billgates thezuck
64,rthow many times will it take for billgatesto push for and bankroll education reform that accomplishes nothing but decimat…
65,ah the joys of streaming tv in the computer age windows is now destroying a whole new section of my life…
66,so fake fakeresistance georgesoros billandmelindagates billgates clintonfoundation
67,how many times will it take for billgatesto push for and bankroll education reform that accomplishes nothing bu…
68,"rtcoi vaccini cresce la mortalità infantilelo dice la sanita usa
tradottosono i vaccini inoculaticrescono la moa…"
69,rtyour thoughts gmo mosquitos billgates
70,"elon musk trendingtop innovatorentrepreneurbrainstorming network group bng

…"
71,rtsi prevede che nella popolazione mondiale arriverà a più dimiliardi billgates ha detto una cosa molto semplice…
72,inside usa stealth b bomber military documentary hd thanks president donald john trump donaldtrump…
73,poraits potus washington washingtondc throwback usa einstein michaeljackson billgates napoleon…
74,"rttitle oscar groening
medium oil on canvas



a aoftheday exhibition handpainted contempor…"
75,billgates is one of the most successful entrepreneurs in the world with a net woh overbillion gates has pl…
76,rtbill gates to roll out remote control microchipbased sterilization of womenbillgates microch…
77,its really kind of cool to have solarpanels on your roofhave you thought about itbillgates
79,oprahwinfrey warrenbuffet grantcardone garyvee tailopez billgates robekyosaki tonyrobbins markcuban…
81,"title oscar groening
medium oil on canvas



a aoftheday exhibition handpainted…"
82,microsoftjack the microsoft apologistguardian violates privacy too and takes money fro…
83,as zuckerberg passes buffett therichest people are now all from the tech world for the st time bezos…
84,rtyour thoughts gmo mosquitos billgates
85,rtsi prevede che nella popolazione mondiale arriverà a più dimiliardi billgates ha detto una cosa molto semplice…
86,"rtright now joshua needs to undergo chemotherapy andblood transfusion which would cost aboutnaira
his dadonly pare…"
87,rtsi prevede che nella popolazione mondiale arriverà a più dimiliardi billgates ha detto una cosa molto semplice…
88,oprahwinfrey warrenbuffet grantcardone garyvee tailopez billgates robekyosaki tonyrobbins markcuban…
89,"rttitle oscar groening
medium oil on canvas



a aoftheday exhibition handpainted contempor…"
90,"right now joshua needs to undergo chemotherapy andblood transfusion which would cost aboutnaira
his dad…"
91,making a bettervaccine fluseason billgatesvia
92,last years fluseason was widespread and intense can we make a better vaccinevia…
93,"markzuckerberg is now the rd richest human being alive in this world oveaking warrenbuffett

now trails only…"
94,rtbill gates to roll out remote control microchipbased sterilization of womenbillgates microch…
95,"rtzuckerberg 
trailing jeffbezos amp billgates in forbs
trailing hillary amp podest…"
96,"rtchristiana figueres challenges tech titans at collision conferenceaction on climatechange via
billga…"
97,christiana figueres challenges tech titans at collision conferenceaction on climatechange via …
98,none of us remember everything we hear see or do but bots can help us to retain more by reminding us via related…
99,rtand it’s all wrapped up into their fear mongering climate change crisis bs bubble democrats populat…
100,"rttitle the burden of bill gates
medium oil on canvas



a aoftheday exhibition handpainted…"
101,rtyour thoughts gmo mosquitos billgates
102,rtand it’s all wrapped up into their fear mongering climate change crisis bs bubble democrats populat…
103,rtbill gates to roll out remote control microchipbased sterilization of womenbillgates microch…
104,rtand it’s all wrapped up into their fear mongering climate change crisis bs bubble democrats populat…
105,and it’s all wrapped up into their fear mongering climate change crisis bs bubble…
106,rtbill gates to roll out remote control microchipbased sterilization of womenbillgates microch…
107,rtjumpingchantilly filles de …américaines celle de michaelbloomberg georgina parfaitement intégrée parmi l’élite mo…
108,rtjennifer gates fille de billgates classée à la e place mondiale cavaliers ce dimanche fait tomberbarre grand pri…
109,"rttitle the burden of bill gates
medium oil on canvas



a aoftheday exhibition handpainted…"
110,"rttitle the burden of bill gates
medium oil on canvas



a aoftheday exhibition handpainted…"
111,"rttitle oscar groening
medium oil on canvas



a aoftheday exhibition handpainted contempor…"
112,"rttitle pharaohs retreat
medium oil on canvas



a aoftheday exhibition handpainted contemp…"
113,irrespective of your shocomings you can always find solutions save a soul today by donating frabelg…
114,"rttitle the burden of bill gates
medium oil on canvas



a aoftheday exhibition handpainted…"
115,"rttitle oscar groening
medium oil on canvas



a aoftheday exhibition handpainted contempor…"
116,rtbill gates to roll out remote control microchipbased sterilization of womenbillgates microch…
117,"title oscar groening
medium oil on canvas



a aoftheday exhibition handpainted…"
118,a reminder in the digital era billgates inspiring quote inspiration business iot digitalmarketing
119,rtbillionaire microsoft founder billgates has finally admitted that his and obamas questionable commoncore teaching meth…
120,rtbillionaire microsoft founder billgates has finally admitted that his and obamas questionable commoncore teaching meth…
121,rtbillionaire microsoft founder billgates has finally admitted that his and obamas questionable commoncore teaching meth…
122,"“you weren’t put on this eah to simply break even
break rules 
break records
break through” 
be like bill…"
123,"did you know tag your friend
for more interesting facts follow us on instagramand visit the website fo…"
124,"rt“don’t compare yourself with anyone in this world if you do so you are insulting yourself”

quote billgates tue…"
125,"rtanche billgates ha avuto problemi con la gestione della postaelettronica 
per questo motivo il creatore di microsoft h…"
126,"rtripple and billgates foundation panership continues suppo for the unbanked

the foundation teamed up with ripple to…"
127,rtsi prevede che nella popolazione mondiale arriverà a più dimiliardi billgates ha detto una cosa molto semplice…
128,"anche billgates ha avuto problemi con la gestione della postaelettronica 
per questo motivo il creatore di…"
129,rtelon musk says this crucial skill is what made steve jobs and bill gates successfulstevejobs bi…
130,rtbill gates and steve jobs which crucial skill do they share that attributed to their success find out here as elon musk ex…
131,"success is a lousy teacher it seduces sma people into thinking they cant lose
billgates
visit us…"
132,rtbill gates to roll out remote control microchipbased sterilization of womenbillgates microch…
133,rtyour thoughts gmo mosquitos billgates
134,"fidelizar también implica saber lidiar con las críticas y los haters 
marketing fidelización quote billgates…"
135,rtbill gates to roll out remote control microchipbased sterilization of womenbillgates microch…
136,elon musk says this crucial skill is what made steve jobs and bill gates successfulstevejobs billgates
137,we are trying to settle in such a world that was destroyed by early civilizations and who left it like a junk the…
138,"zuckerberg 
trailing jeffbezos amp billgates in forbs
trailing hillary amp…"
139,to win big you sometimes have to take big risks billgates
140,rtbill gates to roll out remote control microchipbased sterilization of womenbillgates microch…
141,rtbill gates to roll out remote control microchipbased sterilization of womenbillgates microch…
142,rtsi prevede che nella popolazione mondiale arriverà a più dimiliardi billgates ha detto una cosa molto semplice…
143,rtbill gates to roll out remote control microchipbased sterilization of womenbillgates microch…
144,rtbill gates to roll out remote control microchipbased sterilization of womenbillgates microch…
145,rtbill gates to roll out remote control microchipbased sterilization of womenbillgates microch…
146,what if thebigbangtheory were real billgates could be its leonardhofstadter intelligent yet nerdy and overlycompetitive too
147,rtbill gates to roll out remote control microchipbased sterilization of womenbillgates microch…
148,there are more billionaires in the world than ever before and they’re getting richer by the second literally…
149,there are more billionaires in the world than ever before and they’re getting richer by the second literally…
150,there are more billionaires in the world than ever before and they’re getting richer by the second literally…
151,there are more billionaires in the world than ever before and they’re getting richer by the second literally…
152,oprahwinfrey warrenbuffet grantcardone garyvee tailopez billgates robekyosaki tonyrobbins markcuban…
153,rtbill gates to roll out remote control microchipbased sterilization of womenbillgates microch…
154,rtbill gates to roll out remote control microchipbased sterilization of womenbillgates microch…
155,rtbill gates to roll out remote control microchipbased sterilization of womenbillgates microch…
156,rtbill gates to roll out remote control microchipbased sterilization of womenbillgates microch…
157,justinbieber barackobama taylorswift rihanna theellenshowladygaga youtube cristiano jtimberlake…
158,rtbillionaire microsoft founder billgates has finally admitted that his and obamas questionable commoncore teaching meth…
159,rtyour thoughts gmo mosquitos billgates
160,lostinspace drsmith melindagates billgates
161,rtbill gates to roll out remote control microchipbased sterilization of womenbillgates microch…
162,rtbill gates to roll out remote control microchipbased sterilization of womenbillgates microch…
163,rtbill gates to roll out remote control microchipbased sterilization of womenbillgates microch…
164,rtbill gates to roll out remote control microchipbased sterilization of womenbillgates microch…
166,rtbill gates to roll out remote control microchipbased sterilization of womenbillgates microch…
167,rtbill gates to roll out remote control microchipbased sterilization of womenbillgates microch…
168,rtbill gates to roll out remote control microchipbased sterilization of womenbillgates microch…
169,rtbill gates to roll out remote control microchipbased sterilization of womenbillgates microch…
170,rtbill gates to roll out remote control microchipbased sterilization of womenbillgates microch…
171,rtbill gates to roll out remote control microchipbased sterilization of womenbillgates microch…
172,liit tecnología frasedeldía billgates infocomar contáctenos somostecnología siguenos
173,bill gates to roll out remote control microchipbased sterilization of womenbillgates microchip remotecontrol
174,rtbillionaire microsoft founder billgates has finally admitted that his and obamas questionable commoncore teaching meth…
175,rtbill gates to roll out remote control microchipbased sterilization of womenbillgates microch…
176,justinbieber barackobama taylorswift rihanna theellenshowladygaga youtube cristiano jtimberlake…
177,rtbill gates to roll out remote control microchipbased sterilization of womenbillgates microch…
178,rtbill gates to roll out remote control microchipbased sterilization of womenbillgates microch…
179,rtbill gates to roll out remote control microchipbased sterilization of womenbillgates microch…
180,rtbillgates was just a teen trying to please his parents when he discovered his passion for computers a passion that for…
181,sure conny tell that to billgates and stevejobs and elonmusk — then go worry abo…
182,bill gates and steve jobs which crucial skill do they share that attributed to their success find out here as elo…
183,rtbill gates to roll out remote control microchipbased sterilization of womenbillgates microch…
184,rtbillionaire microsoft founder billgates has finally admitted that his and obamas questionable commoncore teaching meth…
185,rtbill gates to roll out remote control microchipbased sterilization of womenbillgates microch…
186,rtbill gates to roll out remote control microchipbased sterilization of womenbillgates microch…
187,rtbill gates to roll out remote control microchipbased sterilization of womenbillgates microch…
188,rtsi prevede che nella popolazione mondiale arriverà a più dimiliardi billgates ha detto una cosa molto semplice…
189,rtbill gates to roll out remote control microchipbased sterilization of womenbillgates microch…
190,rtbill gates to roll out remote control microchipbased sterilization of womenbillgates microch…
191,rtbill gates to roll out remote control microchipbased sterilization of womenbillgates microch…
192,"rttitle pharaohs retreat
medium oil on canvas



a aoftheday exhibition handpainted contemp…"
193,rtbill gates to roll out remote control microchipbased sterilization of womenbillgates microch…
194,rtbill gates to roll out remote control microchipbased sterilization of womenbillgates microch…
195,aans markzuckerberg devient la troisième personne la plus riche au monde derrière billgatesmilliards de…
196,"rttitle pharaohs retreat
medium oil on canvas



a aoftheday exhibition handpainted contemp…"
197,rtbill gates to roll out remote control microchipbased sterilization of womenbillgates microch…
198,rtbill gates to roll out remote control microchipbased sterilization of womenbillgates microch…
199,rtbill gates to roll out remote control microchipbased sterilization of womenbillgates microch…
200,markzuckerberg ya es más rico que warrenbuffett el patrimonio del ceo de facebook es demillones de dóla…
201,rtbill gates to roll out remote control microchipbased sterilization of womenbillgates microch…
202,rtsi prevede che nella popolazione mondiale arriverà a più dimiliardi billgates ha detto una cosa molto semplice…
203,rtjennifer gates fille de billgates classée à la e place mondiale cavaliers ce dimanche fait tomberbarre grand pri…
204,rtbill gates to roll out remote control microchipbased sterilization of womenbillgates microch…
205,rtbill gates to roll out remote control microchipbased sterilization of womenbillgates microch…
206,rtsi prevede che nella popolazione mondiale arriverà a più dimiliardi billgates ha detto una cosa molto semplice…
207,rtsi prevede che nella popolazione mondiale arriverà a più dimiliardi billgates ha detto una cosa molto semplice…
208,"rth
mark zuckerberg become rd richest man


rhythmnews markzuckerberg warrenbuffett billgates h…"
209,"rth
mark zuckerberg become rd richest man


rhythmnews markzuckerberg warrenbuffett billgates h…"
210,"h
mark zuckerberg become rd richest man


rhythmnews markzuckerberg warrenbuffett…"
211,rtbill gates to roll out remote control microchipbased sterilization of womenbillgates microch…
212,rtsi prevede che nella popolazione mondiale arriverà a più dimiliardi billgates ha detto una cosa molto semplice…
213,rtbill gates to roll out remote control microchipbased sterilization of womenbillgates microch…
214,rtbill gates to roll out remote control microchipbased sterilization of womenbillgates microch…
215,si prevede che nella popolazione mondiale arriverà a più dimiliardi billgates ha detto una cosa molto se…
216,rtbill gates to roll out remote control microchipbased sterilization of womenbillgates microch…
217,what type of lazy person are youbillgates
218,rtbill gates to roll out remote control microchipbased sterilization of womenbillgates microch…
219,rtbill gates to roll out remote control microchipbased sterilization of womenbillgates microch…
220,rtbill gates to roll out remote control microchipbased sterilization of womenbillgates microch…
221,rtbill gates to roll out remote control microchipbased sterilization of womenbillgates microch…
222,rtbill gates to roll out remote control microchipbased sterilization of womenbillgates microch…
223,rtbill gates to roll out remote control microchipbased sterilization of womenbillgates microch…
224,aquí la discusión sube de nivel esto que empezó como una guerra sana al fin…
225,rtbill gates to roll out remote control microchipbased sterilization of womenbillgates microch…
226,rtbill gates to roll out remote control microchipbased sterilization of womenbillgates microch…
227,rtbill gates to roll out remote control microchipbased sterilization of womenbillgates microch…
228,jennifer gates fille de billgates classée à la e place mondiale cavaliers ce dimanche fait tomberbarre gr…
229,rtbill gates to roll out remote control microchipbased sterilization of womenbillgates microch…
230,“we’re changing the world with technology” billgates itprosmanagement monday changing world technology tech…
231,rtbill gates to roll out remote control microchipbased sterilization of womenbillgates microch…
232,rtbill gates to roll out remote control microchipbased sterilization of womenbillgates microch…
233,rtbill gates to roll out remote control microchipbased sterilization of womenbillgates microch…
234,ami venganme a presumir dinero cuando sean unbillgateso carlosslimmientras vayanse ala shingada
235,rtbill gates to roll out remote control microchipbased sterilization of womenbillgates microch…
236,rtbill gates to roll out remote control microchipbased sterilization of womenbillgates microch…
237,rtbill gates to roll out remote control microchipbased sterilization of womenbillgates microch…
238,rtbill gates to roll out remote control microchipbased sterilization of womenbillgates microch…
239,rtbill gates to roll out remote control microchipbased sterilization of womenbillgates microch…
240,rtbill gates to roll out remote control microchipbased sterilization of womenbillgates microch…
241,jumpingchantilly filles de …américaines celle de michaelbloomberg georgina parfaitement intégrée parmi l’é…
242,"rttitle pharaohs retreat
medium oil on canvas



a aoftheday exhibition handpainted contemp…"
243,rtbill gates to roll out remote control microchipbased sterilization of womenbillgates microch…
244,"retweeted healthranger 

bill gates to roll out remote control microchipbased sterilization of wom…"
245,rtbill gates to roll out remote control microchipbased sterilization of womenbillgates microch…
246,rtbill gates to roll out remote control microchipbased sterilization of womenbillgates microch…
247,rtbill gates to roll out remote control microchipbased sterilization of womenbillgates microch…
248,rtbill gates to roll out remote control microchipbased sterilization of womenbillgates microch…
249,rtbill gates to roll out remote control microchipbased sterilization of womenbillgates microch…
250,rtbill gates to roll out remote control microchipbased sterilization of womenbillgates microch…
251,rtbill gates to roll out remote control microchipbased sterilization of womenbillgates microch…
252,rtbill gates to roll out remote control microchipbased sterilization of womenbillgates microch…
253,rtbill gates to roll out remote control microchipbased sterilization of womenbillgates microch…
254,rtbill gates to roll out remote control microchipbased sterilization of womenbillgates microch…
255,rtbill gates to roll out remote control microchipbased sterilization of womenbillgates microch…
256,rtbill gates to roll out remote control microchipbased sterilization of womenbillgates microch…
257,rtbill gates to roll out remote control microchipbased sterilization of womenbillgates micr…
258,rtbill gates to roll out remote control microchipbased sterilization of womenbillgates microch…
259,rtbill gates to roll out remote control microchipbased sterilization of womenbillgates microch…
260,rtbillgates melindagates to roll out remote control microchipbased sterilization of women…
261,rtbill gates to roll out remote control microchipbased sterilization of womenbillgates microch…
262,"warrenbuffett could do something to help the children be returned to their families
oprah could do something…"
263,rtbill gates to roll out remote control microchipbased sterilization of womenbillgates microch…
264,rtbill gates to roll out remote control microchipbased sterilization of womenbillgates microch…
265,billgates melindagates to roll out remote control microchipbased sterilization of women …
266,rtbill gates to roll out remote control microchipbased sterilization of womenbillgates microch…
267,rtbill gates to roll out remote control microchipbased sterilization of womenbillgates microch…
268,rtbill gates to roll out remote control microchipbased sterilization of womenbillgates microch…
269,rtbill gates to roll out remote control microchipbased sterilization of womenbillgates microch…
270,rtbill gates to roll out remote control microchipbased sterilization of womenbillgates microch…
271,rtbill gates to roll out remote control microchipbased sterilization of womenbillgates microch…
272,bill gates to roll out remote control microchipbased sterilization of womenbillgates microchip remotecontrol
273,rtbill gates to roll out remote control microchipbased sterilization of womenbillgates microch…
274,rtbill gates to roll out remote control microchipbased sterilization of womenbillgates microch…
275,rtbill gates to roll out remote control microchipbased sterilization of womenbillgates microch…
276,rtbill gates to roll out remote control microchipbased sterilization of womenbillgates microch…
277,rtbill gates to roll out remote control microchipbased sterilization of womenbillgates microch…
278,rtbill gates to roll out remote control microchipbased sterilization of womenbillgates micr…
279,rtbill gates to roll out remote control microchipbased sterilization of womenbillgates microch…
280,rtbill gates to roll out remote control microchipbased sterilization of womenbillgates microch…
281,rtbill gates to roll out remote control microchipbased sterilization of womenbillgates microch…
282,rtbill gates to roll out remote control microchipbased sterilization of womenbillgates microch…
283,rtbill gates to roll out remote control microchipbased sterilization of womenbillgates microch…
284,bill gates to roll out remote control microchipbased sterilization of womenbillgates microchip remotecontrol
285,bill gates to roll out remote control microchipbased sterilization of womenbillgates microchip remotecontrol
286,"title pharaohs retreat
medium oil on canvas



a aoftheday exhibition handpainted…"
287,rtbillionaire microsoft founder billgates has finally admitted that his and obamas questionable commoncore teaching meth…
288,"rttitle pharaohs retreat
medium oil on canvas



a aoftheday exhibition handpainted contemp…"
289,is launching hismillion grandchallenge to accelerate the development of a universal flu vaccine…
290,"marck zuckerberg è il terzo uomo più ricco al mondo offtopic billgates facebook

 marck zuckerberg è il terzo uo…"
291,"rtnew epidemic could killmillion people inmonths warns billgates

biologicalwarfare biological…"
292,success is a lousy teacher billgates teamscorpio <U+264F>
293,rthow do you wipe out billions of people and call yourself a philanthropist donate millions to gmo and vaccines …
294,thought for today changetheworldelonmusk lawofattraction…
295,oprahwinfrey warrenbuffet grantcardone garyvee tailopez billgates robekyosaki tonyrobbins markcuban…
296,"a quote about not comparing yourself with anyone by bill gates 

folioavenue billgates"
297,find your passion and find a career billgates gives career advice to the our nations youth mondaymotivation…
298,rtbillionaire microsoft founder billgates has finally admitted that his and obamas questionable commoncore teaching meth…
299,rtbillionaire microsoft founder billgates has finally admitted that his and obamas questionable commoncore teaching meth…
300,rtbillionaire microsoft founder billgates has finally admitted that his and obamas questionable commoncore teaching meth…
301,rtbillionaire microsoft founder billgates has finally admitted that his and obamas questionable commoncore teaching meth…
302,this is what billgates would tell his teenage selfwisdom advice rt
303,"elon musk is trending as top innovatorentrepreneur of

polling gt 

recent vote to…"
304,"elon musk is trending as top innovatorentrepreneur of


recent vote totals poll…"
305,heres a fact for mondayif bill gates were a country hed be the th richest on eah mondaymorning…
306,how was your weekend everyone what did you get up to monday mondaymotivation motivation motivationalquotes…
307,billgates admits his common core experiment has failed unitedstates
308,rtbillionaire microsoft founder billgates has finally admitted that his and obamas questionable commoncore teaching meth…
309,rtbillionaire microsoft founder billgates has finally admitted that his and obamas questionable commoncore teaching meth…
310,"por que empresas fazem planejamento estratégico

free bitcoin price technical analysis…"
311,billionaire microsoft founder billgates has finally admitted that his and obamas questionable commoncore teach…
312,"success is a lousy teacher it seduces sma people into thinking they cant lose 
mondaymotivation…"
313,rtbillgates was just a teen trying to please his parents when he discovered his passion for computers a passion that for…
314,"thebooks bill gates thinks everyone should read this summer
billgates summerreading
"
315,rtlos hermanos koch tienen un familyoffice para garantizar su legado por qué es impoante que tengas el tuyo hoy wealt…
316,does a viual assistant need it training to stop feeling overwhelmedforbes billgates…
317,rtbillgates was just a teen trying to please his parents when he discovered his passion for computers a passion that for…
318,rtbillgates was just a teen trying to please his parents when he discovered his passion for computers a passion that for…
319,"rttitle pharaohs retreat
medium oil on canvas



a aoftheday exhibition handpainted contemp…"
321,rtbillgates was just a teen trying to please his parents when he discovered his passion for computers a passion that for…
322,rtbillgates was just a teen trying to please his parents when he discovered his passion for computers a passion that for…
323,rtbillionaires are just like us watch bill gates and warren buffett browse records and buy candybi…
324,"rtmark zuckerberg become rd richest man


rhythmnews markzuckerberg warrenbuffett billgates http…"
325,rtbillgates was just a teen trying to please his parents when he discovered his passion for computers a passion that for…
326,"rtmark zuckerberg become rd richest man


rhythmnews markzuckerberg warrenbuffett billgates http…"
327,"mark zuckerberg become rd richest man


rhythmnews markzuckerberg warrenbuffett…"
328,rthoy compaimos una de las grandes frases de la filosofía de william henry gates iii conocido como billgates recono…
329,this can not but be truthbillgates
330,rtquotes of the daygoodnight smart investor yuknabungsaham sinarmas sekuritas todaysmarket growyourwealth saham…
331,"bill gates recommends some summer reads

books publishing billgates"
332,rtbillgates was just a teen trying to please his parents when he discovered his passion for computers a passion that for…
333,"to win big you sometimes have to take big risksbillgates

my word or thought of intention this week is “go…"
334,por primera vez en la historia las tres mayores founas del mundo están en manos de gigantes tecnológicos…
335,"rtthe internet has become the common meeting ground for people around the world use it to your advantage 
bill gate
cliqaf…"
336,rtbillgates was just a teen trying to please his parents when he discovered his passion for computers a passion that for…
337,hoy compaimos una de las grandes frases de la filosofía de william henry gates iii conocido como billgates rec…
338,rtbillgates was just a teen trying to please his parents when he discovered his passion for computers a passion that for…
339,rtbillgates was just a teen trying to please his parents when he discovered his passion for computers a passion that for…
340,rtbillgates was just a teen trying to please his parents when he discovered his passion for computers a passion that for…
341,rtbillgates was just a teen trying to please his parents when he discovered his passion for computers a passion that for…
342,"the internet has become the common meeting ground for people around the world use it to your advantage 
bill gate…"
343,rtit is all about lesson learned from the past and our never ending story on unawareness of how bad our past was as mari…
344,monday planning show them what youve got business value billgates
345,hoping to beat last years total ofin thekidneykarrally and rd highest with big effo this years…
346,your most unhappy customers are your greatest source of learning 
347,"mondaymotivation 
“if your business is not on the internet then your business will be out of business –…"
348,"ecommerce is the best way to make your shop or business effective
a great said “your most unhappy customers are…"
349,“i will always choose a lazy person to do a difficult job because he will find an easy way to do it” …
350,"rtsuccess is a lousy teacher it seduces sma people into thinking they cant losebillgates 
saturdayspecial major…"
351,"rttitle pharaohs retreat
medium oil on canvas



a aoftheday exhibition handpainted contemp…"
352,"rttitle pharaohs retreat
medium oil on canvas



a aoftheday exhibition handpainted contemp…"
353,"rttitle pharaohs retreat
medium oil on canvas



a aoftheday exhibition handpainted contemp…"
354,"
whatsuccess billgates trey richestperson unitedstate cofounder microsoftcorporation…"
355,rta must watch video please make…
356,rta must watch video please make…
357,cant believe the person who is in the extreme left in down first row is now the ce…
358,"rtsuccess is a lousy teacher it seduces sma people into thinking they cant losebillgates 
saturdayspecial major…"
359,rtpor primera vez las tres personas más ricas con vida son todos titanes tecnológicos jeff bezos de amazon billgates de…
360,check out thesefamous amp inspiring quotes of bill gatesinspiring quotes billgates
361,rtyour thoughts gmo mosquitos billgates
362,"rtbillgates gardasil 

scientist who studied safer alternative to traditional vaccines murdered in front of his childre…"
363,noneis a parody account howeverfounder billgates is the left most
364,great billgates business quotesmicrosoft windows microsoftoffice ceo leader ui
365,por primera vez las tres personas más ricas con vida son todos titanes tecnológicos jeff bezos de amazon…
366,oprahwinfrey warrenbuffet grantcardone garyvee tailopez billgates robekyosaki tonyrobbins markcuban…
367,rtyour thoughts gmo mosquitos billgates
368,rtyour thoughts gmo mosquitos billgates
369,"rttitle pharaohs retreat
medium oil on canvas



a aoftheday exhibition handpainted contemp…"
370,rtyour thoughts gmo mosquitos billgates
371,rtmelinda gates quotes for success amp positive changemelindagates billgates microsoft phil…
372,"title pharaohs retreat
medium oil on canvas



a aoftheday exhibition handpainted…"
373,rtyour thoughts gmo mosquitos billgates
374,"rttitle the burden of bill gates
medium oil on canvas



a aoftheday exhibition handpainted…"
375,melinda gates quotes for success amp positive changemelindagates billgates microsoft…
376,"rttitle the burden of bill gates
medium oil on canvas



a aoftheday exhibition handpainted…"
377,rtjust finished this steve jobs and young bill gates wall in bodegraven the netherlands stevejobs billgates streetar…
378,"gotta have speed
call et computer repair 
 etalien microsoft computers pc windows…"
379,rtyour thoughts gmo mosquitos billgates
380,a must watch video pl…
381,ben bazi derslerin sinavlarini geçemedim ama arkadasim hepsini geçti o simdi microsoftta basarili bir mühendis b…
382,"mark zuckerberg is now the thirdrichest person alive congratz mark
 …
markzuckerberg…"
383,oprahwinfrey warrenbuffet grantcardone garyvee tailopez billgates robekyosaki tonyrobbins markcuban…
384,it is all about lesson learned from the past and our never ending story on unawareness of how bad our past was…
385,oprahwinfrey warrenbuffet grantcardone garyvee tailopez billgates robekyosaki tonyrobbins markcuban…
386,merayakan sebuah kesuksesan bukanlah sebuah masalah tapi tetaplah kembali mempelajari setiap proses kegagalan yang…
387,"please visit the youtube channel 
 
oprahwinfrey warrenbuffet grantcardone garyvee…"
388,rtyour thoughts gmo mosquitos billgates
389,"rtthe royal house of yahweh at the future of us leadership with bill gates billgates
 washingtondc ghana kingyahwe…"
390,makes sense as to why billgates is funding gmo mosquitoes biotechnology crispr crispr agriculture…
391,el presidente de facebook marckzuckerberg logró superar a warrenbuffet como la ra persona más rica del mundo…
392,rtyour thoughts gmo mosquitos billgates
393,rtyour thoughts gmo mosquitos billgates
394,rtyour thoughts gmo mosquitos billgates
395,rtyour thoughts gmo mosquitos billgates
396,heard the news markzuckerberg is now richer thanhe ranks rd in the world afterof…
397,"rtbillgates gardasil 

scientist who studied safer alternative to traditional vaccines murdered in front of his childre…"
398,"billgates gardasil 

scientist who studied safer alternative to traditional vaccines murdered in front of his chi…"
399,rtyour thoughts gmo mosquitos billgates
400,rtyour thoughts gmo mosquitos billgates
401,rtyour thoughts gmo mosquitos billgates
402,find happinesscheck out our free tool and get your free detailed happiness repo mindfulness lawofattraction…
403,exercise onesit in a comfy position for at leastminutes let thoughts come and gothis exercise will help…
404,"rtmark zuckerberg wohbillion third richest in world after jeff bezos bill gates



markzucke…"
405,if your business is not on the internet then your business will be out of business billgates networkmarketing
406,rtyour thoughts gmo mosquitos billgates
407,bill gates billgates online communities how bill gates mark zuckerberg and other successful people sta their d…
408,rtyour thoughts gmo mosquitos billgates
409,if your business is not on the internet then your business will be out of business billgates networkmarketing
410,rtyour thoughts gmo mosquitos billgates
411,tus clientes insatisfechos son tu mejor activo de aprendizaje – billgates
412,rtyour thoughts gmo mosquitos billgates
413,great billgates business quotesmicrosoft windows microsoftoffice ceo leader ui
414,rtyour thoughts gmo mosquitos billgates
415,billgates woh billions and uses it to destroy life
416,está bien celebrar el éxito pero es más impoante prestar atención a las lecciones del fracasobillgates
417,yes he didwill we ever learn billgates
418,mjhy ptalg gya billgates n account ma paisy dai k ja bacha mojain kro
420,rtyour thoughts gmo mosquitos billgates
421,oprahwinfrey warrenbuffet grantcardone garyvee tailopez billgates robekyosaki tonyrobbins markcuban…
422,rtyour thoughts gmo mosquitos billgates
423,rtyour thoughts gmo mosquitos billgates
424,rtyour thoughts gmo mosquitos billgates
425,billgates microdosevr microdoseuk a microdose of lsddont you read the news newsweek usatoday
426,rtyour thoughts gmo mosquitos billgates
427,rtyour thoughts gmo mosquitos billgates
428,"rtwhat is common among stevejobs billgates and elonmusk
the ability to attract top talent
"
429,rtyour thoughts gmo mosquitos billgates
430,rtyour thoughts gmo mosquitos billgates
431,"rtripple and billgates foundation panership continues suppo for the unbanked

the foundation teamed up with ripple to…"
432,rtyour thoughts gmo mosquitos billgates
433,rtyour thoughts gmo mosquitos billgates
434,rtyour thoughts gmo mosquitos billgates
435,rtyour thoughts gmo mosquitos billgates
436,ce n’est pas votre faute si vous été née pauvre en revanche si vous mourrez pauvre c’est votre erreur billgates
437,rtyour thoughts gmo mosquitos billgates
438,microsoft billgates microsoft policy of punishing account users who use “offensive langua…
439,rtyour thoughts gmo mosquitos billgates
440,rtyour thoughts gmo mosquitos billgates
441,"rttitle margaret thatcher
medium oil on canvas



a aoftheday exhibition handpainted contem…"
442,"rttitle margaret thatcher
medium oil on canvas



a aoftheday exhibition handpainted contem…"
443,"rttitle margaret thatcher
medium oil on canvas



a aoftheday exhibition handpainted contem…"
444,"rttitle margaret thatcher
medium oil on canvas



a aoftheday exhibition handpainted contem…"
445,rttja billgates freemason en melinda gates trump moet vrouwen met meer respect behandelen gelijkh…
446,rtyour thoughts gmo mosquitos billgates
447,rtyour thoughts gmo mosquitos billgates
448,rtyour thoughts gmo mosquitos billgates
449,billgates is one of the biggest criminals on this planet and needs to be prosecuted for his crimes 
450,rtyour thoughts gmo mosquitos billgates
451,rtyour thoughts gmo mosquitos billgates
452,rtyour thoughts gmo mosquitos billgates
453,the powersthatbe live by what the georgiaguidestones say which is a population not exceeding …
454,"rttitle margaret thatcher
medium oil on canvas



a aoftheday exhibition handpainted contem…"
455,rtyour thoughts gmo mosquitos billgates
456,rtyour thoughts gmo mosquitos billgates
457,tja billgates freemason en melinda gates trump moet vrouwen met meer respect behandele…
458,rtyour thoughts gmo mosquitos billgates
459,"rt
the combined wealth of billgates warrenbuffett and jeffbezos isgreater than that ofof the…"
460,an abomination billgates abomination
461,rtyour thoughts gmo mosquitos billgates
462,rtyour thoughts gmo mosquitos billgates
463,rtyour thoughts gmo mosquitos billgates
464,rtyour thoughts gmo mosquitos billgates
465,rtyour thoughts gmo mosquitos billgates
466,rtyour thoughts gmo mosquitos billgates
467,anymore votes if you also reply well give you a shout out on our next podcastvote microsoft…
468,rtyour thoughts gmo mosquitos billgates
469,rtyour thoughts gmo mosquitos billgates
470,rtyour thoughts gmo mosquitos billgates
471,rtyour thoughts gmo mosquitos billgates
472,rtyour thoughts gmo mosquitos billgates
473,rtyour thoughts gmo mosquitos billgates
474,billgatesat it again chemtrail funded
475,rtyour thoughts gmo mosquitos billgates
476,rtyour thoughts gmo mosquitos billgates
477,rtyour thoughts gmo mosquitos billgates
478,rtyour thoughts gmo mosquitos billgates
479,"rtwhat is the liddle kidz foundation
seems adamshiff is involved i am digging but here are some fan facts
it has ope…"
480,"rtbillgates hizo estaspredicciones eny da miedo ver cómo se han cumplido 

 vía …"
481,"rt
the combined wealth of billgates warrenbuffett and jeffbezos isgreater than that ofof the…"
