1,rtblake shelton photo galleryblakeshelton conce photography …
2,blake shelton photo galleryblakeshelton conce photography
3,rtheycheck it out i think he likes you blakeshelton nodoubt
4,so when’s the block pay blakeshelton
5,love blakeshelton came here to forget
6,blake will you please officiate my wedding if i have it at…
7,rtreba ampreba rebaandblake blakeshelton
8,blakeshelton bringingbackthesunshine country music
9,how blakeshelton inspires gwenstefani to feel sexymybeat
10,rtdidyouknow that blakesheltons mom put him in pageants as a young boy
11,now playingblakesheltonevery time i hear that songon new country now
12,reba ampreba rebaandblake blakeshelton
13,wineo’s are loving this matbabysitter winelover blakeshelton
14,now playingblakesheltonill name the dogson new country now
15,click the link in our bio to get to the blog post about country star rudy parris from seasonof the 
16,gwentstefani is clearly very loved up with her boyfriend blakeshelton and she says he changed her life for t…
17,now playingblakesheltonill name the dogson new country now
18,forever loving this song blakeshelton
19,aamirkhan deepikapadukone eminem bbcworld imvkohli davidguetta ihrithik potus avrillavigne natgeo…
20,rtdo you listen to your music quietly and when it feels just right are you thinking of me blakeshelton
21,aamirkhan deepikapadukone eminem bbcworld imvkohli davidguetta ihrithik potus avrillavigne natgeo…
22,enjoyed blake sheldons yummy food on broadway and people watching blakeshelton nashville
23,newprofilepic blakeshelton
24,blakesheltonalways such a great show
25,rti’ve been a fan for years headed totonight so i thought i’d post this throw back to our show with hi…
26,heading to ok from nm last weekend of july for a wedding cant wait to go check out ole red…
27,"what an opening night 
justagirlblakeshelton"
28,i love the color coordination in this their hairs and jackets makes them look like one whole 
29,"bringing back the sunshine
blake sheltonblakeshelton"
30,looks like there still might be some bad blood between gwenstefani and blakesheltons exwife mirandalambe
31,blakeshelton performs holiday set at the grand ole oprymybeat
32,"blakeshelton tickets conce
please help my daughter win the contest just like and share thanks in advance for…"
33,"rtmy teenchoice for choicecountryaist is blakeshelton
"
34,"rtjust taking my mind on a visit
back in time cause i miss it
you wouldnt know to love it like i love it
unless you live…"
35,rtbecause he lived it the perfect blakeshelton playlist countrymusic iliveditfollow thetun…
36,blake will you please officiate my wedding if i have it at…
37,"rtjust taking my mind on a visit
back in time cause i miss it
you wouldnt know to love it like i love it
unless you live…"
38,"rtin vegasgwen stefani rocks the house in her cowgirl costume a sweet escape 
justagirl blakeshelton 
…"
39,"just taking my mind on a visit
back in time cause i miss it
you wouldnt know to love it like i love it
unless you lived it
blakeshelton"
40,hanging up on interview because you dont like a question is super unprofessional amp big pain in the…
41,rtheythese people do you right blakeshelton tribute blakenation
42,"rtin vegasgwen stefani rocks the house in her cowgirl costume a sweet escape 
justagirl blakeshelton 
…"
43,"rtin vegasgwen stefani rocks the house in her cowgirl costume a sweet escape 
justagirl blakeshelton 
…"
44,"rtin vegasgwen stefani rocks the house in her cowgirl costume a sweet escape 
justagirl blakeshelton 
…"
45,rtheythese people do you right blakeshelton tribute blakenation
46,blakeshelton my dad aka georgejonessaid im the best that ever lived hahaha i l…
47,rtheythese people do you right blakeshelton tribute blakenation
48,now playingblakesheltoni lived iton new country now
49,sake hokusetsu nobu newyork jimmyfallon blakeshelton
50,rthunter hayes surprise summerfestblakeshelton
51,"rtwhenshows off new dance steps she’s really in the cowgirl spiritkick up ur heels
justagirl …"
52,rtwhenshows off new dance steps she’s really in the cowgirl spiritkick up ur heelsl …
53,now playingblakesheltonevery time i hear that songon new country now
54,rthunter hayes surprise summerfestblakeshelton
55,"rttb blakesheltonkeithurban mirandalambe rascalflatts natashabedingfield taylorswift lukebryan ladyantebellum
…"
56,"rtin vegasgwen stefani rocks the house in her cowgirl costume a sweet escape 
justagirl blakeshelton 
…"
57,"rtin vegasgwen stefani rocks the house in her cowgirl costume a sweet escape 
justagirl blakeshelton 
…"
58,rtblakesheltontearing up milwaukee
59,"rtin vegasgwen stefani rocks the house in her cowgirl costume a sweet escape 
justagirl blakeshelton 
…"
60,"in vegasgwen stefani rocks the house in her cowgirl costume a sweet escape 
justagirl blakeshelton…"
61,rtheythese people do you right blakeshelton tribute blakenation
62,rtheythese people do you right blakeshelton tribute blakenation
63,"rthaving fun performing 
mirandalambe blakeshelton 
thesheltons shelbe love conce countrymusic …"
64,"rtwhenshows off new dance steps she’s really in the cowgirl spiritkick up ur heels
justagirl …"
65,"whenshows off new dance steps she’s really in the cowgirl spiritkick up ur heels
justagirl…"
66,rtheythese people do you right blakeshelton tribute blakenation
67,rtheythese people do you right blakeshelton tribute blakenation
68,heythese people do you right blakeshelton tribute blakenation
69,rtwhati know this guyblakeshelton summerfest ryanwildmadehimlaugh
70,i cannot fathom that people do not know what okra is just a southern thing i guess you guys it’s the best…
71,apparently blakeshelton thinks hes a stalker
72,rtjust came back to twitter to say that was one of the best conces i’ve ever seen great voicegreat mus…
73,rtjust came back to twitter to say that was one of the best conces i’ve ever seen great voicegreat mus…
74,rtjust came back to twitter to say that was one of the best conces i’ve ever seen great voicegreat mus…
75,rthunter hayes surprise summerfestblakeshelton
77,rtwhati know this guyblakeshelton summerfest ryanwildmadehimlaugh
78,blakeshelton
79,rtwhati know this guyblakeshelton summerfest ryanwildmadehimlaugh
80,rtkilled it tonight in milwaukee blake come back soon blakeshelton
81,rtdo you break things when you get mad eat a box of chocolates cause youre feelin sad blakeshelton
82,rtwhati know this guyblakeshelton summerfest ryanwildmadehimlaugh
83,blake will you please officiate my wedding if i have it at…
84,rtjust came back to twitter to say that was one of the best conces i’ve ever seen great voicegreat mus…
85,a little yard work calls for a little smithworksmysmithworksfam blakeshelton
86,blakeshelton x original flash sale not an auctionfirstgets itim clearing out so…
87,rthunter hayes surprise summerfestblakeshelton
88,rtblakesheltontearing up milwaukee
89,rtblakesheltontearing up milwaukee
90,rtjust came back to twitter to say that was one of the best conces i’ve ever seen great voicegreat mus…
91,rtkilled it tonight in milwaukee blake come back soon blakeshelton
92,"blake shelton at

summerfest milwaukee mke concephotography…"
93,rtjust came back to twitter to say that was one of the best conces i’ve ever seen great voicegreat mus…
94,rtjust came back to twitter to say that was one of the best conces i’ve ever seen great voicegreat mus…
95,awesome show blakeshelton summerfest
96,rtjust came back to twitter to say that was one of the best conces i’ve ever seen great voicegreat mus…
97,rtjust came back to twitter to say that was one of the best conces i’ve ever seen great voicegreat mus…
98,rtbecause he lived it the perfect blakeshelton playlist countrymusic iliveditfollow thetun…
99,rtblakesheltontearing up milwaukee
100,rthunter hayes surprise summerfestblakeshelton
101,rtwhati know this guyblakeshelton summerfest ryanwildmadehimlaugh
102,rtwhati know this guyblakeshelton summerfest ryanwildmadehimlaugh
103,rtjust came back to twitter to say that was one of the best conces i’ve ever seen great voicegreat mus…
104,rtjust came back to twitter to say that was one of the best conces i’ve ever seen great voicegreat mus…
105,rtjust came back to twitter to say that was one of the best conces i’ve ever seen great voicegreat mus…
106,just came back to twitter to say that was one of the best conces i’ve ever seen great voicegreat…
107,gwen stefani repoedly married blake shelton last yblakeshelton gwenstefani marriage
108,rtblakesheltontearing up milwaukee
109,rtbecause he lived it the perfect blakeshelton playlist countrymusic iliveditfollow thetun…
110,rtblakesheltontearing up milwaukee
111,rtmy daughters st conceblakeshelton at summerfest
112,rtbecause he lived it the perfect blakeshelton playlist countrymusic iliveditfollow thetun…
113,rti’ve been a fan for years headed totonight so i thought i’d post this throw back to our show with hi…
114,rthunter hayes surprise summerfestblakeshelton
115,rtyour vodka is so good my motherinlaw is already calling it “swissmerks” smithworks blakeshelton olered
117,rtbecause he lived it the perfect blakeshelton playlist countrymusic iliveditfollow thetun…
118,rthunter hayes surprise summerfestblakeshelton
119,rtblakesheltontearing up milwaukee
120,rtblakesheltontearing up milwaukee
121,rti’ve been a fan for years headed totonight so i thought i’d post this throw back to our show with hi…
122,rthunter hayes surprise summerfestblakeshelton
123,rtbecause he lived it the perfect blakeshelton playlist countrymusic iliveditfollow thetun…
124,because he lived it the perfect blakeshelton playlist countrymusic iliveditfollow…
125,rti’ve been a fan for years headed totonight so i thought i’d post this throw back to our show with hi…
126,"rtblake shelton conce epically crashed by legendary country band
blake staed the song out solo but after the first v…"
127,rthunter hayes surprise summerfestblakeshelton
128,"blakeshelton ilivedit
via"
129,blakesheltontearing up milwaukee
131,rtkilled it tonight in milwaukee blake come back soon blakeshelton
132,rtwow awesome summerfest summerfest blakeshelton
133,rtkilled it tonight in milwaukee blake come back soon blakeshelton
134,rthunter hayes surprise summerfestblakeshelton
135,killed it tonight in milwaukee blake come back soon blakeshelton
136,rtwow awesome summerfest summerfest blakeshelton
137,please come the weekend of theth for my bday omg if i can meet you it will be a dream come true blakeshelton olerednashville
138,i wish you were here you areon my bucket list to meet nashville…
139,rtwow awesome summerfest summerfest blakeshelton
140,wow awesome summerfest summerfest blakeshelton
141,rthunter hayes surprise summerfestblakeshelton
143,rti’ve been a fan for years headed totonight so i thought i’d post this throw back to our show with hi…
144,whati know this guyblakeshelton summerfest ryanwildmadehimlaugh
145,rti’ve been a fan for years headed totonight so i thought i’d post this throw back to our show with hi…
146,so long forsummerfestit was greatimaginedragons fgl shawnmendez blakeshelton summerfest…
147,rti’ve been a fan for years headed totonight so i thought i’d post this throw back to our show with hi…
148,rthunter hayes surprise summerfestblakeshelton
149,rthunter hayes surprise summerfestblakeshelton
150,rthunter hayes surprise summerfestblakeshelton
151,"rtblake shelton reloadeds
 
 blakeshelton countrymusic giftideas cd"
152,rthunter hayes surprise summerfestblakeshelton
153,rthunter hayes surprise summerfestblakeshelton
154,rthunter hayes surprise summerfestblakeshelton
155,rthunter hayes surprise summerfestblakeshelton
156,rthunter hayes surprise summerfestblakeshelton
157,rthunter hayes surprise summerfestblakeshelton
158,rthunter hayes surprise summerfestblakeshelton
159,"blake shelton reloadeds
 
 blakeshelton countrymusic giftideas cd"
160,hunter hayes surprise summerfestblakeshelton
161,"rta little blake sheldon on this beautiful friday night in milwaukee

travelingfoodies summerfest blakeshelton g…"
162,"a little blake sheldon on this beautiful friday night in milwaukee

travelingfoodies summerfest blakeshelton…"
164,rtyour vodka is so good my motherinlaw is already calling it “swissmerks” smithworks blakeshelton olered
165,blake sheltonthe emanuels ladies are here to see you blakeshelton summerfestamerican family insurance am…
166,whenitrains lukecombs summerfest amphitheater blakesheltonamerican family insurance amphitheater
167,your vodka is so good my motherinlaw is already calling it “swissmerks” smithworks blakeshelton olered
169,can’t miss thatflow blakeshelton summerfest
173,blake shelton summerfest friends blakeshelton lukecombssummerfest
174,last summerfest date of the seasonblakeshelton lukecombs summerfest summerfestlovewhereyoulivesumm…
175,bark twice if youre in milwaukeesummerfest blakeshelton
176,price reduced blake shelton tickets for tonight at summerfestfor pairvalue or best offer in close…
177,waiting for luke combs and blake shelton blakeshelton
178,whole lotta bs tonightwithsummerfest blakeshelton countrymusicfreakstour
179,my daughters st conceblakeshelton at summerfest
180,summerfestdate night with the hubby and blakesheltonhenry maier festival parkin milwaukee…
181,"rttb blakesheltonkeithurban mirandalambe rascalflatts natashabedingfield taylorswift lukebryan ladyantebellum
…"
183,rtinternationalkissingday moreplease gwenstefani blakeshelton 
184,rtinternationalkissingday moreplease gwenstefani blakeshelton 
185,rtinternationalkissingday moreplease gwenstefani blakeshelton 
186,rtinternationalkissingday moreplease gwenstefani blakeshelton 
187,rtinternationalkissingday moreplease gwenstefani blakeshelton 
188,rtinternationalkissingday moreplease gwenstefani blakeshelton 
189,rtinternationalkissingday moreplease gwenstefani blakeshelton 
190,"just taking my mind on a visit
back in time cause i miss it
you wouldnt know to love it like i love it
unless you lived it
blakeshelton"
191,onthisday inblack sheltons song sangria was thesong on the country chas you still got us saying your…
192,rti’ve been a fan for years headed totonight so i thought i’d post this throw back to our show with hi…
193,now playingblakesheltonevery time i hear that songon new country now
194,i’ve been a fan for years headed totonight so i thought i’d post this throw back to our show wit…
195,blake shelton tonight this day is dragging checking one off the bucket list summerfest blakeshelton
196,happy blakeshelton day
197,rttbt my parents were super excited to meeti mean look at moms reaction 
198,rttbt my parents were super excited to meeti mean look at moms reaction 
199,now playingblakesheltoni lived iton new country now
200,rttbt my parents were super excited to meeti mean look at moms reaction 
201,blakeshelton neonlights countrymusic
202,rttbt my parents were super excited to meeti mean look at moms reaction 
203,rttbt my parents were super excited to meeti mean look at moms reaction 
204,rtcruise booked for august  now back in the garden admiring the sun and listening to music countrymusic johnnycash d…
205,rttbt my parents were super excited to meeti mean look at moms reaction 
206,rttbt my parents were super excited to meeti mean look at moms reaction 
207,rttbt my parents were super excited to meeti mean look at moms reaction 
208,rttbt my parents were super excited to meeti mean look at moms reaction 
211,use witch hazel or vinegar blakesheltonhope it helps
212,rtugh why is blake so handsome blakeshelton
213,rtugh why is blake so handsome blakeshelton
214,rtdo you break things when you get mad eat a box of chocolates cause youre feelin sad blakeshelton
215,"rtblake shelton conce epically crashed by legendary country band
blake staed the song out solo but after the first v…"
216,"rtblake shelton conce epically crashed by legendary country band
blake staed the song out solo but after the first v…"
217,"rtblake shelton conce epically crashed by legendary country band
blake staed the song out solo but after the first v…"
218,"rtblake shelton conce epically crashed by legendary country band
blake staed the song out solo but after the first v…"
219,rtcruise booked for august  now back in the garden admiring the sun and listening to music countrymusic johnnycash d…
220,"rtblake shelton conce epically crashed by legendary country band
blake staed the song out solo but after the first v…"
221,rtugh why is blake so handsome blakeshelton
223,"rtblake shelton conce epically crashed by legendary country band
blake staed the song out solo but after the first v…"
224,rtshefani <U+2665> gwenstefani blakeshelton
225,"rtblake shelton conce epically crashed by legendary country band
blake staed the song out solo but after the first v…"
226,rtdo you break things when you get mad eat a box of chocolates cause youre feelin sad blakeshelton
227,"rtblake shelton conce epically crashed by legendary country band
blake staed the song out solo but after the first v…"
228,"rtblake shelton conce epically crashed by legendary country band
blake staed the song out solo but after the first v…"
229,"rtblake shelton conce epically crashed by legendary country band
blake staed the song out solo but after the first v…"
230,"rtblake shelton conce epically crashed by legendary country band
blake staed the song out solo but after the first v…"
231,rtshefani <U+2665> gwenstefani blakeshelton
232,"rtblake shelton conce epically crashed by legendary country band
blake staed the song out solo but after the first v…"
233,"blake shelton conce epically crashed by legendary country band
blake staed the song out solo but after the fir…"
234,rtdo you break things when you get mad eat a box of chocolates cause youre feelin sad blakeshelton
235,lunch with ole red olerednashville billybrowncountry nashville blakeshelton countrymusicole red nashville
236,country music star rudy parris of the voice seasoninterviews with jeffrey zagaria stay tuned for our blog post…
237,"rt
free show family friendly pm countrymusic valencia santaclarita freemusic countrygreate…"
238,indiana to wisconsin to catch the show friday in milwaukee roadtrip blakeshelton lukecombs
239,rtshefani gwenstefani blakeshelton
240,rtshefani  gwenstefani blakeshelton
241,rtshefani  gwenstefani blakeshelton
242,"
free show family friendly pm countrymusic valencia santaclarita freemusic…"
243,ugh why is blake so handsome <U+2665> blakeshelton
244,shefani gwenstefani blakeshelton
245,gwenstefani und ihr stalker blakeshelton
246,"rtgwen stefani wears cowgirl getup in vegas show – what does blake shelton think
with sparkly fringe and western embroid…"
247,rtstill cant get over this facebook fan photo post its like gwens always glamorous wherever she is and happy most with b…
248,just gwen and blake shefanigwenstefani blakeshelton
249,rtif you don’t love the american flag you can kiss my country ass blakeshelton
250,lo mejor de lo mejor de los fireworks macysfireworks macys nbc rickymain kellyclarkson blakeshelton…
251,blake shelton doesnt know any gwen stefani songsblakeshelton gwenstefani nodoubt
253,rttomorrow might be hell but a night or two of lovin you is better than never at all blakeshelton
254,"blake shelton reloadeds
 
 blakeshelton countrymusic giftideas cd"
257,i’d like to see blakeshelton live
258,blakeshelton lip syncing on nbc thofjuly
261,rtstill cant get over this facebook fan photo post its like gwens always glamorous wherever she is and happy most with b…
262,wtf is going on with this blakeshelton situation on nbc right now for the macysfireworks in newyorkcity
263,blakeshelton singing “she got the goldmine” may be the low key shadiest thing i’ve seen in a while i love it
264,rtim crazy about friday nights cold beer and good times crazy about a summer day out on the lake blakeshelton
265,"rtjust taking my mind on a visit
back in time cause i miss it
you wouldnt know to love it like i love it
unless you li…"
267,great performanceswish i wasin nashville again this july though ugh one day i will get to see…
268,"who would have thunk it me appreciating country music 
blakeshelton gonna 
macysfireworks"
269,rtstill cant get over this facebook fan photo post its like gwens always glamorous wherever she is and happy most with b…
270,i love blakesheltontexomashore the best
271,rtstill cant get over this facebook fan photo post its like gwens always glamorous wherever she is and happy most with b…
272,rtstill cant get over this facebook fan photo post its like gwens always glamorous wherever she is and happy most with b…
273,rtstill cant get over this facebook fan photo post its like gwens always glamorous wherever she is and happy most with b…
274,rtstill cant get over this facebook fan photo post its like gwens always glamorous wherever she is and happy most with b…
275,rtthis year’s watershedfest is going to be bigger and better than ever with performances by thevoice’s raelynn and c…
276,rtand because it would be rude to leave youngerblake out of the throwback enjoyment blakeshelton …
277,rtand because it would be rude to leave youngerblake out of the throwback enjoyment blakeshelton …
278,rtstill cant get over this facebook fan photo post its like gwens always glamorous wherever she is and happy most with b…
279,rtblake shelton announces country music freaks tourticktes at gtgtblakeshelton …
280,rtstill cant get over this facebook fan photo post its like gwens always glamorous wherever she is and happy most with b…
281,still cant get over this facebook fan photo post its like gwens always glamorous wherever she is and happy most…
282,"mirandalambe shes just gonna ring out every drop of her mistake isnt she lol blakeshelton

glad shes movin…"
283,we’re buzzing like the no vacancy sign out front your skin is begging to be kissed by a little more than the sun…
284,rta thread for reasons blakeshelton family
285,will we seefriday night in milwaukeewhile watchingconce hopeful…
286,rta thread for reasons blakeshelton family
287,rtthis year’s watershedfest is going to be bigger and better than ever with performances by thevoice’s raelynn and c…
288,rthighland temptation author lori ann bailey akashares the albums amp songs that inspire her highland pride s…
289,bobbikristina drugs addicted friends bannedravensymone cozy with…
290,rtthis year’s watershedfest is going to be bigger and better than ever with performances by thevoice’s raelynn and c…
291,kellyclarkson blakeshelton and more will be performing at macys th of july fireworks spectacular…
292,corybatten wrote “she wouldn’t be gone” forblakeshelton cowritten by …
293,rtblakeshelton tweets he’s a stalker after attending all of gwenstefani’s vegas shows more on peoplenow …
294,if you don’t love the american flag you can kiss my country ass blakeshelton
295,if you don’t love the american flag you can kiss my country ass happy bihday america lol fouhofjuly…
296,rtblakeshelton tweets he’s a stalker after attending all of gwenstefani’s vegas shows more on peoplenow …
297,rticymihad the honor of presenting the video of the year award to blakeshelton cmtawards
298,rtblakeshelton tweets he’s a stalker after attending all of gwenstefani’s vegas shows more on peoplenow …
299,rtdo you break things when you get mad eat a box of chocolates cause youre feelin sad blakeshelton
300,blakeshelton and gwen stefani radiate sexiness in stunning vanity fair porait
301,"bringing back the sunshine
blake sheltonblakeshelton"
302,rtdo you break things when you get mad eat a box of chocolates cause youre feelin sad blakeshelton
303,blakeshelton calls himself a stalker after watching gwenstefanis first three vegas shows…
304,rtthis year’s watershedfest is going to be bigger and better than ever with performances by thevoice’s raelynn and c…
305,rtdo you break things when you get mad eat a box of chocolates cause youre feelin sad blakeshelton
306,rtdo you break things when you get mad eat a box of chocolates cause youre feelin sad blakeshelton
307,rtdo you break things when you get mad eat a box of chocolates cause youre feelin sad blakeshelton
308,rtblakeshelton tweets he’s a stalker after attending all of gwenstefani’s vegas shows more on peoplenow …
309,rtdo you break things when you get mad eat a box of chocolates cause youre feelin sad blakeshelton
310,blake shelton – blakesheltonknows how to show his girlfriend he cares
311,rtblakeshelton tweets he’s a stalker after attending all of gwenstefani’s vegas shows more on peoplenow …
312,rtblakeshelton tweets he’s a stalker after attending all of gwenstefani’s vegas shows more on peoplenow …
313,now playingblakesheltoni lived iton new country now
314,blakesheltondoin what she likesmusic
315,rtthis year’s watershedfest is going to be bigger and better than ever with performances by thevoice’s raelynn and c…
316,rtblakeshelton tweets he’s a stalker after attending all of gwenstefani’s vegas shows more on peoplenow …
317,"rtlets save some precious lives seriously who’s with mest jude childrens research hospital 
bretteldredge co…"
318,rtblakeshelton tweets he’s a stalker after attending all of gwenstefani’s vegas shows more on peoplenow …
319,"writing with this guy
laughs and goodtimes
blakesheltonhoney bee 
official music videovia"
320,rtdo you break things when you get mad eat a box of chocolates cause youre feelin sad blakeshelton
321,rtblakeshelton tweets he’s a stalker after attending all of gwenstefani’s vegas shows more on peoplenow …
322,rtdo you break things when you get mad eat a box of chocolates cause youre feelin sad blakeshelton
323,rtblakeshelton tweets he’s a stalker after attending all of gwenstefani’s vegas shows more on peoplenow …
324,rtheycheck it out i think he likes you blakeshelton nodoubt
325,"no doubt about it 
their first dance song i mean <U+653C><U+3E64><U+613C><U+3E30><U+623C><U+3E64><U+653C><U+3E64><U+623C><U+3E38><U+383C><U+3E66> 
mirandalambe blakeshelton thesheltons…"
326,rtthis year’s watershedfest is going to be bigger and better than ever with performances by thevoice’s raelynn and c…
327,rtdo you break things when you get mad eat a box of chocolates cause youre feelin sad blakeshelton
328,rtthis year’s watershedfest is going to be bigger and better than ever with performances by thevoice’s raelynn and c…
329,rtdo you break things when you get mad eat a box of chocolates cause youre feelin sad blakeshelton
330,rtthis year’s watershedfest is going to be bigger and better than ever with performances by thevoice’s raelynn and c…
331,rtdo you break things when you get mad eat a box of chocolates cause youre feelin sad blakeshelton
332,rtdo you break things when you get mad eat a box of chocolates cause youre feelin sad blakeshelton
333,rtdo you break things when you get mad eat a box of chocolates cause youre feelin sad blakeshelton
334,last night was pretty cool i i got to meet this guywho is one of my favourite country songwriters…
335,rtdo you break things when you get mad eat a box of chocolates cause youre feelin sad blakeshelton
336,last night was pretty cool i i got to meet this guywho is one of my favourite country songwriters…
337,rtheycheck it out i think he likes you blakeshelton nodoubt
338,rtthis year’s watershedfest is going to be bigger and better than ever with performances by thevoice’s raelynn and c…
339,rtand because it would be rude to leave youngerblake out of the throwback enjoyment blakeshelton …
340,rtthis year’s watershedfest is going to be bigger and better than ever with performances by thevoice’s raelynn and c…
341,rtheycheck it out i think he likes you blakeshelton nodoubt
342,rtdo you break things when you get mad eat a box of chocolates cause youre feelin sad blakeshelton
343,rtthis year’s watershedfest is going to be bigger and better than ever with performances by thevoice’s raelynn and c…
344,rtdo you break things when you get mad eat a box of chocolates cause youre feelin sad blakeshelton
345,rtblakeshelton tweets he’s a stalker after attending all of gwenstefani’s vegas shows more on peoplenow …
346,rtblakeshelton tweets he’s a stalker after attending all of gwenstefani’s vegas shows more on peoplenow …
347,ya but did you get to do a meet and greetha weirdo blakeshelton…
348,rtdo you break things when you get mad eat a box of chocolates cause youre feelin sad blakeshelton
349,rtdo you break things when you get mad eat a box of chocolates cause youre feelin sad blakeshelton
350,rtdo you break things when you get mad eat a box of chocolates cause youre feelin sad blakeshelton
351,rtdo you break things when you get mad eat a box of chocolates cause youre feelin sad blakeshelton
352,do you break things when you get mad eat a box of chocolates cause youre feelin sad blakeshelton
353,rtblakeshelton tweets he’s a stalker after attending all of gwenstefani’s vegas shows more on peoplenow …
354,rtif you can read pls retweet thismyyr old gma loves you and said the last thing on her bucket list is…
355,rtthis year’s watershedfest is going to be bigger and better than ever with performances by thevoice’s raelynn and c…
356,rtblakeshelton tweets he’s a stalker after attending all of gwenstefani’s vegas shows more on peoplenow …
357,rtblakeshelton tweets he’s a stalker after attending all of gwenstefani’s vegas shows more on peoplenow …
358,rtthis year’s watershedfest is going to be bigger and better than ever with performances by thevoice’s raelynn and c…
359,rtmay be as close as i ever get to the beautiful man blakesheltonhe is even pretty in paint 
360,would love to be there blakeshelton
361,rtblakeshelton tweets he’s a stalker after attending all of gwenstefani’s vegas shows more on peoplenow …
362,rtthis year’s watershedfest is going to be bigger and better than ever with performances by thevoice’s raelynn and c…
363,rtblakeshelton tweets he’s a stalker after attending all of gwenstefani’s vegas shows more on peoplenow …
364,rtthis year’s watershedfest is going to be bigger and better than ever with performances by thevoice’s raelynn and c…
365,rtblakeshelton tweets he’s a stalker after attending all of gwenstefani’s vegas shows more on peoplenow …
366,rtblakeshelton tweets he’s a stalker after attending all of gwenstefani’s vegas shows more on peoplenow …
367,the voice seasonteam blake shelton and country star rudy parris shared incredible behind the scene stories wi…
368,rtif you can read pls retweet thismyyr old gma loves you and said the last thing on her bucket list is…
369,aamirkhan deepikapadukone eminem bbcworld imvkohli davidguetta ihrithik potus avrillavigne natgeo…
370,rtblakeshelton tweets he’s a stalker after attending all of gwenstefani’s vegas shows more on peoplenow …
371,rtblakeshelton tweets he’s a stalker after attending all of gwenstefani’s vegas shows more on peoplenow …
372,rtblakeshelton tweets he’s a stalker after attending all of gwenstefani’s vegas shows more on peoplenow …
373,rtthis year’s watershedfest is going to be bigger and better than ever with performances by thevoice’s raelynn and c…
374,rtblakeshelton tweets he’s a stalker after attending all of gwenstefani’s vegas shows more on peoplenow …
375,rtblakeshelton tweets he’s a stalker after attending all of gwenstefani’s vegas shows more on peoplenow …
376,rtthis year’s watershedfest is going to be bigger and better than ever with performances by thevoice’s raelynn and c…
377,rtthis year’s watershedfest is going to be bigger and better than ever with performances by thevoice’s raelynn and c…
378,rtthis year’s watershedfest is going to be bigger and better than ever with performances by thevoice’s raelynn and c…
379,rtthis year’s watershedfest is going to be bigger and better than ever with performances by thevoice’s raelynn and c…
380,rtblakeshelton tweets he’s a stalker after attending all of gwenstefani’s vegas shows more on peoplenow …
381,rtblakeshelton tweets he’s a stalker after attending all of gwenstefani’s vegas shows more on peoplenow …
382,rtblakeshelton tweets he’s a stalker after attending all of gwenstefani’s vegas shows more on peoplenow …
383,rtblakeshelton tweets he’s a stalker after attending all of gwenstefani’s vegas shows more on peoplenow …
384,rtblakeshelton tweets he’s a stalker after attending all of gwenstefani’s vegas shows more on peoplenow …
385,rtblakeshelton tweets he’s a stalker after attending all of gwenstefani’s vegas shows more on peoplenow …
386,rtblakeshelton tweets he’s a stalker after attending all of gwenstefani’s vegas shows more on peoplenow …
387,best and worst ofprincewilliam amp katemiddleton newlyweds kimkardashian runaway…
388,"rtpretty soon well hit the stage
ill feel the lights hit my face
well see some magic in the room

aint no moment like w…"
389,rtblakeshelton tweets he’s a stalker after attending all of gwenstefani’s vegas shows more on peoplenow …
390,rtblakeshelton tweets he’s a stalker after attending all of gwenstefani’s vegas shows more on peoplenow …
391,rtblakeshelton tweets he’s a stalker after attending all of gwenstefani’s vegas shows more on peoplenow …
392,rtblakeshelton tweets he’s a stalker after attending all of gwenstefani’s vegas shows more on peoplenow …
393,rtblakeshelton tweets he’s a stalker after attending all of gwenstefani’s vegas shows more on peoplenow …
394,rtblakeshelton tweets he’s a stalker after attending all of gwenstefani’s vegas shows more on peoplenow …
395,rtblakeshelton tweets he’s a stalker after attending all of gwenstefani’s vegas shows more on peoplenow …
396,blakeshelton tweets he’s a stalker after attending all of gwenstefani’s vegas shows more on peoplenow…
397,rtin vegas openingnight shoutouttojeremyscott blakeshelton justagirl
398,rtmay be as close as i ever get to the beautiful man blakesheltonhe is even pretty in paint 
399,rtand because it would be rude to leave youngerblake out of the throwback enjoyment blakeshelton …
400,rtshe wouldn’t be gone byjuneblakeshelton countrymusic budlight
401,she wouldn’t be gone byjuneblakeshelton countrymusic budlight
402,blake shelton calls himself a stalkr aftr seein gwen stefanis vegas showtimes …
403,rtif you can read pls retweet thismyyr old gma loves you and said the last thing on her bucket list is…
404,rtif you can read pls retweet thismyyr old gma loves you and said the last thing on her bucket list is…
405,rtif you can read pls retweet thismyyr old gma loves you and said the last thing on her bucket list is…
406,rtif you can read pls retweet thismyyr old gma loves you and said the last thing on her bucket list is…
407,rtif you can read pls retweet thismyyr old gma loves you and said the last thing on her bucket list is…
408,rtif you can read pls retweet thismyyr old gma loves you and said the last thing on her bucket list is…
409,rtif you can read pls retweet thismyyr old gma loves you and said the last thing on her bucket list is…
410,rtif you can read pls retweet thismyyr old gma loves you and said the last thing on her bucket list is…
411,blakeshelton you done great with the credit repo song i can too step to that song lol we love ya
412,rtand because it would be rude to leave youngerblake out of the throwback enjoyment blakeshelton …
413,"retweeted women of country 

this year’s watershedfest is going to be bigger and better than ev…"
414,rtthis year’s watershedfest is going to be bigger and better than ever with performances by thevoice’s raelynn and c…
415,rtand because it would be rude to leave youngerblake out of the throwback enjoyment blakeshelton …
416,"rtall i ever wanted was you and me
blakeshelton"
417,rtif you can read pls retweet thismyyr old gma loves you and said the last thing on her bucket list is…
418,rtbaby if i had to choose my best day ever my finest hour my wildest dream come true mine would be you blakeshelton
419,rtif you can read pls retweet thismyyr old gma loves you and said the last thing on her bucket list is…
420,blakeshelton we need ur helpokc is trying to take water from our kiamichi river here in se ok the kiamichi is…
421,rtif you can read pls retweet thismyyr old gma loves you and said the last thing on her bucket list is…
422,"rtdvr ale blakeshelton keithurban ladyantebellum

"
423,rtblakeshelton opens up about life amp love id like to ride this wave till i die more on peoplenow …
424,"dvr ale blakeshelton keithurban ladyantebellum

"
425,rtif you can read pls retweet thismyyr old gma loves you and said the last thing on her bucket list is…
426,check out the lyrics to the blakeshelton song i lived itkyms todayschristiancountry
427,rtif you can read pls retweet thismyyr old gma loves you and said the last thing on her bucket list is…
428,planning a trip to nashville tn need to know a good place to stay that can accommodate our tour busrvparks…
429,rtif you can read pls retweet thismyyr old gma loves you and said the last thing on her bucket list is…
430,even thoughwas in vegas with gwen i still somehow managed to get a pic with him 
431,rtif you can read pls retweet thismyyr old gma loves you and said the last thing on her bucket list is…
432,rtif you can read pls retweet thismyyr old gma loves you and said the last thing on her bucket list is…
433,rtif you can read pls retweet thismyyr old gma loves you and said the last thing on her bucket list is…
434,blakeshelton bringingbackthesunshine country music
