1,1,"rtbritneyspears challenge
adults react to try not to feel old"
2,2,rtbritney arriving at washington britneyspears
3,3,rtpieceofme is coming pears
4,4,rtpieceofme is coming  britneyspears
5,5,"rtbritneyspears challenge
adults react to try not to feel old"
6,6,"rtless thanhours to sta the pieceofmetour by britneyspears

new remixes in the setlist 
new outfits
new song…"
7,7,"rtbritneyspears challenge
adults react to try not to feel old"
8,8,rtbritney arriving in washingtonbritneyspears britneyarmy pieceofme…
9,9,rtbritneyspears queen of denim
10,10,"rtmy britneyspears th album concept b bgraphy

new photo by the lovely"
11,11,"rtless thanhours to sta the pieceofmetour by britneyspears
new remixes in the setlist new outfits 
new song…"
12,12,rtbritney arriving at washington britneyspears
13,13,colombiano colombianboy instacolombian beautiful nails monteria cali pasto barranquilla neiva girls…
14,14,"rtless thanhours to sta the pieceofmetour by britneyspears

new remixes in the setlist
new outfits 
new song…"
15,15,"rtbritneyspears challenge
adults react to try not to feel old"
16,16,"rtbritneyspears challenge
adults react to try not to feel old"
17,17,"dont make a sound just love me down like

britneyspears lovemedown itsbritneybitch britneyiscoming…"
18,18,my hair was darker and so sho since this video everything has changed my hair is lighter and longer and i’m down…
19,19,rtbritney arriving at washington britneyspears
20,20,best quotes of britney spearsbritneyspearsquotes britneyspearsphotos britneyspears
21,21,"rtbritneyspears challenge
adults react to try not to feel old"
22,22,rtbritney arriving at washington britneyspears
23,23,rtbritney arriving in washingtonbritneyspears britneyarmy pieceofme…
24,24,"rtbritneyspears challenge
adults react to try not to feel old"
25,25,"rt“radar” now has overmillion plays onit is 
the third blackout song to reach thisbritn…"
26,26,"britneyspears challenge
adults react to try not to feel old"
27,27,pieceofme britneyspears glory
28,28,"rtless thanhours to sta the pieceofmetour by britneyspears

new remixes in the setlist 
new outfits 
new song…"
29,29,pieceofme britneyspears
30,30,"rtless thanhours to sta the pieceofmetour by britneyspears

new remixes in the setlist 
new outfits 
new song…"
31,31,"rt“radar” now has overmillion plays onit is 
the third blackout song to reach thisbritn…"
32,32,rtbritney arriving at washington britneyspears
33,33,rtbritney arriving in washingtonbritneyspears britneyarmy pieceofme…
34,34,britney arriving at washington britneyspears
35,35,rtbritney arriving in washingtonbritneyspears britneyarmy pieceofme…
36,36,"rtless thanhours to sta the pieceofmetour by britneyspears

new remixes in the setlist 
new outfits
new song…"
37,37,britneyarmy they finally added the poll pa vote forwho’s in the lead britneyspears
38,38,rtposts new acapella cover on instagram britneyspears
39,39,"rtless thanhours to sta the pieceofmetour by britneyspears

new remixes in the setlist 
new outfits
new song…"
40,40,"rtless thanhours to sta the pieceofmetour by britneyspears

new remixes in the setlist new outfits
new song…"
41,41,voy a hacerr una marcha para que britneyspears deje de hacerse pendeja publicando mamadas en ig y sacando mas…
42,42,"rtless thanhours to sta the pieceofmetour by britneyspears

new remixes in the setlist new outfits
new song…"
43,43,"less thanhours to sta the pieceofmetour by britneyspears

new remixes in the setlist
new outfits new so…"
44,44,"rtcast your votes

britneyspears
britneyphilippines
bph"
45,45,britneyspearsseen in shos at the airpo as she arrives into washington dcjulx…
46,46,britneyspears pieceofme britneyarmy
47,47,britney arriving in washingtonbritneyspears britneyarmy pieceofme
48,48,"“radar” now has overmillion plays onit is 
the third blackout song to reach this …"
49,49,"rtmy britneyspears th album concept b bgraphy

new photo by the lovely"
50,50,britney spears at los angeles international airpojulybritneyspears
51,51,"look what i foundlol
bedroom britneyspears goodeveningpost july pepsi tuesdayeveningb…"
52,52,“i wanna go” now has overmillion plays onthis is ’ th song as lead aist to reach t…
53,53,toxic britneyspears
54,54,britney spotted at laxbritneyarmy britneyspears pieceofme
55,55,best quotes of britney spearsbritneyspearsquotes britneyspearsphotos britneyspears
56,56,rtbritneyspears pieceofme britneyarmy
57,57,"the circus starring britney spears tour
britneyspears pieceofme britneyarmy…"
58,58,britneyspears pieceofme britneyarmy
60,59,britneyspears pieceofme britneyarmy
61,60,britneyspears pieceofme britneyarmy
62,61,sensaaaaaa britneyspears britneyarmy ilovebritneyspears
63,62,rtwe need to let britneyspears know we want new music let’s get britneyiscoming trending
64,63,best quotes of britney spearsbritneyspearsquotes britneyspearsphotos britneyspears
65,64,fucking lovebritneyspears
66,65,the hidden gem off of baby one more time “i will be there”these live vocals are just everything fo…
67,66,"britneyspears 

pieceofme 

pieceofmetour

britneyarmy"
68,67,so good i had to share check out all the items im loving onposhmark fashion style shopmycloset…
69,68,"rtupdate of the day
lucky music video by britneyspears reachedmillion views on youtube …"
70,69,everyone needs a anthem song that defines them for years mine was “in the end” by linkinpark now it is “i am str…
71,70,relax i’m parked the ac feels great with a lil britney britneyspears soasweetliptrio myhairlookskillad…
74,71,nowplaying william britneyspearsfeat britney spearsscream amp shoutbb radioin berlin ger auf
75,72,britneyspears y los años
76,73,best quotes of britney spearsbritneyspearsquotes britneyspearsphotos britneyspears
77,74,"iconic 

britneyspearsbritney apple pieceofme iconic legendary"
79,75,pieceofme britneyspears pieceofmelasvegas britneypieceofme jaefuszmikeypesante …
80,76,dias pieceofmetour britneyspears
81,77,rti selling two groundfloor tickets forin berlin th august now it’s sold out you can chance to see her…
82,78,hey britney you say you wanna lose control  britneyspears
84,79,rtdays ahhhh safe travels toher dancers amp the entire crew britneyspears pieceofmetour britn…
85,80,rtbritneyspears has tweeted so happy to be reunited with this crew and grateful to be doing what we love together again…
86,81,rttwo daysbritneyspears pieceofmetour britneyspearsarmy
87,82,britneyspears has tweeted sometimes my son expresses himself through a he’s really into the ultra instinct loo…
88,83,three wordsit’s britney bitch britneyspears mgmnationalharbor
90,84,best quotes of britney spearsbritneyspearsquotes britneyspearsphotos britneyspears
91,85,rtthis weeks shows <U+2764> britneyspears pieceofmetour
92,86,rti selling two groundfloor tickets forin berlin th august now it’s sold out you can chance to see her…
93,87,womanizer britneyspears fana
94,88,rtbest quotes of britney spearsbritneyspearsquotes britneyspearsphotos britneyspears …
95,89,rtbest quotes of britney spearsbritneyspearsquotes britneyspearsphotos britneyspears …
96,90,rtbest quotes of britney spearsbritneyspearsquotes britneyspearsphotos britneyspears …
97,91,rtnew pic from frances iacuzzi photoshoot britneyspears
98,92,rtretweet if you’re excited for britneyspears pieceofmetour in five days britneyiscoming
99,93,você q usa regata cavada na acdemia põe kg no supino e grita feito um bicho levantando peso e no fone ta ouvindo…
100,94,"rtmy britneyspears th album concept b bgraphy

new photo by the lovely"
101,95,"invented love island britneyspears loveisland 

"
102,96,"rtcast your votes

britneyspears
britneyphilippines
bph"
103,97,britney spears gets pranked by son jaydenbritney britneyspears funny
104,98,tickets for saleconce britney spearsspopaleis antwerpaug tickets britneyspears forsale…
106,99,wonder how britneyspears would look with with darkred hair
107,100,"rtmy britneyspears th album concept b bgraphy

new photo by the lovely"
108,101,"rtmy britneyspears th album concept b bgraphy

new photo by the lovely"
109,102,best quotes of britney spearsbritneyspearsquotes britneyspearsphotos britneyspears
110,103,"rtmy britneyspears th album concept b bgraphy

new photo by the lovely"
111,104,still so many people want to have a piece of you britney sure it never changesbritneyspearspieceofmepom
112,105,casual britney references are my new aesthetic britneyspears
113,106,"rtmy britneyspears th album concept b bgraphy

new photo by the lovely"
114,107,"rtmy britneyspears th album concept b bgraphy

new photo by the lovely"
115,108,"rtmy britneyspears th album concept b bgraphy

new photo by the lovely"
116,109,i selling two groundfloor tickets forin berlin th august now it’s sold out you can chance to see h…
117,110,rtwe need to let britneyspears know we want new music let’s get britneyiscoming trending
118,111,rtonly thing i hope is they finally build a lift in the stage it looked awfull in asia especially the opening britneyspear…
119,112,feliz nat é quase isso foram divulgadas três demos inéditas de britney entre elas uma faixa nunca antes ouvid…
120,113,only thing i hope is they finally build a lift in the stage it looked awfull in asia especially the opening britneyspears pieceofmetour
121,114,"rtcast your votes

britneyspears
britneyphilippines
bph"
122,115,rtretweet if you’re excited for britneyspears pieceofmetour in five days britneyiscoming
123,116,rtwe need to let britneyspears know we want new music let’s get britneyiscoming trending
126,117,rt“lucky” is currently one of britneysmost streamed tracks daily onreplacing “slumber pay” britneysp…
127,118,"rtupdate of the day
lucky music video by britneyspears reachedmillion views on youtube …"
128,119,"rtupdate of the day
lucky music video by britneyspears reachedmillion views on youtube …"
129,120,rtbest quotes of britney spearsbritneyspearsquotes britneyspearsphotos britneyspears …
130,121,rtbest quotes of britney spearsbritneyspearsquotes britneyspearsphotos britneyspears …
131,122,rtbest quotes of britney spearsbritneyspearsquotes britneyspearsphotos britneyspears …
132,123,’ most streamed album tracks onbritneyspears spotify britneyspearsarmy
133,124,“lucky” is currently one of britneysmost streamed tracks daily onreplacing “slumber pay”…
134,125,this weeks shows <U+2764> britneyspears pieceofmetour
135,126,britney’s tour stas in less thandays and i cannot contain my excitement i only have to wait anotherdays…
136,127,why were answer machine interludes a thing in s music mandymoore britneyspears who else had them
137,128,britneyspears is doing a good job at hiding her new music hopefully soon new music is out
138,129,siempre he querido ser una bitch pero como britneyspears sin meter el pie a nadie hacer mitrabajo superando…
139,130,persistence amp the myth of overnight success britneyspears jkrowling woodyallen
140,131,"rtcast your votes

britneyspears
britneyphilippines
bph"
141,132,best quotes of britney spearsbritneyspearsquotes britneyspearsphotos britneyspears
142,133,rtmatthew jordan smith photoshoothq britneyspears
143,134,"rtmy britneyspears th album concept b bgraphy

new photo by the lovely"
144,135,rtjust found this old ad i redesigned forcosmic radiance fragrance i completely forgot i did this haha ori…
145,136,britneyspears pieceofmetour
146,137,"rtmy britneyspears th album concept b bgraphy

new photo by the lovely"
147,138,rtwe need to let britneyspears know we want new music let’s get britneyiscoming trending
148,139,just found this old ad i redesigned forcosmic radiance fragrance i completely forgot i did this h…
149,140,"rtmy britneyspears th album concept b bgraphy

new photo by the lovely"
150,141,britneyspears
151,142,"rtmy britneyspears th album concept b bgraphy

new photo by the lovely"
152,143,"rtupdate of the day
lucky music video by britneyspears reachedmillion views on youtube …"
153,144,"rtmy britneyspears th album concept b bgraphy

new photo by the lovely"
154,145,"rtupdate of the day
lucky music video by britneyspears reachedmillion views on youtube …"
155,146,"rtwatcheverytime gtgt m 
m views to govevoceified inthezonebritneya…"
156,147,"rtupdate of the day
lucky music video by britneyspears reachedmillion views on youtube …"
157,148,"rtmy britneyspears th album concept b bgraphy

new photo by the lovely"
158,149,"update of the day
lucky music video by britneyspears reachedmillion views on youtube"
159,150,rtnew pic from frances iacuzzi photoshoot britneyspears
160,151,rtnew pic from frances iacuzzi photoshoot britneyspears
161,152,"rtmy britneyspears th album concept b bgraphy

new photo by the lovely"
162,153,"rtmy britneyspears th album concept b bgraphy

new photo by the lovely"
163,154,in the zone by britneyspears now has m total streams on spotify this isfirst album to achi…
164,155,"rtmy britneyspears th album concept b bgraphy

new photo by the lovely"
165,156,rtbritneyspears pieceofme britneyarmy
166,157,hit me baby one more time they’re here who will win the southside britney crawl join me friday night as we cr…
167,158,"rtmy britneyspears th album concept b bgraphy

new photo by the lovely"
168,159,"rtcast your votes

britneyspears
britneyphilippines
bph"
169,160,rtwe need to let britneyspears know we want new music let’s get britneyiscoming trending
170,161,rtbritneyspears pieceofme britneyarmy
171,162,"britneyspears reunites with dance crew before “piece of me” tour kickoff 

"
172,163,two daysbritneyspears pieceofmetour britneyspearsarmy
173,164,rtmatthew jordan smith photoshoothq britneyspears
174,165,britney spears were been a tbt injoy of pepsi britneyspears pepsi
175,166,britneyspears impresiona con su figura en instagram
176,167,"rtmy britneyspears th album concept b bgraphy

new photo by the lovely"
177,168,"rtmy britneyspears th album concept b bgraphy

new photo by the lovely"
178,169,"rtmy britneyspears th album concept b bgraphy

new photo by the lovely"
179,170,teases upcoming piece of me tour in new video with crew so happy to be reunited with this crew a…
180,171,rtmatthew jordan smith photoshoothq britneyspears
181,172,"my favorite lipsyncchallenge sheriffdeputies 
officer marzi and k kona from south florida…"
182,173,i was under the impression that we would have new music fromby now and all we got was a shitty c…
183,174,rtunpitchedsinging “natural woman” britneyspears naturalwoman arethafranklin britneyspearsarmy http…
184,175,rtbritneyspears pieceofme britneyarmy
185,176,rtmatthew jordan smith photoshoothq britneyspears
186,177,"rtmy britneyspears th album concept b bgraphy

new photo by the lovely"
187,178,"rtcast your votes

britneyspears
britneyphilippines
bph"
188,179,rtwe need to let britneyspears know we want new music let’s get britneyiscoming trending
189,180,"rtcast your votes

britneyspears
britneyphilippines
bph"
190,181,platinum tickets left pieceofmetour in berlin britneyspears britney
191,182,rtits time for womanoftheweek grammynominated songwriterhas written for the likes of beyonce britn…
192,183,"rtmy britneyspears th album concept b bgraphy

new photo by the lovely"
193,184,rtunpitchedsinging “natural woman” britneyspears naturalwoman arethafranklin britneyspearsarmy http…
194,185,"rtmy britneyspears th album concept b bgraphy

new photo by the lovely"
195,186,"don’t forget this on your way out to work this morning


s hitclips britneyspears nsync"
196,187,everyone vote forbritneyspears britneyarmy
197,188,"rtcast your votes

britneyspears
britneyphilippines
bph"
198,189,rtits time for womanoftheweek grammynominated songwriterhas written for the likes of beyonce britn…
199,190,os apetece ver a mattheafy haciendo una cover de britneyspearssuena de maravilla
200,191,"rtmy britneyspears th album concept b bgraphy

new photo by the lovely"
201,192,"its britney bitch

britneyspears bitchsouth greenheights village alabang muntinlupa city"
202,193,"rtcast your votes

britneyspears
britneyphilippines
bph"
203,194,britneyspears b
204,195,"rtcast your votes

britneyspears
britneyphilippines
bph"
205,196,"rtmy britneyspears th album concept b bgraphy

new photo by the lovely"
206,197,rtwe need to let britneyspears know we want new music let’s get britneyiscoming trending
207,198,"rtmy britneyspears th album concept b bgraphy

new photo by the lovely"
208,199,mit burger zur bikinifigur interessant burger britneyspears
209,200,rtits time for womanoftheweek grammynominated songwriterhas written for the likes of beyonce britn…
210,201,"rtmy britneyspears th album concept b bgraphy

new photo by the lovely"
211,202,its time for womanoftheweek grammynominated songwriterhas written for the likes of beyonce…
212,203,best quotes of britney spearsbritneyspearsquotes britneyspearsphotos britneyspears
213,204,"rtcast your votes

britneyspears
britneyphilippines
bph"
214,205,britneyspears defends justin bieber as she identifies with being ‘in the spotlight’
215,206,"rtmy britneyspears th album concept b bgraphy

new photo by the lovely"
216,207,britneyspears pieceofmetour
217,208,rtmatthew jordan smith photoshoothq britneyspears
218,209,rtbritneyspears pieceofme britneyarmy
219,210,rtwe need to let britneyspears know we want new music let’s get britneyiscoming trending
220,211,rtbritneyspears pieceofme britneyarmy
221,212,"rtmy britneyspears th album concept b bgraphy

new photo by the lovely"
222,213,popikonekommt bereits im august mit ihrer “britney piece of me” tour nach berlin und…
223,214,rtwe need to let britneyspears know we want new music let’s get britneyiscoming trending
224,215,"rtmy britneyspears th album concept b bgraphy

new photo by the lovely"
225,216,britneyspears pieceofme britneyarmy
226,217,rtunpitchedsinging “natural woman” britneyspears naturalwoman arethafranklin britneyspearsarmy http…
227,218,rtwe need to let britneyspears know we want new music let’s get britneyiscoming trending
228,219,rtdays ahhhh safe travels toher dancers amp the entire crew britneyspears pieceofmetour britn…
229,220,rtmatthew jordan smith photoshoothq britneyspears
230,221,"rtupdate glory numbers in the united statesbritneyspears glory britneyspearsarmy 

pur…"
231,222,rtposts new acapella cover on instagram britneyspears
232,223,rtmatthew jordan smith photoshoothq britneyspears
233,224,"rtmy britneyspears th album concept b bgraphy

new photo by the lovely"
234,225,britneyspears bookingsavailable
235,226,britneyspears accorhotelsarena août paris
236,227,"rtmy britneyspears th album concept b bgraphy

new photo by the lovely"
237,228,"cast your votes

britneyspears
britneyphilippines
bph"
238,229,"rtmy britneyspears th album concept b bgraphy

new photo by the lovely"
239,230,ujangajojing society society britneyspears societya rihanna shareyoursociety chrisbrown societypromo
240,231,"the house of blues tour
britneyspears britneyarmy
"
241,232,"tuesdayinspiration 
britneyspears britneyarmy <U+653C><U+3E64><U+613C><U+3E30><U+623C><U+3E64><U+653C><U+3E64><U+623C><U+3E33><U+623C><U+3E37>
"
242,233,"rtmy britneyspears th album concept b bgraphy

new photo by the lovely"
243,234,best quotes of britney spearsbritneyspearsquotes britneyspearsphotos britneyspears
244,235,rtmatthew jordan smith photoshoothq britneyspears
245,236,rtwe need to let britneyspears know we want new music let’s get britneyiscoming trending
246,237,rtmatthew jordan smith photoshoothq britneyspears
247,238,rtmatthew jordan smith photoshoothq britneyspears
248,239,rtposts new acapella cover on instagram britneyspears
249,240,"rtmy britneyspears th album concept b bgraphy

new photo by the lovely"
250,241,"rtmy britneyspears th album concept b bgraphy

new photo by the lovely"
251,242,"rtmy britneyspears th album concept b bgraphy

new photo by the lovely"
252,243,spos exercise aicles britneyspears canberra celebrity circusoz clown contactjuggling cycling…
253,244,rtposts new acapella cover on instagram britneyspears
254,245,i fixed it this is what i immediately thought of when watching and waiting for her to come down the line lol…
255,246,"rtmy britneyspears th album concept b bgraphy

new photo by the lovely"
256,247,st vma performance baby one more timedays until britney counting down july ampth mgm nat…
257,248,colombiano colombianboy instacolombian beautiful nails monteria cali pasto barranquilla neiva girls…
258,249,this mornings commute soundtrack came couesy ofbaby one more time…
259,250,st vma performance baby one more timedays until britney counting down july ampth mgm nat…
260,251,"rtmy britneyspears th album concept b bgraphy

new photo by the lovely"
261,252,"rtmy britneyspears th album concept b bgraphy

new photo by the lovely"
262,253,"rtmy britneyspears th album concept b bgraphy

new photo by the lovely"
263,254,rtmatthew jordan smith photoshoothq britneyspears
264,255,"rtmy britneyspears th album concept b bgraphy

new photo by the lovely"
265,256,"britneyspears recupera la figura de haceaños
source 

 eitentretenimiento"
266,257,"rtmy britneyspears th album concept b bgraphy

new photo by the lovely"
267,258,"rtmy britneyspears th album concept b bgraphy

new photo by the lovely"
268,259,best quotes of britney spearsbritneyspearsquotes britneyspearsphotos britneyspears
269,260,new pic from frances iacuzzi photoshoot britneyspears
270,261,"rtmy britneyspears th album concept b bgraphy

new photo by the lovely"
271,262,"rtmy britneyspears th album concept b bgraphy

new photo by the lovely"
272,263,gurl what a wild ride but i’ve survived  noahquisenberry britneyspears britney spears decadent earnedit…
273,264,"rtmy britneyspears th album concept b bgraphy

new photo by the lovely"
274,265,rtwe need to let britneyspears know we want new music let’s get britneyiscoming trending
275,266,me ruining your life but playing it cute and quirky mood me britney britneyspears goobney goodnight
276,267,rtla inusual dieta de britneyspears
277,268,me ruining your life but playing it cute and quirky tney britneyspears goobney goodnight
278,269,rtmatthew jordan smith photoshoothq britneyspears
279,270,la inusual dieta de britneyspears
280,271,"rtmy britneyspears th album concept b bgraphy

new photo by the lovely"
281,272,"rtmy britneyspears th album concept b bgraphy

new photo by the lovely"
282,273,"rtmy britneyspears th album concept b bgraphy

new photo by the lovely"
283,274,best quotes of britney spearsbritneyspearsquotes britneyspearsphotos britneyspears
284,275,with love you should go ahead and take the risk of getting hu because love is an amazing feeling quotes…
285,276,"rtmy britneyspears th album concept b bgraphy

new photo by the lovely"
286,277,"rtupdate glory numbers in the united statesbritneyspears glory britneyspearsarmy 

pur…"
287,278,rtmatthew jordan smith photoshoothq britneyspears
288,279,rtdon’t let me be the last to know britneyspears 
289,280,"rtmy britneyspears th album concept b bgraphy

new photo by the lovely"
290,281,"rtmy britneyspears th album concept b bgraphy

new photo by the lovely"
291,282,you absolutely need to follow britneyspears on instagram
292,283,"rtmy britneyspears th album concept b bgraphy

new photo by the lovely"
293,284,"rtmy britneyspears th album concept b bgraphy

new photo by the lovely"
294,285,"rtmy britneyspears th album concept b bgraphy

new photo by the lovely"
295,286,"rtmy britneyspears th album concept b bgraphy

new photo by the lovely"
296,287,"rtmy britneyspears th album concept b bgraphy

new photo by the lovely"
297,288,updatein the zone has now surpassedmillion streams on…
298,289,rtwe need to let britneyspears know we want new music let’s get britneyiscoming trending
299,290,"rtmy britneyspears th album concept b bgraphy

new photo by the lovely"
300,291,"rtmy britneyspears th album concept b bgraphy

new photo by the lovely"
301,292,"rtmy britneyspears th album concept b bgraphy

new photo by the lovely"
302,293,rthermosos britneyspears pieceofmetour
303,294,update glory numbers in the united statesbritneyspears glory britneyspearsarmy…
304,295,you absolutely need to follow britneyspears on instagramvía
305,296,britneyspears womanizer
306,297,best quotes of britney spearsbritneyspearsquotes britneyspearsphotos britneyspears
307,298,"rtmy britneyspears th album concept b bgraphy

new photo by the lovely"
308,299,"rtmy britneyspears th album concept b bgraphy

new photo by the lovely"
309,300,"rtmy britneyspears th album concept b bgraphy

new photo by the lovely"
310,301,"rtmy britneyspears th album concept b bgraphy

new photo by the lovely"
311,302,"rtmy britneyspears th album concept b bgraphy

new photo by the lovely"
312,303,"rtmy britneyspears th album concept b bgraphy

new photo by the lovely"
313,304,"rtmy britneyspears th album concept b bgraphy

new photo by the lovely"
314,305,it was all about the boom boom tonight in our britney class at mitchell wayne productions anrod mwaynepro…
315,306,"rtmy britneyspears th album concept b bgraphy

new photo by the lovely"
316,307,"watcheverytime gtgt m 
m views to govevoceified inthezone…"
317,308,"rtmy britneyspears th album concept b bgraphy

new photo by the lovely"
318,309,so good i had to share check out all the items im loving onfromposhmark fashion…
319,310,"rtmy britneyspears th album concept b bgraphy

new photo by the lovely"
320,311,you absolutely need to follow britneyspears on instagram this is you wont regret it a weekly column featuring…
321,312,"rtmy britneyspears th album concept b bgraphy

new photo by the lovely"
322,313,"rtmy britneyspears th album concept b bgraphy

new photo by the lovely"
323,314,"rtmy britneyspears th album concept b bgraphy

new photo by the lovely"
324,315,"rtmy britneyspears th album concept b bgraphy

new photo by the lovely"
325,316,"hidden fantasy by britneyspears 


ur by usher 


realities by lizclaiborne 



mondaynight monday…"
326,317,"rtmy britneyspears th album concept b bgraphy

new photo by the lovely"
327,318,"britneyspears has tweeted <U+653C><U+3E64><U+613C><U+3E30><U+623C><U+3E64><U+653C><U+3E64><U+623C><U+3E35><U+383C><U+3E61><U+653C><U+3E64><U+613C><U+3E30><U+623C><U+3E64><U+653C><U+3E64><U+623C><U+3E35><U+383C><U+3E61><U+653C><U+3E64><U+613C><U+3E30><U+623C><U+3E64><U+653C><U+3E64><U+623C><U+3E35><U+383C><U+3E61> <U+653C><U+3E64><U+613C><U+3E30><U+623C><U+3E64><U+653C><U+3E64><U+623C><U+3E33><U+623C><U+3E37> francesiacuzzi 

<U+653C><U+3E64><U+613C><U+3E30><U+623C><U+3E64><U+653C><U+3E64><U+623C><U+3E35><U+383C><U+3E61><U+653C><U+3E64><U+613C><U+3E30><U+623C><U+3E64><U+653C><U+3E64><U+623C><U+3E35><U+383C><U+3E61><U+653C><U+3E64><U+613C><U+3E30><U+623C><U+3E64><U+653C><U+3E64><U+623C><U+3E35><U+383C><U+3E61>
<U+653C><U+3E64><U+613C><U+3E30><U+623C><U+3E64><U+653C><U+3E64><U+623C><U+3E33><U+623C><U+3E37> francesiacuzzi…"
328,319,"rtmy britneyspears th album concept b bgraphy

new photo by the lovely"
329,320,"rtmy britneyspears th album concept b bgraphy

new photo by the lovely"
330,321,rtbritneyspears has tweeted so happy to be reunited with this crew and grateful to be doing what we love together again…
331,322,rtmatthew jordan smith photoshoothq britneyspears
332,323,"rtmy britneyspears th album concept b bgraphy

new photo by the lovely"
333,324,"rtmy britneyspears th album concept b bgraphy

new photo by the lovely"
334,325,"rtmy britneyspears th album concept b bgraphy

new photo by the lovely"
335,326,"rtmy britneyspears th album concept b bgraphy

new photo by the lovely"
336,327,"rtmy britneyspears th album concept b bgraphy

new photo by the lovely"
337,328,"rtmy britneyspears th album concept b bgraphy

new photo by the lovely"
338,329,we need to let britneyspears know we want new music let’s get britneyiscoming trending
339,330,"rtmy britneyspears th album concept b bgraphy

new photo by the lovely"
340,331,"rtmy britneyspears th album concept b bgraphy

new photo by the lovely"
341,332,"rtmy britneyspears th album concept b bgraphy

new photo by the lovely"
342,333,"rtmy britneyspears th album concept b bgraphy

new photo by the lovely"
343,334,"rtmy britneyspears th album concept b bgraphy

new photo by the lovely"
344,335,"rtmy britneyspears th album concept b bgraphy

new photo by the lovely"
345,336,"rtmy britneyspears th album concept b bgraphy

new photo by the lovely"
346,337,"rtmy britneyspears th album concept b bgraphy

new photo by the lovely"
347,338,"my britneyspears th album concept b bgraphy

new photo by the lovely"
348,339,rtbritneyspears pieceofme britneyarmy
349,340,britneyspears
350,341,best quotes of britney spearsbritneyspearsquotes britneyspearsphotos britneyspears
351,342,no one can ever take this away from me legend britneyspears
352,343,justinbieber barackobama taylorswift rihanna theellenshowladygaga youtube cristiano jtimberlake…
353,344,las fans de justinbieber y selenagomez se han de sentir como yo cuando britneyspears y justintimberlake coaro…
356,345,trivium singer matt heafy coversbaby one more time listen here …
358,346,rtdays ahhhh safe travels toher dancers amp the entire crew britneyspears pieceofmetour britn…
359,347,best quotes of britney spearsbritneyspearsquotes britneyspearsphotos britneyspears
360,348,rtbritneyspears pieceofme britneyarmy
361,349,rtbritneyspears pieceofme britneyarmy
362,350,how celebrities get rid of belly fat bellyfat britneyspears celebritystyle
363,351,"generaciónzen depresión por la noticia de justinbiebery su compromiso con halleybaldwin 
no saben lo que…"
364,352,"too amaziinn 
pieceofme 
britneyspears"
365,353,best quotes of britney spearsbritneyspearsquotes britneyspearsphotos britneyspears
366,354,rtbillboards in warsaw poland britneyspears michaeljackson pepsi …
367,355,"britneyspears 

pieceofme 

pieceofmetour

britneyarmy"
368,356,i am super excited to see you in conce i’ve been a fan since baby one more time it’s been a long…
369,357,se filtró un nuevo democanción inédita de la era baby one more time …
370,358,hermosos britneyspears pieceofmetour
371,359,rtbritneyspears has tweeted so happy to be reunited with this crew and grateful to be doing what we love together again…
372,360,"rtour britney duffle bag makes working out so much fun



gym gymlife gymnastics gymmotivation…"
373,361,rtbritneyspears has tweeted so happy to be reunited with this crew and grateful to be doing what we love together again…
374,362,rtbritneyspears has tweeted so happy to be reunited with this crew and grateful to be doing what we love together again…
375,363,"rtour britney duffle bag makes working out so much fun



gym gymlife gymnastics gymmotivation…"
376,364,rtbillboards in warsaw poland britneyspears michaeljackson pepsi …
377,365,rtbritneyspears has tweeted so happy to be reunited with this crew and grateful to be doing what we love together again…
378,366,britneyspears has tweeted so happy to be reunited with this crew and grateful to be doing what we love together a…
379,367,justinbieber barackobama taylorswift rihanna theellenshowladygaga youtube cristiano jtimberlake…
380,368,"no cabe duda de que la pasan genial quedan tres días para el retorno de pieceofmetour de britneyspears 

…"
381,369,billboards in warsaw poland britneyspears michaeljackson pepsi
382,370,"rtour britney duffle bag makes working out so much fun



gym gymlife gymnastics gymmotivation…"
383,371,she was born to make you happy and youre the only one within britneys hea theres nowhere youd rather be but…
384,372,"rtbritneyspears pieceofme britneyarmy 
the onyx hotel tour"
385,373,"rtapplemusicmichaeljackson madonna y britneyspears como los principales pilares de la música pop

mj y madonna…"
386,374,rtexciting times ahead  holidays ibiza benidorm boston salem britneyspears
387,375,rtdays ahhhh safe travels toher dancers amp the entire crew britneyspears pieceofmetour britn…
388,376,exciting times ahead  holidays ibiza benidorm boston salem britneyspears
389,377,rtretweet if you’re excited for britneyspears pieceofmetour in five days britneyiscoming
390,378,rtmatthew jordan smith photoshoothq britneyspears
391,379,when i had to be britney spears on a budget lmao britneyspears slaveu britney gay lgbt…
392,380,rtmatthew jordan smith photoshoothq britneyspears
393,381,rtmatthew jordan smith photoshoothq britneyspears
394,382,britneyspears pieceofme appliepie
395,383,bomt demos leaked in fullbritneyspears applepie babyonemoretime pieceofme
396,384,rtmatthew jordan smith photoshoothq britneyspears
397,385,best quotes of britney spearsbritneyspearsquotes britneyspearsphotos britneyspears
398,386,rtwilly camden photoshootfor fhm magazinesetbritneyspears
