1,rtla juventus ha vinto gli ultimiscudetti senza ronaldo spendere mln netti allanno di stipendio per un sol gioca…
2,calciomercatoultime ore in biancoceleste per felipe anderson posticipate le sue visite…
3,rtin spo weve been catching up with stephen baxter ahead ofchampionsleague qualifying round tie with …
4,rtin spo weve been catching up with stephen baxter ahead ofchampionsleague qualifying round tie with …
5,rtin spo weve been catching up with stephen baxter ahead ofchampionsleague qualifying round tie with …
6,in spo weve been catching up with stephen baxter ahead ofchampionsleague qualifying round tie wi…
7,cristiano ronaldo kutoka real madrid amejiunga na juventus na kuwa mmoja kati ya wachezaji wanne wa bei ghari muda…
8,in spo weve been catching up with stephen baxter ahead ofchampionsleague qualifying round tie wi…
9,in spo weve been catching up with stephen baxter ahead ofchampionsleague qualifying round tie wi…
10,rtwe are very proud to have lead our club back in to the championsleaguea huge thanks to every single person that worked…
11,rttomorrow the championsleaguetournament will be back join us and challenge our top performing beta test…
12,rttonight on theplatform we host the championsleague tournament liverpoolfc vs asroma place your bets…
13,rtyesterday winners for the championsleague tournament arerd place therhslvhyb nd place nukelphyb st pl…
14,rttonight on theplatform we host the championsleague tournament bayernmunich vs realmadridcf place you…
15,rthours to the top match of today here onwe host the second championsleague semifinal bayernrealw…
16,rtwe have the winners for yesterday championsleague match bayernrealmadridrd place magicmushroo withpointsn…
17,rtrealmadrid cristianoronaldo gracias laliga distefano pasión fútbol thebest championsleague crjuventus cristiano…
18,realmadrid cristianoronaldo gracias laliga distefano pasión fútbol thebest championsleague crjuventus…
19,"graciascristiano 
y que te vaya bien te deseo lo mejor gracias por tantas maravillosas noches de…"
20,grandissimo colpo della juventus cristiano è una divinità del calcio ma da qui a dire che i bianconeri vincer…
21,rtco za kucharczyk corleg championsleague
22,rtco za kucharczyk corleg championsleague
23,bienvenidograzie per tutte le esclusiveecrallajuventus seriea…
24,rtco za kucharczyk corleg championsleague
25,"rtmondialimediaset
con ronaldo la juventus è la favorita n per la prossima championsleague crjuve"
26,its not over until its over as seenpremier league barlceys manchesterunitedevery weekend week game…
27,rtla juventus ha vinto gli ultimiscudetti senza ronaldo spendere mln netti allanno di stipendio per un sol gioca…
28,cristianoronaldo ha accettato di andare alla juventus perchési è scocciato di vincere la championsleague e…
29,"more championsleague and some europaleague 
valur reykjavik vs rosenborg btts
fk sarajevo ml
levski sofia ml
k…"
30,rtløsningen på at eliteserien tar sommerferie er å kvalifisere seg til ecupkvalifisering fyller opp sommeren godt anbefales…
31,"championsleague qualifs
sutjeska niksic 
astana vs sutjeska niksic overgoals
apoel nicosia 
apoel…"
32,rtcrallajuventus è una grandissima notizia non solo per chi tifama per chi ama il calcio ora non ci sono…
33,"juventus have bought a champions league goals machine

follow for more 
worldcup champions…"
35,"berke özer
eljif elmas
oguz kagan güçtekin
baris alici
boris rapaicgelecegin altin…"
36,good luck tonightchampionsleague oliqar
37,"gatulacje druzyno zawsze razem 
tylko <U+24DB> championsleague corleg<U+26BD><U+FE0F>calalegiazawszerazem…"
38,no wimbledon picks for today only championsleague and europaleague qualifs
39,varane ballon d’or et puis c’est toutcdm onestenfinale worldcup championsleague
40,"cristianoronaldo has signed for juventus becoming one of themost expensive players of all time 
italian footba…"
41,"dobro jutro napred zvezdo
ajmooooo ciganiiiiiii fkcz championsleague"
42,"mondialimediaset
con ronaldo la juventus è la favorita n per la prossima championsleague crjuve"
43,rtwill cristianoronaldo ever win the championsleague with juventus
44,is the guy still concussed seriously how long ago was that championsleague final karius is just a poor keeper…
45,will cristianoronaldo ever win the championsleague with juventus
46,championsleague quién es la víctima preferida de cristiano ronaldo …
47,"here are my top picks for some oftodays football games 

bettingtips tipster worldcup championsleague…"
48,rtgood win tonightdownto go still can’t believe we have to playyesties to play in the championsleague prop…
49,"ieri al parco vedo dei bambini giocare a calcio le poe fatte con gli zaini
uno dribbla tutti segna ed esulta c…"
50,dopohanno presoin pratica comprano tutti i loro peggiori incubi sperando che si realizzi i…
51,rtarrived at football club ludogorets razgrad withchampionsleague
52,ronaldo leaving real madrid for juventusnewsupdate football championsleague
53,"good luck for the new challenges legend g o a t
cristianoronaldo cristiano realmadrid juventus europe…"
54,"its painful to watch him suffer like this 

karius is by all means deeply affected by his championsleague mistak…"
56,le quote favorite fk spaaks jurmala vs fk crvena zvezda championsleague scommesse
57,"when you gonna apologise tothough

engcro championsleague worldcup"
58,"però bisogna dire che la giuventus ha avuto un’ottima idea
se non riesci a vincere la championsleague compratel…"
59,il messaggeropronto il mister x in caso di cessione di felipe e milinkovic ucl championsleague
60,rtla juventus ha vinto gli ultimiscudetti senza ronaldo spendere mln netti allanno di stipendio per un sol gioca…
61,mai nessun giocatore o squadra al mondo ti può dare la ceezza della vittoria può darsi si alzi…
62,rtfootball goals star power and a longawaited championsleague trophylooks atthings …
63,rtcrjuve buffon championsleague
64,"rtbravo aux belges leur parcours en cdm et coincidence ou pas 
 vs
realmadrid gt winner championsleague
…"
65,crjuve buffon championsleague
67,já pensou que maneiro psg x juventus na final da próximachampionsleague
68,"bravo aux belges leur parcours en cdm et coincidence ou pas 
 vs
realmadrid gt winner…"
69,"corkcity have a mountain to climb to keep championsleague hopes alive after legia warsaw defeat
"
70,rtil ny a plus que deux joueurs qui peuvent faire le doublé championsleague et worldcup ceains ont eu un ballon dor…
71,"rteng are the closest theyve been sinceto reaching a worldcup final but

would you rather your country win th…"
72,immagino ovviamente avete fatto un colpo pazzesco sia commercialmente che spoivamente…
73,il ny a plus que deux joueurs qui peuvent faire le doublé championsleague et worldcup ceains ont eu un ballon dor pour moins que ça
74,rtpenso la juve abbia fatto un grande colpo per tentare di vincere la championsleague dicea …
75,paideiaacerbi e inzaghi i primi ad arrivare per visite mediche ucl championsleague
76,rtcomunque questacquisto da fanta calciomercato dimostra che dopo tantissimi anni merita davvero e finalmente la cham…
77,comunque questacquisto da fanta calciomercato dimostra che dopo tantissimi anni merita davvero e finalmente la…
78,leaves juventus to chase a champions league title atyears old nek minutejoins…
79,elde julio decristiano ronaldo dos santos aveiro deja elsiendo el máximo goleador de la hist…
80,"rthanno preso crcomplimenti vivissimi ma se la championsleague la vincesse il psg di buffon 

<U+653C><U+3E64><U+613C><U+3E30><U+623C><U+3E65><U+653C><U+3E64><U+623C><U+3E34><U+393C><U+3E34><U+653C><U+3E64><U+613C><U+3E30><U+623C><U+3E64><U+653C><U+3E64><U+623C><U+3E38><U+383C><U+3E39><U+653C><U+3E64><U+613C><U+3E30><U+623C><U+3E64><U+653C><U+3E64><U+623C><U+3E38><U+383C><U+3E32>"
81,el autor del mejor gol de la historia de la championsleague hoy pae delsuee crgracias por todo
82,rtfootball goals star power and a longawaited championsleague trophylooks atthings …
83,"rthanno preso crcomplimenti vivissimi ma se la championsleague la vincesse il psg di buffon 

<U+653C><U+3E64><U+613C><U+3E30><U+623C><U+3E65><U+653C><U+3E64><U+623C><U+3E34><U+393C><U+3E34><U+653C><U+3E64><U+613C><U+3E30><U+623C><U+3E64><U+653C><U+3E64><U+623C><U+3E38><U+383C><U+3E39><U+653C><U+3E64><U+613C><U+3E30><U+623C><U+3E64><U+653C><U+3E64><U+623C><U+3E38><U+383C><U+3E32>"
84,juventes when someone asks how many champions league trophies they’ll win now that they have ronaldo…
85,"wednesday gamblingtwitter

indonesia liga
persela ou

philippines pfl
kaya ou

s kor…"
86,football goals star power and a longawaited championsleague trophylooks atthings…
87,agreed juventus want nothing more than to win championsleague and they think getting cr will do that because…
88,"rtbuffon quería la championsleague con la juventus pero como nunca se le dió se fue al psg

ig …"
89,"resultados

championsleaguerondadeclasificacion

florahapoelbeer 
torpedokutaisisherifftiraspol…"
91,club record goalscorer max goals in championsleagueso may titles probably one of the worst nightmare ever fo…
92,celtic will be stronger in championsleague qualifier secondleg says forrestclub call
93,allo descuidas dos minutos y te gana la championsleague en el descuento
94,pooras soon as you leave juventus will now win the championsleague withlol
95,"rtbuffon quería la championsleague con la juventus pero como nunca se le dió se fue al psg

ig …"
96,"rtdownload club soccer director today and take control of a real football club 
you run the club and hire and fire manag…"
97,"llegóa mis manos la medalla dela championsleague 
hala madrid 
champions campeones realmadrid uefa…"
98,rtitscominghome after long years championsleague is back at turnerscross cityineurope ccfc
99,just did the opposite ofwent to a team they beat to win the championsleague realmadrid…
100,say goodbye to the first man ofsay goodbye to the championsleague league goodbye to those who make the…
101,"rtbuffon quería la championsleague con la juventus pero como nunca se le dió se fue al psg

ig …"
102,"rtbuffon quería la championsleague con la juventus pero como nunca se le dió se fue al psg

ig …"
103,"rtbuffon quería la championsleague con la juventus pero como nunca se le dió se fue al psg

ig …"
104,"rtbuffon quería la championsleague con la juventus pero como nunca se le dió se fue al psg

ig …"
105,"rtbuffon quería la championsleague con la juventus pero como nunca se le dió se fue al psg

ig …"
106,"rtbuffon quería la championsleague con la juventus pero como nunca se le dió se fue al psg

ig …"
107,"rtbuffon quería la championsleague con la juventus pero como nunca se le dió se fue al psg

ig …"
109,scoresnext season in seriea andin the championsleague for juventusi’m calling it now
110,"rtbuffon quería la championsleague con la juventus pero como nunca se le dió se fue al psg

ig …"
112,"rtbuffon quería la championsleague con la juventus pero como nunca se le dió se fue al psg

ig …"
113,"rteng are the closest theyve been sinceto reaching a worldcup final but

would you rather your country win th…"
114,"rtbuffon quería la championsleague con la juventus pero como nunca se le dió se fue al psg

ig …"
115,"rtbuffon quería la championsleague con la juventus pero como nunca se le dió se fue al psg

ig …"
116,"rtbuffon quería la championsleague con la juventus pero como nunca se le dió se fue al psg

ig …"
117,"rtbuffon quería la championsleague con la juventus pero como nunca se le dió se fue al psg

ig …"
118,"buffon quería la championsleague con la juventus pero como nunca se le dió se fue al psg

ig"
119,cristiano a la juve y gigi buffon al psg al menos ya sabemos quien va a eliminar al psg championsleague
120,what he said be’er sheva match was championsleague qual mta and beitar will be europaleague
121,linhadiafalou nos grandes elencos que veremos na championsleaguee infelizmente teremos que aturar…
122,rtdefinitivamentecr es una bestia este man es d otro planeta es lo mejor q ha dado el fútbol en…
123,just finished watching first team juventus season two ongreat watch for any football fan hopefully…
124,otra cosa son las formas el reclamo de cr en plenas celebraciones por la tercera championsleague co…
125,"lo anunciamos la semana anterior

cr ya fue presentado en el equipo italiano juventus <U+26AB><U+FE0F><U+26AA><U+FE0F> ronaldo habría es…"
126,todo es risa cuando me dicen que con cristianoronaldo el realmadrid ganó sololigas esas risas se borran cua…
127,definitivamentecr es una bestia este man es d otro planeta es lo mejor q ha dado el fút…
128,rtronaldo hätte bestimmt bessere chancen gehabt mit bayern die championsleague zu gewinnen die bundesliga ist bestimmt i…
129,"rt
realmadrid won championsleague 
israel won eurovision 
france in group c of worldcup
croatia reach semifina…"
130,"montpelier winning ligue in 
monaco making thechampionsleague after being promoted…"
131,rtzonalibredehumo señores paren todo el gol de la fecha y de la championsleaguecon ustedesh…
132,"bournemouth rise to the premierleague
parma rise to seriea
chelsea winning the …"
133,"você já sabe para qual time vai torcer na próxima championsleaguené

crjuventus uefa football…"
134,"rt
realmadrid won championsleague 
israel won eurovision 
france in group c of worldcup
croatia reach semifina…"
135,i hate to do this but milan spentmil last year to finish th place championsleague neverhappening
136,ovenceu o alashke pelo placar deagoceltic championsleague
137,"when you get a glimpse into your future

matuidi ronaldo juventus worldcup championsleague"
138,"rt
realmadrid won championsleague 
israel won eurovision 
france in group c of worldcup
croatia reach semifina…"
139,championsleague primera ronda paidos de ida
141,"rt
realmadrid won championsleague 
israel won eurovision 
france in group c of worldcup
croatia reach semifina…"
142,"
realmadrid won championsleague 
israel won eurovision 
france in group c of worldcup
croatia reach sem…"
144,"la champios sin cr en el madridsiginifica que obviamente tendremos nuevo campeón
y la juve alza la mano 
jajaja
championsleague"
145,rtin memory of generations that were forcefully banned from playing in their stadiums kfdrita championsleague kosovo 
147,esto está desde la final que disputará la juventus vs barcelona en la championsleague haciendo suya la r…
148,labusca ganar la championsleague ese es su único gran objetivo y por eso llegó…
149,rtoficialmente cristiano ronaldo deja el realmadrid y se sumará a la juventus goleador histórico del club más laureado de…
150,real madridliverpool’ benzegoal ’ ’ bale’ mané halamadrid championsleague
152,juventus ronaldoyu alicaksin buffonu neden gönderiyorsunbuffon juvede kalsaydi ronaldo ile birlikte sampiyonlar li…
154,bayern münchenreal madrid’ kimmich’ marcelo ’ asensio championsleague
155,rtquero lá saber que a spotv vai ter a liga italiana quero é saber como vou ver a champions championsleague fcpoo
156,quero lá saber que a spotv vai ter a liga italiana quero é saber como vou ver a champions championsleague fcpoo
157,ronaldonun real madridden gitmesi kariyeri açisindan dogru bir kararancak real madrid için ayni dogru karari verdi…
158,you could see him in champions league championsleague
160,series a is weak as fuck no one cares about that it’s all about uefa championsleague that’s what matters
161,amazing performance fromtonight against a brilliant team proudfan championsleague
162,rtin memory of generations that were forcefully banned from playing in their stadiums kfdrita championsleague kosovo <U+653C><U+3E64><U+613C><U+3E30><U+623C><U+3E64><U+653C><U+3E64><U+623C><U+3E32><U+393C><U+3E39> h…
163,do juventus need cristiano ronaldo they have won serie aseason in row or he is coming to help them win championsleague halamadrid
164,rtin memory of generations that were forcefully banned from playing in their stadiums kfdrita championsleague kosovo <U+653C><U+3E64><U+613C><U+3E30><U+623C><U+3E64><U+653C><U+3E64><U+623C><U+3E32><U+393C><U+3E39> h…
165,"rtparmi lestransfes suivantslequel vous a le plus fais kiffer

psgteampsgmercato buffon neymar mbappe…"
166,tuesdaycet corkcitylegia championsleague
167,tuesdaycet dritamalmö championsleague
168,tuesdaycet shkendijatns championsleague
169,cristianoronaldo ha ganadochampionsleaguecon el united ycon el real madrid
170,son algo más degoles los que tendrá cristiano pero sin duda el mejor es el de chilena en la última championsleague
171,crees que con la llegada dea lael club italiano obtendrá la championsleague
172,"crack

aquí las cuotas para los paidos de championsleague de mañana 
fase previa 

juégatela y arma tu combi…"
173,championsleaguecityineurope ccfc
174,rtufficialeil milan cambia proprietà ecco il comunicato ucl championsleague
175,"championsleague titles with real including the last three in succession
goals in laliga
laliga t…"
176,"ronaldo at real madrid 
ronaldos real madridrecord goal tally ingames

his record goal tally f…"
177,rtesta es la última foto de cristiano ronaldo con la camiseta del real madrid ese día el conjunto merengue le ganaba …
178,rtgoleador histórico del club más laureado de la historia congoles enpartidos en totaltítulos entre ellos …
179,"graciascristiano
thank you 
mrucl championsleague for everything you did for…"
180,in memory of generations that were forcefully banned from playing in their stadiums kfdrita championsleague…
181,"nine incredible seasons withronaldo’s stats are off the chas 

he’s still a phenomenal player wh…"
182,championsleaguecityineuropeccfc
183,check out reaction to tonights championsleagueclash betweenand legiafrom…
184,solo quiero ver aganandochampionsleague enaños cm hizo en elno se locree ni él
185,"mozna go nie lubic ba mozna nienawidzic ale jednak jest geniuszem futbolu
swoja droga sprytne zakonczenie film…"
186,arguably the two most ridiculed players that currently play in the premierleague yet by the end of the week one o…
187,so if cr wins the championsleaguew italias best team juventus the team that won the seriea…
188,hasta siempre leyenda halamadrid mucho éxito en lanos vemos en la championsleague
189,championsleaguecityineuropeccfc
190,a professional away performance fromtonight id takemore away legs like that over the next few weeks…
191,calma a pensare che traanni vinciamo la championsleague per favore una cosa che ho imparato da questanno è m…
192,já viste bem a parelha que vais fazer com odeve d…
193,rtla juventus ha vinto gli ultimiscudetti senza ronaldo spendere mln netti allanno di stipendio per un sol gioca…
195,rtwell written aicle comparinganddetailing why one club is regularly competing in the cha…
196,well written aicle comparinganddetailing why one club is regularly competing in th…
199,rtwe are very proud to have lead our club back in to the championsleaguea huge thanks to every single person that worked…
200,rtfccb in position and already making friends ccfc championsleague st annes rebel army come on city …
201,rtfccb and the st annes rebel army staing to believe half time and we have them rocked come on citycityineuro…
202,rtchampionsleagueback in cork come oncityineurope
203,pep is bringing the beautiful game would it be enough for the champions league championsleague mancity…
204,dicho esto elsobrevivió a distefano sobrevivió a la quintadelbuitre sobrevivió a…
205,rtla juventus ha vinto gli ultimiscudetti senza ronaldo spendere mln netti allanno di stipendio per un sol gioca…
206,"rteng are the closest theyve been sinceto reaching a worldcup final but

would you rather your country win th…"
207,rta few pictures from cork city v legia warsaw championsleague
208,no cóz marsz po minimum pólfinal championsleague rozpoczety od zwyciestwa ten sezon bedzie nalezal do legiawarszawa <U+263A>corleg
209,loved my first cork city game great atmosphere at turners cross pity about the score buttheres always next tim…
210,iacquisti più costosi nella storia della serie a quanta lazio insieme a cr ucl championsleague
211,"does buffon come back to the oldlady now 

the legend deserves one more crack at the uefachampionsleague ucl 

wish he didnt leave"
212,after making two horrible mistakes in the championsleague final the goalkeeper was at fault againthe
213,hoy viendo el f dudelangevideoton me ha gustado mucho un luxemburgués deaños danel sinani scout uel championsleague
215,rtso no one told buffon about that ronaldo signing the man wants to win championsleague lol psg juve juventus …
216,la primera ronda eliminatoria de la championsleague tuvo hoypaidos donde algunos de los favoritos para avanz…
217,i hope juventus will never win the championsleaguei dont like cristianoronaldo
218,never ever take anything for granted with our current board we must continue to pressure a…
219,so no one told buffon about that ronaldo signing the man wants to win championsleague lol psg juve…
222,rta few pictures from cork city v legia warsaw championsleague
223,rta few pictures from cork city v legia warsaw championsleague
224,"rtklasyfikacja strzelców championsleague 

michal kucharczyk
cristiano ronaldo

corleg"
225,rta few pictures from cork city v legia warsaw championsleague
226,rtla juventus ha vinto gli ultimiscudetti senza ronaldo spendere mln netti allanno di stipendio per un sol gioca…
227,ufficialeil milan cambia proprietà ecco il comunicato ucl championsleague
228,cristianoronaldo scommettiamo che se va tutto bene vincono il campionatochampionsleague con questa…
229,good win tonightdownto go still can’t believe we have to playyesties to play in the…
230,rtla juventus ha vinto gli ultimiscudetti senza ronaldo spendere mln netti allanno di stipendio per un sol gioca…
231,sul piano strettamente economicofinanziario lacquisto di cristianoronaldo per la juventus equivale ad una vitto…
232,rta few pictures from cork city v legia warsaw championsleague
233,ronaldo transferiylesampiyonlar ligi sampiyonu juventus olur gibi emektar buffon da buruk bi sevinç olu…
234,rta few pictures from cork city v legia warsaw championsleague
235,rtla juventus ha vinto gli ultimiscudetti senza ronaldo spendere mln netti allanno di stipendio per un sol gioca…
236,juventus próximo campeón de la championsleague
237,a few pictures from cork city v legia warsaw championsleague
238,championsleague acca bettingtips bettingexpe easymoney
239,championsleague acca bettingtips bettingexpe easymoney
241,el mítico celtic de glasgow ya ha comenzado su andadura en la championsleague ha vencido poral alashke arm…
242,ever since cr scored that incredible bicycle kick goal v juve in the championsleague and was lauded w a standi…
243,"números de cr
juventus realmadrid championsleague cristiano ronaldo goles títulos y todas las estadísticas…"
244,cr cristianoronaldo championsleague champions
245,futbol cristiano ronaldo pougal realmadrid manchesterunited championsleague cr spoinglisboa ucl italia españa fichaje
246,cuantas championsleague ganó cr enaños han sidode forma consecutiva muchas más que messi
247,"rtresultados de la primera jornada de lafase de clasificación para la championsleague 

los primerospaido…"
248,"rteng are the closest theyve been sinceto reaching a worldcup final but

would you rather your country win th…"
249,cuanto van a que elsinya no gana la championsleaguerealmadrid cristianoronaldo
250,rtlacquisto dironaldoallajuve denota quasi sicuramente che punta alla championsleague
251,"resultados de la primera jornada de lafase de clasificación para la championsleague 

los primeros …"
252,rtgraciascristianochampionsleague enañoschampionsleague consecituvas
253,rtla juventus ha vinto gli ultimiscudetti senza ronaldo spendere mln netti allanno di stipendio per un sol gioca…
254,to track midweek edition soccer matches are now up through wednesday noobs playing the hitsworldcup semi…
255,rtla juventus ha vinto gli ultimiscudetti senza ronaldo spendere mln netti allanno di stipendio per un sol gioca…
256,what more can you say about <U+2066><U+2069> the greatest football player ever seen is there a better player no…
257,gutted for city with that loss set up brilliant kept the shape and hadchances to go one up sucker punch to…
258,mistrza juz mamy na lige mistrzów czekamy d legia championsleague kuchyking
259,rtla juventus ha vinto gli ultimiscudetti senza ronaldo spendere mln netti allanno di stipendio per un sol gioca…
260,lacquisto dironaldoallajuve denota quasi sicuramente che punta alla championsleague
261,as you had left i want to say that without you the club will not be same the league will not be same elclasicos…
263,i agree its called the championsleague for a reason champions of each league should qu…
265,championsleague primo turnoandata dayi risultati ucl
266,rtwednesdays back page ronaldo in shock juventus switch mbappe inspires france to worldcup final rodgers praises…
267,rtwednesdays back page ronaldo in shock juventus switch mbappe inspires france to worldcup final rodgers praises…
268,da interista dico che anche questanno non cè storia con o senza cristianoronaldo è st…
269,wednesdays back page ronaldo in shock juventus switch mbappe inspires france to worldcup final rodgers pra…
270,cork city face an uphill championsleague battle in poland after they went downat turners cross
271,no player in all history of realmadrid has scored more goals in all competitionsin laligaand in…
272,"thank you cristiano ronaldo kylian mbappe or neymar jr you are of two welcome to world’s biggest club 
against e
championsleague"
273,rtwe are very proud to have lead our club back in to the championsleaguea huge thanks to every single person that worked…
274,championsleague
275,ronaldo to juventus is a great deal for both juventus and realmadrid the bianconeri have to win the…
276,legia warszawa wygrala z cork city w i rundzie eliminacjiwminucie meczu gola zdobyl micha…
277,i agree with this one ssdiski they should really consider bringing backthe championsleague game…
278,quando lasci la juventus per andare a vincere la championsleague ma poi scopri che la tua ex squadra ha preso un…
279,gracias legend best amazing footballer cr love you everhalamadrid but this year i wish you will…
280,dont worry real madrid fans he has got your back championsleague itsbloodytime stepbystep
281,rtco za kucharczyk corleg championsleague
282,rtsedovesse vincere la championsleague consi sentirebbe come brunopizzul nellascol…
284,ruolo determinante e dalle sponsorizzazione che aumenteranno necessariamente il grosso dovrà essere ottenuto attr…
285,bra malmömalmöff mff championsleague
286,rtco za kucharczyk corleg championsleague
287,"rtall over
legia
championsleaguecityineurope"
288,siest championne du mondedoit être ballondor championsleague championligua championdumonde
289,i think ronaldo decided that was where he wanted to play united real juvenot a bad cv they also have…
290,rtla juventus ha vinto gli ultimiscudetti senza ronaldo spendere mln netti allanno di stipendio per un sol gioc…
291,rtcon il <U+2764><U+FE0F> sempre finoallafine ucl championsleague juventus wembley tottenhamjuventus
292,till slut fick även belgien kapitulera i vmmot frankrike bättre gick det för malmö ff i…
293,"michal kucharczyk zapewnia wygrana mistrzom polski
goalpl championsleague legia"
294,city had chances but legia the better side corkcity championsleague
295,rtprzeciez to sie nie miesci w glowie corleg championsleague
296,"championsleague

kampioni i suedisë i foë për dritën"
297,cr welcome nextstop wanda madrid championsleague final
298,"rtzapomnialem o jeszcze jednym
 arek malarz w trybie polaczonych de gea lloris i couois corleg championsleague …"
300,"bene ronaldo benissimo
ma se non si vince na mazza manco co lui mmmm non ce voglio manco pensànon è facil…"
301,we would have been the first team to win the championsleague if it weren’t for bernard tapiealso marseille nev…
302,"rtw zyciu sa trzy pewne rzeczy
 smierc
 podatki
 gol kuchego który ratuje legie
corleg championsleague"
303,przeciez to sie nie miesci w glowie corleg championsleague
304,decent night for eddy and moussa championsleague worldcup
305,"all over
legia
championsleaguecityineurope"
307,jeszcze nie skonczyl sie worldcup rusia a legiawarszawa musi zaczynac eliminacje do championsleague jakie…
309,"zapomnialem o jeszcze jednym
 arek malarz w trybie polaczonych de gea lloris i couois corleg championsleague"
310,rtconfirmado cristiano ronaldo jugará en la juventus tras marcar una era en el realmadrid en susaños jugando par…
311,rtwe are very proud to have lead our club back in to the championsleaguea huge thanks to every single person that worked…
312,just to let you know we got all the trophies wm worldcup soccer worldcuptrophy meisterschale…
313,kur te boni si shkendija pi tetoves pasha bacin qatehere dine qe jeni gati per evropenkajmak ia paska pshtjel…
314,per ata që nuk e dijn rosenberg dikun para ni dekade e ka shpaallu mbrojtjen e bayernit e spo ta mposht ni drit…
315,"rtw zyciu sa trzy pewne rzeczy
 smierc
 podatki
 gol kuchego który ratuje legie
corleg championsleague"
316,"w zyciu sa trzy pewne rzeczy
 smierc
 podatki
 gol kuchego który ratuje legie
corleg championsleague"
317,rtco za kucharczyk corleg championsleague
318,cuando te das cuenta cuál es la única forma de ganar la championsleague jajaja cristiano juventus
319,"juventus cr se non puoi batterlo compralo
speruma championsleague"
320,new signing on target as celtic earn convincing championsleague qualifying winthe
321,cr alla rubentus scudetto assicurato coppaitalia già assegnata championsleague già vinta chiaro è che man…
322,rtse sono felice di crjuve ve lo dirò quando avremmo vinto la championsleague perché per vincere l’ottavo scudetto bastava stu…
323,co za kucharczyk corleg championsleague
324,"rtworld cup

football worldcup worldcuprussia france spo deschamps winner russia world ronaldo me…"
325,corleg bramka lkucharczyk dla legiawarszawa w meczu rundy kwalifikacji championsleague <U+26BD>
326,"klasyfikacja strzelców championsleague 

michal kucharczyk
cristiano ronaldo

corleg"
327,rtale hukna w koncu kurla legia corleg championsleague
328,il est pas loin du ballon d’or du couprealmadrid francevsbelgium championsleague…
329,colaborame con ese tuitganará la championsleague con cr esta temporada please
330,sedovesse vincere la championsleague consi sentirebbe come brunopizzul…
331,"rtfabulous hotel ac milan liverpool amp arsenal all stayed here
great stadium be a tough match but what an experience…"
332,ale hukna w koncu kurla legia corleg championsleague
333,"podsumowujac
• lucas toreira w arsenalu
• cristiano ronaldo w juve
• riyad mahrez w man city
• fra w finale…"
334,rtcale szczescie ze jest mundial bo niektórzy kibice na szczescie nawet nie zauwaza ze polski zespól próbowal walczyc o…
335,cale szczescie ze jest mundial bo niektórzy kibice na szczescie nawet nie zauwaza ze polski zespól próbowal walczy…
336,"fabulous hotel ac milan liverpool amp arsenal all stayed here
great stadium be a tough match but what an experien…"
337,"championsleague

hkëndija show pranë kualifikimit"
339,"world cup

football worldcup worldcuprussia france spo deschamps winner russia world…"
340,"rtchampionsleague qualifier aleshkeceltic 

celtic scorers edouard forrest mcgregor"
342,"lajuverobaalmadrid al 

 balóndeoro
 balóndeoro…"
343,as a juventus fan the signing of cristiano ronaldo is a clear sign of aiming for the uefa championsleague
344,rtronaldo hätte bestimmt bessere chancen gehabt mit bayern die championsleague zu gewinnen die bundesliga ist bestimmt i…
345,rtaller höchsten respekt vor cristiano ronaldo sich das anzutun zu einem verein zu wechseln der eigentlich keine chance au…
346,"desde ese día comenzó el coqueteo con la

el aplauso de los italianos conmovió a cristiano ronaldo en…"
347,dimentichi linghilterra e dopo le ultime notizie la juve si candida a vincere la championsleague
348,rtronaldo hätte bestimmt bessere chancen gehabt mit bayern die championsleague zu gewinnen die bundesliga ist bestimmt i…
349,cityineuropechampionsleagueccfc
350,rtaller höchsten respekt vor cristiano ronaldo sich das anzutun zu einem verein zu wechseln der eigentlich keine chance au…
351,"yilisampiyonlar ligi sampiyonu juventus yazin bi kenara 
worldcup ronaldo championsleague cristianoronaldo"
353,"championsleague qualifier aleshkeceltic 

celtic scorers edouard forrest mcgregor"
354,"betfred football premierleague eng
championsleague worldcup worldcup russia
mufc mcfc lfc spurs 
get …"
355,"championsleaguecityineurope 
second half underway 
legia"
356,rtla juventus ha vinto gli ultimiscudetti senza ronaldo spendere mln netti allanno di stipendio per un sol gioc…
357,"second half underwaychampionsleague
legia
cityineurope"
358,drita måste ha sjukt stor a trupp när det finns spelare med så höga nummer sommalmöff malmö mff championsleague drimff
359,hur godkänns planer som får puckelpistar att verka platta championsleague
360,varane fra será campeón del mundo y de championsleague el mismo año
361,fue casi misión imposible porque no hay manera de escogergoles entresin dejar unas bellezas fuerapero…
362,rtfccb and the st annes rebel army staing to believe half time and we have them rocked come on citycityineuro…
363,great performance so far insane pressing from city in this heat championsleague
364,ccfc turnerscross cork championsleague
365,fccb and the st annes rebel army staing to believe half time and we have them rocked come on city …
366,quando inizia la stagione calcistica seriea championsleague cr calcio football ansia
367,"rtno goals at halftime
legia 
city have come closest 
will be live with an up…"
368,good game so far byhopefully a sneaky goal now for cork ccfcchampionsleague corkcity
369,rtcome on city ccfc cityineurope corleg championsleague
370,"rty finalmente se disputa tambiénpaidos de ida de la primera ronda de clasificación de la championsleague 

destacan…"
371,at half time magnificent fromdamian delaney has been second only to the fans cityineurope championsleague
372,ft championsleague qrvideoton szabolcs huszti put videoton in front just before halftime b…
373,ht in mitrovicë malmö ff has scored two goals against drita during the first half drita zero bujar shabani with…
375,come on city ccfcchampionsleague
376,nadie con ojos en la cara puede cuestionar mínimamente el rendimiento depoivo de cristianoronaldochampions e…
377,"no goals at halftime
legia 
city have come closest 
will be live with a…"
378,rtmo voglio vedere tutti tifosetti jummerdini stessi che auguravano la moe cr dopo la eliminazione della champion…
379,rtthe numbers speak for themselves aswon four championsleague trophies two laliga titles two copadelrey t…
380,rtse sono felice di crjuve ve lo dirò quando avremmo vinto la championsleague perché per vincere l’ottavo scudetto bastava stu…
