1,rtjuly th is the release datebillboard chas here we come brooklyn ny…
2,rtbusted chris brown hopped off the conce stage and into the back of a police cruiser… tmz chrisbrown
3,rtjuly th is the release datebillboard chas here we come brooklyn ny…
4,rtchris brown was arrested … againtmz chrisbrown
5,cheap chrisbrown tickets in mansfield with promo code
6,rtrihanna is thriving while chris brown becomesthis it goes to show how when we leave a toxic paner behind we get be…
7,rtcant stop listening to this lildicky masshup nickiminaj chrisbrown freakyfriday
8,i know we ain’t gon’ make it to my bed chrisbrown tomybed teaching it this week cbseriespa
10,rtchris brown was arrested … againtmz chrisbrown
11,rtbusted chris brown hopped off the conce stage and into the back of a police cruiser… tmz chrisbrown
12,fame album was an outstanding amazing album still till this day and could you possibly make a f…
13,rtjuly th is the release datebillboard chas here we come brooklyn ny…
14,free my nigga from prison hey chrisbrown
15,rtjuly th is the release datebillboard chas here we come brooklyn ny…
16,rtjuly th is the release date expecting this album on billboard chas brooklyn ny…
17,rtjuly th is the release datebillboard chas here we come brooklyn ny…
18,rtjuly th is the release datebillboard chas here we come brooklyn ny…
19,rtjuly th is the release date expecting this album on billboard chas brooklyn ny…
20,rtjuly th is the release date expecting this album on billboard chas brooklyn ny…
21,rtjuly th is the release datebillboard chas here we come brooklyn ny…
22,beyonce chrisbrown liluzi lebronjameshey big guys share your thoughts
23,rtchris brownquestions chrisbrown 
24,rtchris brown was arrested … againtmz chrisbrown
25,“well sis we had to get a bottle of this it’s all good we enjoying life and seeing beezy” whatanight…
27,rtbusted chris brown hopped off the conce stage and into the back of a police cruiser… tmz chrisbrown
28,chrisbrown raleigh conce heabreakonafullmoon
29,rtjuly th is the release date expecting this album on billboard chas brooklyn ny…
30,rtjuly th is the release date expecting this album on billboard chas brooklyn ny…
31,rtjuly th is the release date expecting this album on billboard chas brooklyn ny…
32,rtjuly th is the release date expecting this album on billboard chas brooklyn ny…
33,rtjuly th is the release date expecting this album on billboard chas brooklyn ny…
34,almost time msnovemberyassss love chrisbrown
35,rtjuly th is the release datebillboard chas here we come brooklyn ny…
36,rtjuly th is the release date expecting this album on billboard chas brooklyn ny…
37,rtjuly th is the release date expecting this album on billboard chas brooklyn ny…
38,rtjuly th is the release date expecting this album on billboard chas brooklyn ny…
39,rtjuly th is the release date expecting this album on billboard chas brooklyn ny…
40,rtjuly th is the release datebillboard chas here we come brooklyn ny…
41,rtjuly th is the release datebillboard chas here we come brooklyn ny…
42,rtjuly th is the release date expecting this album on billboard chas brooklyn ny…
43,rtjuly th is the release datebillboard chas here we come brooklyn ny…
44,july th is the release datebillboard chas here we come brooklyn ny…
45,rtjuly th is the release date expecting this album on billboard chas brooklyn ny…
46,july th is the release date expecting this album on billboard chas brooklyn ny…
47,july th is the release date expecting this album on billboard chas brooklyn ny…
48,rtjuly th is the release date expecting this album on billboard chas brooklyn ny…
49,rtjuly th is the release date expecting this album on billboard chas brooklyn ny…
50,rtjuly th is the release date expecting this album on billboard chas brooklyn ny…
51,july th is the release date expecting this album on billboard chas brooklyn ny…
53,i still question fans of chrisbrown ampafter they caused so much of a stir that they should take time o…
54,"rtpreparados para o diade julho 
amcb agnation agnezmo chrisbrown overdoseheabreakonafullmoontour heab…"
55,grass aint greenerchrisbrown
56,share share share until chris see this please and thank you ps i do these illustrations on my iphone…
57,"rtincredible how many people want chrisbrown to be left alone when he
 beat rihanna 
 was arrestedtimes while on pro…"
58,rtbusted chris brown hopped off the conce stage and into the back of a police cruiser… tmz chrisbrown
59,"rtim feeling myself

harleyquinn batman dc kawaii cosplaygirl sexycosplay beautiful sexy curves cosplay model cu…"
60,"rtagnez mo x chris brownoverdose countdown days away amcb overdose amcboverdose july
"
61,rtbusted chris brown hopped off the conce stage and into the back of a police cruiser… tmz chrisbrown
62,who knows me tho accurate m emo asf love yall urfavoritesfavoritemikameans aist songstress singer…
64,this nigga got hitschrisbrown
65,rtchris brown was arrested … againtmz chrisbrown
66,"im feeling myself

harleyquinn batman dc kawaii cosplaygirl sexycosplay beautiful sexy curves cosplay…"
68,rtdo you want tickets to see chrisbrown inconce this friday listen toon winning wednesday for a chance to…
69,been getting some great reviews and feedback on this one be sure togive it a listen ufc domesticviolence…
70,now playing chrisbrowntomybedclean onnothin nice radio tunein
71,soo passionate and talented teambreezy chrisbrown followme heabreakonafullmoontour
72,heabreakonafullmoontour chrisbrown teambreezy clt followms
73,heabreakonafullmoontour clt teambreezy followme chrisbrown
74,heabreakonafullmoontour teambreezy clt chrisbrown
75,heabreakonafullmoontour teambreezy clt chrisbrown clt followme her
76,rtchris brown was arrested … againtmz chrisbrown
77,richthekid heabreakonafullmoon teambreezy chrisbrown followme
78,i just lovemusic there’s no doubt that i’m a diehardchrisbrownfan yes indeed nobody else does music q…
79,avalanchethearchitect drake djstaingfromscratch chrisbrown soljaboy
81,avalanchethearchitect drake djstaingfromscratch chrisbrown soljaboy reggae yonkers
82,memorable night suppoing my cousinchrisbrown teambreezy heabreakonafullmoon clt amazingaist soproud
85,i might be a little late watch me live pm est on my youtube channel god eye media live mrmiyagi nickiminaj…
87,has pretty much been a thug from day one every time his name pops up in the news its due to the fact…
88,rtbusted chris brown hopped off the conce stage and into the back of a police cruiser… tmz chrisbrown
89,teambreezy heabreakonafullmoontour breezyfans breezyfansforlife chrisbrown chrisbrownworld…
90,rtbusted chris brown hopped off the conce stage and into the back of a police cruiser… tmz chrisbrown
91,teambreezy heabreakonafullmoontour breezyfans breezyfansforlife chrisbrownworld kingbreezy…
92,rtchris brown was arrested … againtmz chrisbrown
93,rtchris brown was arrested … againtmz chrisbrown
95,"rt“overdose”agnez mo x chris brownde julho

agnation 
teambreezy
chrisbrown 
agnezmo
overdose …"
96,rtbusted chris brown hopped off the conce stage and into the back of a police cruiser… tmz chrisbrown
97,if you wanna come to the conce they just let me walk in wo scanningheres a free ticket chrisbrown
98,rtchris brown was arrested … againtmz chrisbrown
99,rtchris brown was arrested … againtmz chrisbrown
100,rtchris brown was arrested … againtmz chrisbrown
102,rtchris brown was arrested … againtmz chrisbrown
103,rtchris brown was arrested … againtmz chrisbrown
104,rtchris brown was arrested … againtmz chrisbrown
105,"finally heabreakonafullmoon cd album
chrisbrown"
106,rtchris brown was arrested … againtmz chrisbrown
107,rtchris brown was arrested … againtmz chrisbrown
108,rtchris brown was arrested … againtmz chrisbrown
109,rtchris brown was arrested … againtmz chrisbrown
110,rtchris brown was arrested … againtmz chrisbrown
111,whatitfeelslike badboy diddy chrisbrown tydollasign jeremih brysontiller djkhaled drakel…
112,rtchris brown was arrested … againtmz chrisbrown
113,rtchris brown was arrested … againtmz chrisbrown
114,rtchris brown was arrested … againtmz chrisbrown
115,rtchris brown was arrested … againtmz chrisbrown
116,rtchrisbrown “say goodbye”
117,rtchris brown was arrested … againtmz chrisbrown
118,rtchris brown was arrested … againtmz chrisbrown
119,rtchris brown was arrested … againtmz chrisbrown
120,rtchris brown was arrested … againtmz chrisbrown
121,rtchris brown was arrested … againtmz chrisbrown
122,rtchris brown was arrested … againtmz chrisbrown
123,rtchris brown was arrested … againtmz chrisbrown
124,all caps though lol rtchris brown was arrested … againtmz chrisbrown
125,rtchris brown was arrested … againtmz chrisbrown
126,chris brown was arrested … againtmz chrisbrown
127,chrisbrown heabreakonafullmoon
129,rtmy dawg talkin like family guy market marketing marketingdigital worldstar ixine tekashi chiefkeef beef d…
132,twins treysongz chrisbrown love  please do a legit world tour together as in africa asia southamerica…
133,rtbusted chris brown hopped off the conce stage and into the back of a police cruiser… tmz chrisbrown
134,time is running out for you to win free tickets to see chrisbrown inconce this friday go to…
135,rtchris brown was arrested following a conce in florida last night on felony a battery charge he was released on …
136,"rt“overdose”agnez mo x chris brownde julho

agnation 
teambreezy
chrisbrown 
agnezmo
overdose …"
137,"rtpreparados para o diade julho
amcb agnation agnezmo chrisbrown overdoseheabreakonafullmoontour heab…"
138,rtbusted chris brown hopped off the conce stage and into the back of a police cruiser… tmz chrisbrown
139,rtchris brown was arrested following a conce in florida last night on felony a battery charge he was released on …
140,"rtmy fridaymotivation is to gain fridaywisdom lets maga amp kag

nationalfriedchickenday beryl signsyouareamillenni…"
141,nowplaying chrisbrownofficial chrisbrown onme
142,this is what the third time chrisbrown has been arrested for assaulting women and everyone is tweeting about how…
143,rtbusted chris brown hopped off the conce stage and into the back of a police cruiser… tmz chrisbrown
144,rtits you and me moving at the speed of light into eternity chrisbrown lyrictweet
145,rtbusted chris brown hopped off the conce stage and into the back of a police cruiser… tmz chrisbrown
146,rtits you and me moving at the speed of light into eternity chrisbrown lyrictweet
147,rtso i was on instagram and this aist named trillcloutez dropped a song and the fact that it sound just like chrisbrown…
148,rtbusted chris brown hopped off the conce stage and into the back of a police cruiser… tmz chrisbrown
150,rtchrisbrowncostal credit union park at walnut creek raleighno…
151,rtbusted chris brown hopped off the conce stage and into the back of a police cruiser… tmz chrisbrown
153,rtbusted chris brown hopped off the conce stage and into the back of a police cruiser… tmz chrisbrown
154,rtnunca em hipótese algumadeixe essa performance maravilhosa cair no esquecimento chrisbrown…
155,rtbusted chris brown hopped off the conce stage and into the back of a police cruiser… tmz chrisbrown
156,chrisbrowncostal credit union park at walnut creek raleigh…
157,rtbusted chris brown hopped off the conce stage and into the back of a police cruiser… tmz chrisbrown
158,rtbusted chris brown hopped off the conce stage and into the back of a police cruiser… tmz chrisbrown
160,rtbusted chris brown hopped off the conce stage and into the back of a police cruiser… tmz chrisbrown
161,"rtmy fridaymotivation is to gain fridaywisdom lets maga amp kag

nationalfriedchickenday beryl signsyouareamillenni…"
162,rtbusted chris brown hopped off the conce stage and into the back of a police cruiser… tmz chrisbrown
163,these hoes ain’t ‘loyal’ loyalty loyal lovelsland chrisbrownsnakes
164,rtbusted chris brown hopped off the conce stage and into the back of a police cruiser… tmz chrisbrown
165,rtbusted chris brown hopped off the conce stage and into the back of a police cruiser… tmz chrisbrown
166,sir this monster should have been stopped as soon as investigation staed w…
167,"rt“overdose”agnez mo x chris brownde julho

agnation 
teambreezy
chrisbrown 
agnezmo
overdose …"
168,rtbusted chris brown hopped off the conce stage and into the back of a police cruiser… tmz chrisbrown
169,rtbusted chris brown hopped off the conce stage and into the back of a police cruiser… tmz chrisbrown
170,rtbusted chris brown hopped off the conce stage and into the back of a police cruiser… tmz chrisbrown
171,rtbusted chris brown hopped off the conce stage and into the back of a police cruiser… tmz chrisbrown
172,rtbusted chris brown hopped off the conce stage and into the back of a police cruiser… tmz chrisbrown
173,rtbusted chris brown hopped off the conce stage and into the back of a police cruiser… tmz chrisbrown
174,rtbusted chris brown hopped off the conce stage and into the back of a police cruiser… tmz chrisbrown
175,rtbusted chris brown hopped off the conce stage and into the back of a police cruiser… tmz chrisbrown
176,rtbusted chris brown hopped off the conce stage and into the back of a police cruiser… tmz chrisbrown
177,rtbusted chris brown hopped off the conce stage and into the back of a police cruiser… tmz chrisbrown
178,rtbusted chris brown hopped off the conce stage and into the back of a police cruiser… tmz chrisbrown
179,rtbusted chris brown hopped off the conce stage and into the back of a police cruiser… tmz chrisbrown
180,rtbusted chris brown hopped off the conce stage and into the back of a police cruiser… tmz chrisbrown
181,rtbusted chris brown hopped off the conce stage and into the back of a police cruiser… tmz chrisbrown
182,rtbusted chris brown hopped off the conce stage and into the back of a police cruiser… tmz chrisbrown
183,rtbusted chris brown hopped off the conce stage and into the back of a police cruiser… tmz chrisbrown
184,rtbusted chris brown hopped off the conce stage and into the back of a police cruiser… tmz chrisbrown
185,busted chris brown hopped off the conce stage and into the back of a police cruiser… tmz chrisbrown
186,man these chrisbrown groupies are disgusting look at what they did photoshopped the damn picture t…
187,rtbusted chris brown hopped off the conce stage and into the back of a police cruiser… tmz chrisbrown
189,fã chris brownvideo nigga chrisbrownofficial chrisbrown musica music dance hboafmtour sing oldschool…
190,cheap chrisbrown tickets in camden with promo code
191,"rtfollow everyone who like and retweet this video
…"
192,a encore été arrêté et on sait pourquoisoonnight chrisbrown people actu buzz musique
193,"rtagnez mo x chris brownoverdose countdown
 days away 
amcb overdose amcboverdose july"
194,rttoday pm pac time femaleentrepreneur dontsign recordingaist endcreativeslavery creativeslaverevolt disruptive…
195,rtbusted chris brown hopped off the conce stage and into the back of a police cruiser… tmz chrisbrown
196,my guy chrisbrownbe snappin
197,tonight in raleighconce chrisbrown 
198,today pm pac time femaleentrepreneur dontsign recordingaist endcreativeslavery creativeslaverevolt…
199,rtso i was on instagram and this aist named trillcloutez dropped a song and the fact that it sound just like chrisbrown…
200,so i was on instagram and this aist named trillcloutez dropped a song and the fact that it sound just like…
202,see you have people who can dance then you have chrisbrown who elevates and changes the game
203,"rtchris bronw é preso após sair de seu show na flórida


chrisbrown florida …"
204,"chris bronw é preso após sair de seu show na flórida


chrisbrown florida"
205,rti saidis the closest thing to micheal jackson that’s why i was so excited to see him perform mj chrisbrown
206,rtwhat happened chrisbrown betbreaks
209,aboutlastnight concethings chrisbrown finechina melaniemagic allnatural nofilternofiller…
210,rtbusted chris brown hopped off the conce stage and into the back of a police cruiser… tmz chrisbrown
211,"rt“overdose”agnez mo x chris brownde julho

agnation 
teambreezy
chrisbrown 
agnezmo
overdose …"
213,rtyo twitter worldis coming to my home town on the th he reposted me earlier this year he’s one of my idols…
214,rtchrisbrown breezy
215,chrisbrownofficial smoovecovertuesday heabreakonafullmoon hopeyoudo chrisbrown canada bangladesh dubai…
216,rtyo twitter worldis coming to my home town on the th he reposted me earlier this year he’s one of my idols…
218,"the shadows betray you because they belong to me bane chrisbrownofficial 



tag chrisb…"
219,rtyo twitter worldis coming to my home town on the th he reposted me earlier this year he’s one of my idols…
220,torontorap ukrap davidrecord casper chrisbrown rap
221,"rtagnez mo x chris brownoverdose countdown
 days away 
amcb overdose amcboverdose july"
222,rtoverdose agnezmo chrisbrown
224,es que chrisbrown le agarró cariño a los barrotes oo
226,me and my lil brother sams coreographer supreme todd sams shutting down the bar usherraymond beyoncé…
227,rtyesalthough agnezmo amp chrisbrown have been on b…
228,rtbusted chris brown hopped off the conce stage and into the back of a police cruiser… tmz chrisbrown
229,watch me live in one hour at am est on my youtube channel god eye media live mrmiyagi nickiminaj beyonce…
230,"rt“overdose”agnez mo x chris brownde julho

agnation 
teambreezy
chrisbrown 
agnezmo
overdose …"
231,rtyo twitter worldis coming to my home town on the th he reposted me earlier this year he’s one of my idols…
234,"rtcheck out the winning numbers for draw

lottomania lotto naijavirals nowplay…"
235,rtsee the winning numbers for draw Friday motivation fridayfeeling lottomania l…
237,"rt“overdose”agnez mo x chris brownde julho

agnation 
teambreezy
chrisbrown 
agnezmo
overdose …"
238,i could seriously listen toall day isecretlyhavebeen iheachrisbrown chrisbrown cbreezy
239,rtoverdose agnezmo chrisbrown
240,rtbusted chris brown hopped off the conce stage and into the back of a police cruiser… tmz chrisbrown
242,chrisbrownofficial did his thing last night in the queencity chrisbrown chrisbrownincharlotte 
244,vibez wit my brothers heabreakonafullmoontour her chrisbrown lack chrisbrownconce dallas starplex…
245,rtyesalthough agnezmo amp chrisbrown have been on b…
246,"rt“overdose”agnez mo x chris brownde julho

agnation 
teambreezy
chrisbrown 
agnezmo
overdose …"
247,rtbusted chris brown hopped off the conce stage and into the back of a police cruiser… tmz chrisbrown
248,"real music real passion real rampb
 
hottest rampb artist on the rise

see for yourself

stream the album urban…"
249,rtis arrested on felony battery warrant thx for the breaking newsclick here for full story …
252,i cant wait till fri my first chris brown conce i readyva chrisbrown
254,rtbusted chris brown hopped off the conce stage and into the back of a police cruiser… tmz chrisbrown
256,rtfrom texas to va happybihday to my boooooo my tiffy my tiffffff hope today is absolutely amazing i ain’t gone even be t…
257,from texas to va happybihday to my boooooo my tiffy my tiffffff hope today is absolutely amazing i ain’t gone…
258,"rtrihanna is thriving while chris brown becomesthis

it goes to show how when we leave a toxic paner behind we get be…"
260,chrisbrown latest album
264,yo twitter worldis coming to my home town on the th he reposted me earlier this year he’s one of my…
265,"rtrihanna is thriving while chris brown becomesthis

it goes to show how when we leave a toxic paner behind we get be…"
268,the waime freestyledjstaingfromscratch vladtv djakademiks chrisbrown donaldtrump
269,chrisbrown
270,rtbusted chris brown hopped off the conce stage and into the back of a police cruiser… tmz chrisbrown
271,rtbusted chris brown hopped off the conce stage and into the back of a police cruiser… tmz chrisbrown
274,chrisbrown logic richthekid offset cardib skimask lilpump ixine yungbans lilyachty smokepurpp…
275,"rtfollow everyone who like and retweet this video
…"
277,rtyesalthough agnezmo amp chrisbrown have been on b…
280,rtbusted chris brown hopped off the conce stage and into the back of a police cruiser… tmz chrisbrown
281,chrisbrown under investigation for allegedly assaulting woman in las vegas
283,rtoverdose agnezmo chrisbrown
284,amcboverdose agnezmo chrisbrown
286,overdose agnezmo chrisbrown
287,conce day chrisbrown
288,rtbusted chris brown hopped off the conce stage and into the back of a police cruiser… tmz chrisbrown
289,rtyesalthough agnezmo amp chrisbrown have been on b…
290,"rt“overdose”agnez mo x chris brownde julho

agnation 
teambreezy
chrisbrown 
agnezmo
overdose …"
291,kalo beneran tampil di open kalo nggk closing gw harap full orchestra live besea backing v…
293,rtyesalthough agnezmo amp chrisbrown have been on b…
294,"
amcb agnation agnezmo chrisbrown overdoseheabreakonafullmoontour heab…"
296, chris brownvideo blackpyramid chrisbrown chrisbrownofficial music musica hboafmtour show dance…
298,rtgo watch stranger things” music video now it currently has m views on youtube 
299,rtyears ago today finechina music video was released 
301,rtbusted chris brown hopped off the conce stage and into the back of a police cruiser… tmz chrisbrown
302,rtbusted chris brown hopped off the conce stage and into the back of a police cruiser… tmz chrisbrown
303,chrisbrown that is all
307,rtyesalthough agnezmo amp chrisbrown have been on b…
308,"rtpreparados para o diade julho 
amcb agnation agnezmo chrisbrown overdoseheabreakonafullmoontour heab…"
309,ujangajojing society society britneyspears societya rihanna shareyoursociety chrisbrown societypromo
310,rtbusted chris brown hopped off the conce stage and into the back of a police cruiser… tmz chrisbrown
311,rtbusted chris brown hopped off the conce stage and into the back of a police cruiser… tmz chrisbrown
312,amcb agnation agnezmo chrisbrown overdoseheabreakonafullmoontour heab…
313,rtbusted chris brown hopped off the conce stage and into the back of a police cruiser… tmz chrisbrown
314,chris brown conce with my girls we were on instagramheabreakonafullmoon rocktheham chrisbrown jacquees…
315,rtbusted chris brown hopped off the conce stage and into the back of a police cruiser… tmz chrisbrown
316,rtyesalthough agnezmo amp chrisbrown have been on b…
318,rtbusted chris brown hopped off the conce stage and into the back of a police cruiser… tmz chrisbrown
319,rt iamgenesislosangeles trap chrisbrown rihanna beyonce jayz empire xxlfreshmen…
320,"rt“overdose”agnez mo x chris brownde julho

agnation 
teambreezy
chrisbrown 
agnezmo
overdose …"
321,rtbusted chris brown hopped off the conce stage and into the back of a police cruiser… tmz chrisbrown
322,rtyesalthough agnezmo amp chrisbrown have been on b…
324,hueyfreeman x chunlichrisbrownx agnezmoawork
325,music download wizkid chrisbrown amp tyga – supersoaker
326,hueyfreeman x chunlichrisbrownx agnezmoawork
327,rtbusted chris brown hopped off the conce stage and into the back of a police cruiser… tmz chrisbrown
328,"rt“overdose”agnez mo x chris brownde julho
agnation 
teambreezy
chrisbrown 
agnezmo
overdose …"
329,"rtpreparados para o diade julho 
amcb agnation agnezmo chrisbrown overdoseheabreakonafullmoontour heab…"
330,rtbusted chris brown hopped off the conce stage and into the back of a police cruiser… tmz chrisbrown
332,"rt“overdose”agnez mo x chris brownde julho

agnation 
teambreezy
chrisbrown 
agnezmo
overdose …"
333,rtbusted chris brown hopped off the conce stage and into the back of a police cruiser… tmz chrisbrown
335,chrisbrown breezy
336,rtamcboverdose agnezmo chrisbrown
337,rtbusted chris brown hopped off the conce stage and into the back of a police cruiser… tmz chrisbrown
338,rtbusted chris brown hopped off the conce stage and into the back of a police cruiser… tmz chrisbrown
340,"rt“overdose”agnez mo x chris brownde julho

agnation 
teambreezy
chrisbrown 
agnezmo
overdose …"
341,rtbusted chris brown hopped off the conce stage and into the back of a police cruiser… tmz chrisbrown
342,"rtfollow everyone who like and retweet this video
…"
343,"follow everyone who like and retweet this video
…"
345,rtbusted chris brown hopped off the conce stage and into the back of a police cruiser… tmz chrisbrown
346,rtbusted chris brown hopped off the conce stage and into the back of a police cruiser… tmz chrisbrown
347,losangeles trap chrisbrown rihanna beyonce jayz empire xxlfreshmen vogue paris…
348,rtbusted chris brown hopped off the conce stage and into the back of a police cruiser… tmz chrisbrown
349,payteambreezy heabreakonafullmoontour breezyfans breezyfansforlife chrisbrown…
350,"por otra denuncia grave
rihana chrisbrown felizlunes"
351,rtbusted chris brown hopped off the conce stage and into the back of a police cruiser… tmz chrisbrown
352,busted chris brown hopped off the conce stage and into the back of a police cruiser… tmz chrisbrowncelebrity
353,rt<U+2728> teambreezy chrisbrown
354,rtbusted chris brown hopped off the conce stage and into the back of a police cruiser… tmz chrisbrown
355,rtamcboverdose agnezmo chrisbrown
356,rtamcboverdose agnezmo chrisbrown
357,"rtcant stop listening to this
lildicky masshup nickiminaj chrisbrown freakyfriday 
…"
358,rtbusted chris brown hopped off the conce stage and into the back of a police cruiser… tmz chrisbrown
359,"rt“overdose”agnez mo x chris brownde julho

agnation 
teambreezy
chrisbrown 
agnezmo
overdose …"
360,rtbusted chris brown hopped off the conce stage and into the back of a police cruiser… tmz chrisbrown
361,amcboverdose agnezmo chrisbrown
362,rtbusted chris brown hopped off the conce stage and into the back of a police cruiser… tmz chrisbrown
