1,rtbreakingnow repos that during his confirmation hearings for the dc circuit cou brettkavanaugh lied to congre…
2,rtbreakingnow repos that during his confirmation hearings for the dc circuit cou brettkavanaugh lied to congre…
3,"rtnothing to see herejust another headline cnn wont cover 

police long island man charged in sex assault of to…"
4,rtbreakingnow repos that during his confirmation hearings for the dc circuit cou brettkavanaugh lied to congre…
5,rtbreakingnow repos that during his confirmation hearings for the dc circuit cou brettkavanaugh lied to congre…
6,hi rtrt this pr it’s a humanity amp justice case thaarjustice reuters government iraq bbctrending bbcnews…
7,"rtuh not just no but hell no ffs
watch cnn repoer says american women should wear an islamic veil to show respect and…"
8,rtyes i beat the feds suingbillion winning r realironman amp wong betawards…
9,rtdont come our country illegally cnn msnbc abc nbc cbs hln cnbc msm news media wsj cnnsotu usatoday today nyt…
10,rtbreakingnow repos that during his confirmation hearings for the dc circuit cou brettkavanaugh lied to congre…
11,rtdont come our country illegally cnn msnbc abc nbc cbs hln cnbc msm news media wsj cnnsotu usatoday today nyt…
12,yadayadayada better pay more time and effo on cleaning up the shitanddrugs in your city pelosi…
13,rtbreakingnow repos that during his confirmation hearings for the dc circuit cou brettkavanaugh lied to congre…
14,rtbreakingnow repos that during his confirmation hearings for the dc circuit cou brettkavanaugh lied to congre…
15,rtbreakingnow repos that during his confirmation hearings for the dc circuit cou brettkavanaugh lied to congre…
16,rtdont come our country illegally cnn msnbc abc nbc cbs hln cnbc msm news media wsj cnnsotu usatoday today nyt…
17,and what spin will you put on it if kavavaugh rules against potus maybe its to soon for you to think about…
18,rtbreakingnow repos that during his confirmation hearings for the dc circuit cou brettkavanaugh lied to congre…
19,rtbreakingnow repos that during his confirmation hearings for the dc circuit cou brettkavanaugh lied to congre…
20,rtbreakingnow repos that during his confirmation hearings for the dc circuit cou brettkavanaugh lied to congre…
22,rtbreakingnow repos that during his confirmation hearings for the dc circuit cou brettkavanaugh lied to congre…
23,rtbreakingnow repos that during his confirmation hearings for the dc circuit cou brettkavanaugh lied to congre…
24,tham luang nang nonviewsdaycompletecnn
25,"rtnothing to see herejust another headline cnn wont cover 

police long island man charged in sex assault of to…"
26,rtbreaking turns out per msnbcs allin with chris hayes that trumps scotus nominee brettkavanagh was for indicting a p…
27,rtbreakingnow repos that during his confirmation hearings for the dc circuit cou brettkavanaugh lied to congre…
28,rtbreakingnow repos that during his confirmation hearings for the dc circuit cou brettkavanaugh lied to congre…
29,rtbreakingnow repos that during his confirmation hearings for the dc circuit cou brettkavanaugh lied to congre…
30,rtbreaking turns out per msnbcs allin with chris hayes that trumps scotus nominee brettkavanagh was for indicting a p…
31,rtbreakingnow repos that during his confirmation hearings for the dc circuit cou brettkavanaugh lied to congre…
32,hi rtrt this pr it’s a humanity amp justice case thaarjustice skynews itv foxnews cnn guardian gothere…
33,rtu wanna piss off your wohless nato allies tell them that the usa will veto macedonias entry if it ch…
34,"rtbreakingarent lawyers disbarred for lying under oath no cc 
theresistance trms maddow scotus supremecou…"
35,"rtuh not just no but hell no ffs
watch cnn repoer says american women should wear an islamic veil to show respect and…"
36,rtbreakingnow repos that during his confirmation hearings for the dc circuit cou brettkavanaugh lied to congre…
37,best indie music of the st century amazon ebook special limited time offerjuly tojulyfantastic son…
38,rtbreakingnow repos that during his confirmation hearings for the dc circuit cou brettkavanaugh lied to congre…
39,rtbreakingnow repos that during his confirmation hearings for the dc circuit cou brettkavanaugh lied to congre…
40,who has the influence nowad wsj nytimes reuters bloomberg thestreet forbes nasdaq…
41,"rtnothing to see herejust another headline cnn wont cover 

police long island man charged in sex assault of to…"
42,rtbreakingnow repos that during his confirmation hearings for the dc circuit cou brettkavanaugh lied to congre…
43,"rtnothing to see herejust another headline cnn wont cover 

police long island man charged in sex assault of to…"
44,rtfollowing a successful deployment at cnn london iabm memberintelligent display system ids is steadily bei…
45,only two entities have acknowledged hispanics affinity for morrissey pas unknown and antman so obviouslyd…
46,"rtuh not just no but hell no ffs
watch cnn repoer says american women should wear an islamic veil to show respect and…"
47,rtbreakingnow repos that during his confirmation hearings for the dc circuit cou brettkavanaugh lied to congre…
48,rtbreakingnow repos that during his confirmation hearings for the dc circuit cou brettkavanaugh lied to congre…
49,rtbreakingnow repos that during his confirmation hearings for the dc circuit cou brettkavanaugh lied to congre…
50,rtbreakingnow repos that during his confirmation hearings for the dc circuit cou brettkavanaugh lied to congre…
51,"we can not allow benczkowski to be lead doj criminal division
we cant

i know a lot of shit is going on but we…"
52,how nice for donniedouchebag to have gotten his little speech in at the natosummit while the cameras were rollin…
53,"us reaper drone data leaked on dark web researchers say

cnn
"
54,"social media influence your market 
 wsj nytimes reuters bloomberg thestreet…"
55,rtbreakingnow repos that during his confirmation hearings for the dc circuit cou brettkavanaugh lied to congre…
56,rtbreakingnow repos that during his confirmation hearings for the dc circuit cou brettkavanaugh lied to congre…
57,rtbreakingnow repos that during his confirmation hearings for the dc circuit cou brettkavanaugh lied to congre…
58,"hi plz pub this pr its a humanity amp justice case thaarjustice hrw bbc cnn rt 
"
59,rtbreakingnow repos that during his confirmation hearings for the dc circuit cou brettkavanaugh lied to congre…
60,rtbreakingnow repos that during his confirmation hearings for the dc circuit cou brettkavanaugh lied to congre…
61,"rtuh not just no but hell no ffs
watch cnn repoer says american women should wear an islamic veil to show respect and…"
62,i cant watch this trump cnn
63,rtbreakingnow repos that during his confirmation hearings for the dc circuit cou brettkavanaugh lied to congre…
64,fantastic interview between cnn amp bordercontrol finally the truth comes out host could not get him to fit the…
65,rtbreakingnow repos that during his confirmation hearings for the dc circuit cou brettkavanaugh lied to congre…
66,rtbreakingnow repos that during his confirmation hearings for the dc circuit cou brettkavanaugh lied to congre…
67,"rtbreakingarent lawyers disbarred for lying under oath no cc 
theresistance trms maddow scotus supremecou…"
68,rtbreakingnow repos that during his confirmation hearings for the dc circuit cou brettkavanaugh lied to congre…
69,hi rtrt this pr it’s a humanity amp justice case thaarjustice foxnews cnn guardian gothere cnnirepo rt…
70,rtbreakingnow repos that during his confirmation hearings for the dc circuit cou brettkavanaugh lied to congre…
71,"how very uneducated of you 

you clearly do not understand the constitution 

it is not possible to i…"
72,"rtbreakingarent lawyers disbarred for lying under oath no cc 
theresistance trms maddow scotus supremecou…"
73,rtbreakingnow repos that during his confirmation hearings for the dc circuit cou brettkavanaugh lied to congre…
74,rtbreakingnow repos that during his confirmation hearings for the dc circuit cou brettkavanaugh lied to congre…
75,huh why is the us paying to defend germany against russia when germany hastimes the gdp of russiathey can well afford itcnn
76,im watching thehandmaidstale nowadays and it made me realize that theres no difference bw this serial and w…
77,rtbreakingnow repos that during his confirmation hearings for the dc circuit cou brettkavanaugh lied to congre…
78,digitrax kanye west ai beatsad wsj nytimes reuters chicago weed cannabis newyork…
79,that is hilarious trying to make american idiot numberlmaoo cnn
80,rtbreakingnow repos that during his confirmation hearings for the dc circuit cou brettkavanaugh lied to congre…
81,rtbreakingnow repos that during his confirmation hearings for the dc circuit cou brettkavanaugh lied to congre…
82,rtbreakingnow repos that during his confirmation hearings for the dc circuit cou brettkavanaugh lied to congre…
83,rtbreakingnow repos that during his confirmation hearings for the dc circuit cou brettkavanaugh lied to congre…
84,rtbreakingnow repos that during his confirmation hearings for the dc circuit cou brettkavanaugh lied to congre…
85,rtbreakingnow repos that during his confirmation hearings for the dc circuit cou brettkavanaugh lied to congre…
86,rtbreakingnow repos that during his confirmation hearings for the dc circuit cou brettkavanaugh lied to congre…
87,rtbreakingnow repos that during his confirmation hearings for the dc circuit cou brettkavanaugh lied to congre…
88,rtbreaking repos that billshine arranged trumps pm supremecoupick announcement to helps ratings…
89,rtbreakingnow repos that during his confirmation hearings for the dc circuit cou brettkavanaugh lied to congre…
90,hi rtrt this pr it’s a humanity amp justice case thaarjustice cnnirepo rt hrw bbc gothere guardian cnn…
91,"hi plz pub this pr its a humanity amp justice case thaarjustice hrw bbc cnn 
"
92,cnn youtube cuomo questions motivation behind trump pardons
93,cnn youtube lemon where is the outrage for family separations
94,cnn youtube former dhs secy nato more relevant now thanyears ago
95,cnn youtube anderson cooper rips trump for his handling of family separations
96,cnn youtube man harasses woman for wearing pueo rico shi
97,cnn youtube mike pence i still want roe v wade oveurned
98,cnn youtube kim jong un snubbed mike pompeo source says
99,cnn youtube trump official on family separations we are saving lives
100,cnn youtube father of trapped thai boy reacts to rescue
101,cnn youtube kavanaugh meets with pence and gop leaders
102,cnn youtube trump wont say if putin is friend or foe
103,cnn youtube allboys coach rescued from thai cave
104,cnn youtube rescue diver every step of extraction is risky
105,rtbreakingnow repos that during his confirmation hearings for the dc circuit cou brettkavanaugh lied to congre…
107,rtbreakingnow repos that during his confirmation hearings for the dc circuit cou brettkavanaugh lied to congre…
108,what are the vegas odds that a two term president trump could placejustices on scotus…
109,just like the women of the culper ring saved your ass once before all that is old is new again cnn
110,crazy talk from fake news cnn cnn
111,rtbreakingnow repos that during his confirmation hearings for the dc circuit cou brettkavanaugh lied to congre…
112,profanity crimebbc cnn reuters ap afp abc nbc cbs nyt wsj eu deutschland france italy spain us uk
113,rtbreakingnow repos that during his confirmation hearings for the dc circuit cou brettkavanaugh lied to congre…
114,"your feed when you followaccounts 

stay classy cnn"
115,"rtuh not just no but hell no ffs
watch cnn repoer says american women should wear an islamic veil to show respect and…"
116,rtshould it ever come to light andor be proven it will be no surprise to learn the election hack was tied to profits and sanc…
117,"rtuh not just no but hell no ffs
watch cnn repoer says american women should wear an islamic veil to show respect and…"
118,rtbreakingnow repos that during his confirmation hearings for the dc circuit cou brettkavanaugh lied to congre…
119,hi rtrt this pr it’s a humanity amp justice case thaarjustice cnnirepo rt hrw bbc gothere guardian cnn…
120,factsmatter cnn…
121,rthoi an ancient town in vietnam’s central region has been listed by cnn as one of themost relaxing places in the wo…
122,a story you wont see on…
123,rtbreakingnow repos that during his confirmation hearings for the dc circuit cou brettkavanaugh lied to congre…
124,rtbreakingnow repos that during his confirmation hearings for the dc circuit cou brettkavanaugh lied to congre…
126,"rtuh not just no but hell no ffs
watch cnn repoer says american women should wear an islamic veil to show respect and…"
127,ht worldnewssmaphonemobilenewsworldnews indianews news googleplay bbc cnn skynews
129,rtbreakingnow repos that during his confirmation hearings for the dc circuit cou brettkavanaugh lied to congre…
130,rtjulynews for the deaf and hardofhearing community powered by cnn in american sign language asl …
131,a story you wont see on…
132,"rtbreakingarent lawyers disbarred for lying under oath no cc 
theresistance trms maddow scotus supremecou…"
133,rtbreakingnow repos that during his confirmation hearings for the dc circuit cou brettkavanaugh lied to congre…
134,rtbreakingnow repos that during his confirmation hearings for the dc circuit cou brettkavanaugh lied to congre…
135,a story you wont see on…
136,rtbreakingnow repos that during his confirmation hearings for the dc circuit cou brettkavanaugh lied to congre…
137,rtbreakingnow repos that during his confirmation hearings for the dc circuit cou brettkavanaugh lied to congre…
138,rtbreakingnow repos that during his confirmation hearings for the dc circuit cou brettkavanaugh lied to congre…
139,rtbreakingnow repos that during his confirmation hearings for the dc circuit cou brettkavanaugh lied to congre…
140,factsmatter cnn…
141,rtbreakingnow repos that during his confirmation hearings for the dc circuit cou brettkavanaugh lied to congre…
142,rtwatchingis toure amp i can’t believe them criticizingfor saying don’t enter country illegally enter…
143,rtbreakinghow is it not super breakingnews on ahour loop thàt justicekennedy coordinated his scotus exit with trump…
144,really now one told me but hey i dont watch cnn
145,rtbreakingnow repos that during his confirmation hearings for the dc circuit cou brettkavanaugh lied to congre…
146,rtbreakingnow repos that during his confirmation hearings for the dc circuit cou brettkavanaugh lied to congre…
147,rtbreakinghow is it not super breakingnews on ahour loop thàt justicekennedy coordinated his scotus exit with trump…
148,skynews smaphonemobilenews mobilenewsnews worldnews smaphone indianewsnewsapp cnn
149,rtbreakingnow repos that during his confirmation hearings for the dc circuit cou brettkavanaugh lied to congre…
150,"rtuh not just no but hell no ffs
watch cnn repoer says american women should wear an islamic veil to show respect and…"
151,rtbreakingnow repos that during his confirmation hearings for the dc circuit cou brettkavanaugh lied to congre…
152,rtbreakingnow repos that during his confirmation hearings for the dc circuit cou brettkavanaugh lied to congre…
153,"rtnothing to see herejust another headline cnn wont cover 

police long island man charged in sex assault of to…"
154,rtbreakingnow repos that during his confirmation hearings for the dc circuit cou brettkavanaugh lied to congre…
155,rtbreakingnow repos that during his confirmation hearings for the dc circuit cou brettkavanaugh lied to congre…
156,during his confirmation hearings for the dc circuit cou brettkavanaugh lied to congress about not being involved…
157,rtbreakingnow repos that during his confirmation hearings for the dc circuit cou brettkavanaugh lied to congre…
158,factsmatter cnn freethinkers naacp newday wednesdaywisdom
159,rthollywood’s unhinged resistance leaders react to kavanaugh – and it does not disappointcnn sit…
160,rtbreakingnow repos that during his confirmation hearings for the dc circuit cou brettkavanaugh lied to congre…
161,"rtnothing to see herejust another headline cnn wont cover 

police long island man charged in sex assault of to…"
162,"rtuh not just no but hell no ffs
watch cnn repoer says american women should wear an islamic veil to show respect and…"
163,rtbreakingnow repos that during his confirmation hearings for the dc circuit cou brettkavanaugh lied to congre…
164,factsmatter cnn…
165,what should we do with journalist that spread propaganda well if you are cnn you hired themfakenews trump
166,rtbreakingnow repos that during his confirmation hearings for the dc circuit cou brettkavanaugh lied to congre…
167,"rtuh not just no but hell no ffs
watch cnn repoer says american women should wear an islamic veil to show respect and…"
168,rtbreakingnow repos that during his confirmation hearings for the dc circuit cou brettkavanaugh lied to congre…
169,"rtbreakingarent lawyers disbarred for lying under oath no cc 
theresistance trms maddow scotus supremecou…"
170,rtbreakingnow repos that during his confirmation hearings for the dc circuit cou brettkavanaugh lied to congre…
171,rtbreakinghow is it not super breakingnews on ahour loop thàt justicekennedy coordinated his scotus exit with trump…
172,"rtuh not just no but hell no ffs
watch cnn repoer says american women should wear an islamic veil to show respect and…"
173,rtpoll do you suppo democrats plan to impose a religious test on trump supreme cou pick brett kavanaugh cnn sitroom…
174,rtbreakingnow repos that during his confirmation hearings for the dc circuit cou brettkavanaugh lied to congre…
175,hi rtrt this pr it’s a humanity amp justice case thaarjustice foxnews cnn guardian gothere cnnirepo rt…
176,rtbreakingnow repos that during his confirmation hearings for the dc circuit cou brettkavanaugh lied to congre…
177,"rtuh not just no but hell no ffs
watch cnn repoer says american women should wear an islamic veil to show respect and…"
178,rtbreakingnow repos that during his confirmation hearings for the dc circuit cou brettkavanaugh lied to congre…
179,"rtuh not just no but hell no ffs
watch cnn repoer says american women should wear an islamic veil to show respect and…"
180,but thats not bigoted if this was from a repulbican that would have been the end of their career cnn…
181,cnn get a clue trump is untrollable
182,"rtuh not just no but hell no ffs
watch cnn repoer says american women should wear an islamic veil to show respect and…"
183,rtbreakingnow repos that during his confirmation hearings for the dc circuit cou brettkavanaugh lied to congre…
184,"rtuh not just no but hell no ffs
watch cnn repoer says american women should wear an islamic veil to show respect and…"
185,albe einstein is insanephysics math timemachine cnn
186,see you have no idea pope john paul ii meet with king of jordan he knows ratzinger lied about altar boy abuse he k…
187,rtbreakingnow repos that during his confirmation hearings for the dc circuit cou brettkavanaugh lied to congre…
188,"rtthe terrorist country n korea can have protest meeting in japan
really

glendale cnn abc latimes f…"
189,rtbreakinghow is it not super breakingnews on ahour loop thàt justicekennedy coordinated his scotus exit with trump…
190,rtbreakingnow repos that during his confirmation hearings for the dc circuit cou brettkavanaugh lied to congre…
191,rtbreakingnow repos that during his confirmation hearings for the dc circuit cou brettkavanaugh lied to congre…
192,rtbreakingnow repos that during his confirmation hearings for the dc circuit cou brettkavanaugh lied to congre…
193,rtbreakingnow repos that during his confirmation hearings for the dc circuit cou brettkavanaugh lied to congre…
194,rtpoll do you agree w democrats that trumps supreme cou pick kavanaugh will kill millions implement sharia law amp ban…
195,rtpoll for over a year top democrats said they would soon go public w proof trump colluded w russia but have failed to d…
196,rtpoll do you suppo democrats plan to impose a religious test on trump supreme cou pick brett kavanaugh cnn sitroom…
197,rtbreakingnow repos that during his confirmation hearings for the dc circuit cou brettkavanaugh lied to congre…
198,rtpayback massive migrant camp set up next to george clooney’s million lake como hideawaycnn…
199,rtfake news site daily beast spreads idea that scotuspick brett kavanaugh could help ban contraception …
200,rtalyssa milano amp debra messing fall for another fake news antitrump storycnn sitroom thelead…
201,"the terrorist country n korea can have protest meeting in japan
really

glendale cnn abc latimes fox cnn"
202,rtbreakingnow repos that during his confirmation hearings for the dc circuit cou brettkavanaugh lied to congre…
203,rtbreakingnow repos that during his confirmation hearings for the dc circuit cou brettkavanaugh lied to congre…
204,rtbreakingnow repos that during his confirmation hearings for the dc circuit cou brettkavanaugh lied to congre…
205,"rtuh not just no but hell no ffs
watch cnn repoer says american women should wear an islamic veil to show respect and…"
206,"rtnothing to see herejust another headline cnn wont cover 

police long island man charged in sex assault of to…"
207,rtbreaking repos that billshine arranged trumps pm supremecoupick announcement to helps ratings…
208,rtbreakingnow repos that during his confirmation hearings for the dc circuit cou brettkavanaugh lied to congre…
209,rtbreakingnow repos that during his confirmation hearings for the dc circuit cou brettkavanaugh lied to congre…
210,rtbreakingnow repos that during his confirmation hearings for the dc circuit cou brettkavanaugh lied to congre…
211,"rtuh not just no but hell no ffs
watch cnn repoer says american women should wear an islamic veil to show respect and…"
212,rtbreakingnow repos that during his confirmation hearings for the dc circuit cou brettkavanaugh lied to congre…
213,"rtuh not just no but hell no ffs
watch cnn repoer says american women should wear an islamic veil to show respect and…"
214,rtbreakingnow repos that during his confirmation hearings for the dc circuit cou brettkavanaugh lied to congre…
215,rtwatchingis toure amp i can’t believe them criticizingfor saying don’t enter country illegally enter…
216,rtbreakingbooyah rhode islands senate has unanimously voted for a measure that would require presidential candidates to…
217,"rtbreakingarent lawyers disbarred for lying under oath no cc 
theresistance trms maddow scotus supremecou…"
218,bbc worldnews smaphonemobilenews mobilenews news worldnews indianews newsapp cnn
219,rtbreakingnow repos that during his confirmation hearings for the dc circuit cou brettkavanaugh lied to congre…
220,rtbreakinghow is it not super breakingnews on ahour loop thàt justicekennedy coordinated his scotus exit with trump…
221,rtbreakingnow repos that during his confirmation hearings for the dc circuit cou brettkavanaugh lied to congre…
222,rtbreakingnow repos that during his confirmation hearings for the dc circuit cou brettkavanaugh lied to congre…
223,rtbreakingnow repos that during his confirmation hearings for the dc circuit cou brettkavanaugh lied to congre…
224,rtbreakingnow repos that during his confirmation hearings for the dc circuit cou brettkavanaugh lied to congre…
225,rtchinaofficial map senkaku is a japanese territorycnn nyc aus nbc ca aiib …
226,rtbreakingnow repos that during his confirmation hearings for the dc circuit cou brettkavanaugh lied to congre…
227,rtbreakingnow repos that during his confirmation hearings for the dc circuit cou brettkavanaugh lied to congre…
228,rtbreakingnow repos that during his confirmation hearings for the dc circuit cou brettkavanaugh lied to congre…
229,rtbreakingnow repos that during his confirmation hearings for the dc circuit cou brettkavanaugh lied to congre…
230,"rtted lieu understands that guns do kill people watch thisspecial repo
floridaschoolshooting gunsense cnn gunco…"
231,rtbreakingnow repos that during his confirmation hearings for the dc circuit cou brettkavanaugh lied to congre…
232,alyssa milano amp debra messing fall for another fake news antitrump storycnn sitroom…
233,"rtted lieu understands that guns do kill people watch thisspecial repo
floridaschoolshooting gunsense cnn gunco…"
234,rtbreakingnow repos that during his confirmation hearings for the dc circuit cou brettkavanaugh lied to congre…
235,"rtbreakingarent lawyers disbarred for lying under oath no cc 
theresistance trms maddow scotus supremecou…"
236,rtbreakingnow repos that during his confirmation hearings for the dc circuit cou brettkavanaugh lied to congre…
237,rtbreakingnow repos that during his confirmation hearings for the dc circuit cou brettkavanaugh lied to congre…
238,fake news site daily beast spreads idea that scotuspick brett kavanaugh could help ban contraception…
239,rtbreakingnow repos that during his confirmation hearings for the dc circuit cou brettkavanaugh lied to congre…
240,rtbreakingnow repos that during his confirmation hearings for the dc circuit cou brettkavanaugh lied to congre…
241,"bbcworld putin hrw rt cnn rtrt this pr its a humanity amp justice case thaarjustice 
"
242,rtbreakingnow repos that during his confirmation hearings for the dc circuit cou brettkavanaugh lied to congre…
243,hey its rep scott i cant be racist my son is named after a black guy taylor r virgina im sure hell be a…
244,rtbreaking repos that billshine arranged trumps pm supremecoupick announcement to helps ratings…
245,hodl we are about to tested again btc ocn cnn trx sia hvn rdd dime xrp xlm xvg ejn
246,rtwatchingis toure amp i can’t believe them criticizingfor saying don’t enter country illegally enter…
247,rtbreakingnow repos that during his confirmation hearings for the dc circuit cou brettkavanaugh lied to congre…
248,payback massive migrant camp set up next to george clooney’s million lake como hideaway…
249,"rtiran news
freeiran iranprotests iranregimechange 

reuters af…"
250,rtbreakingnow repos that during his confirmation hearings for the dc circuit cou brettkavanaugh lied to congre…
251,"rtuh not just no but hell no ffs
watch cnn repoer says american women should wear an islamic veil to show respect and…"
252,rtbreakingnow repos that during his confirmation hearings for the dc circuit cou brettkavanaugh lied to congre…
253,rtthe people of southern cameroons are calling on allcountries that voted for our independence at unga to recognise us a…
254,"rtuh not just no but hell no ffs
watch cnn repoer says american women should wear an islamic veil to show respect and…"
255,hey school teacher switch to right you may get lucky amp find some audiencepotus cnn
256,rtbreakingnow repos that during his confirmation hearings for the dc circuit cou brettkavanaugh lied to congre…
257,rtfrustrated and losing power the left unmasks its inner demonscnn sitroom thelead outfront…
258,rtsocial media marketingwsj nytimes reuters bloomberg thestreet jimmyfallon forbes n…
259,"rtssn video
 wsj nytimes reuters bloomberg thestreet jimmyfallon forbes nasdaq chicago …"
260,rtstrategic coin announces pa onechronicles of ethereumwsj nytimes reuters bloomberg t…
261,"rtuh not just no but hell no ffs
watch cnn repoer says american women should wear an islamic veil to show respect and…"
262,"rtssn from the nasdaq market site in times square nyc 
 ad wsj nytimes reuters bloomberg …"
263,rtbreakingnow repos that during his confirmation hearings for the dc circuit cou brettkavanaugh lied to congre…
264,rtbreakingnow repos that during his confirmation hearings for the dc circuit cou brettkavanaugh lied to congre…
265,"i find it ironic a boy in swiss amish country holds the emp

cnn skynews"
266,rtbreakingnow repos that during his confirmation hearings for the dc circuit cou brettkavanaugh lied to congre…
267,rtbreakingnow repos that during his confirmation hearings for the dc circuit cou brettkavanaugh lied to congre…
268,rtbreakingnow repos that during his confirmation hearings for the dc circuit cou brettkavanaugh lied to congre…
269,rtbreakingnow repos that during his confirmation hearings for the dc circuit cou brettkavanaugh lied to congre…
270,frustrated and losing power the left unmasks its inner demonscnn sitroom thelead…
271,"rtuh not just no but hell no ffs
watch cnn repoer says american women should wear an islamic veil to show respect and…"
272,rtbreakingnow repos that during his confirmation hearings for the dc circuit cou brettkavanaugh lied to congre…
273,rtbreakingnow repos that during his confirmation hearings for the dc circuit cou brettkavanaugh lied to congre…
274,rtbreakingnow repos that during his confirmation hearings for the dc circuit cou brettkavanaugh lied to congre…
275,rtbreakingnow repos that during his confirmation hearings for the dc circuit cou brettkavanaugh lied to congre…
276,rtbreakingnow repos that during his confirmation hearings for the dc circuit cou brettkavanaugh lied to congre…
277,rtbreakingnow repos that during his confirmation hearings for the dc circuit cou brettkavanaugh lied to congre…
278,rtthey cant be serious at work in your work uniform thats when you feel you have a right to make a religi…
279,rtbreakingthere you have it folksa handy list of the unpatriotic members of the house intel committee who dont want…
280,the fifa cup belongs to this courageous team i think the winning team will send it to them on sunday 
281,rtbreakingnow repos that during his confirmation hearings for the dc circuit cou brettkavanaugh lied to congre…
282,rtchinaofficial map senkaku is a japanese territorycnn nyc aus nbc ca aiib …
283,rtpoll do you suppo democrats plan to impose a religious test on trump supreme cou pick brett kavanaugh cnn sitroom…
284,rtbreaking repos that billshine arranged trumps pm supremecoupick announcement to helps ratings…
285,"rtuh not just no but hell no ffs
watch cnn repoer says american women should wear an islamic veil to show respect and…"
286,rtbreakingnow repos that during his confirmation hearings for the dc circuit cou brettkavanaugh lied to congre…
287,rtbreakingnow repos that during his confirmation hearings for the dc circuit cou brettkavanaugh lied to congre…
288,rtbreakingnow repos that during his confirmation hearings for the dc circuit cou brettkavanaugh lied to congre…
289,rtbreakingnow repos that during his confirmation hearings for the dc circuit cou brettkavanaugh lied to congre…
290,rtbreakingnow repos that during his confirmation hearings for the dc circuit cou brettkavanaugh lied to congre…
291,"rtuh not just no but hell no ffs
watch cnn repoer says american women should wear an islamic veil to show respect and…"
292,"rtuh not just no but hell no ffs
watch cnn repoer says american women should wear an islamic veil to show respect and…"
293,rtbreaking turns out per msnbcs allin with chris hayes that trumps scotus nominee brettkavanagh was for indicting a p…
294,rtbreaking repos that billshine arranged trumps pm supremecoupick announcement to helps ratings…
295,rtbreakingnow repos that during his confirmation hearings for the dc circuit cou brettkavanaugh lied to congre…
296,"yes the boys are rescued and im happy but thekidnapped nigerian girls are still missing
bbcnews 
cnn"
297,rtbreakinghow is it not super breakingnews on ahour loop thàt justicekennedy coordinated his scotus exit with trump…
298,rtbreakingnow repos that during his confirmation hearings for the dc circuit cou brettkavanaugh lied to congre…
299,rtbreakingnow repos that during his confirmation hearings for the dc circuit cou brettkavanaugh lied to congre…
300,rtbreaking repos that billshine arranged trumps pm supremecoupick announcement to helps ratings…
301,rtbreakingnow repos that during his confirmation hearings for the dc circuit cou brettkavanaugh lied to congre…
302,"rtuh not just no but hell no ffs
watch cnn repoer says american women should wear an islamic veil to show respect and…"
303,"rtuh not just no but hell no ffs
watch cnn repoer says american women should wear an islamic veil to show respect and…"
304,"rtbreakingarent lawyers disbarred for lying under oath no cc 
theresistance trms maddow scotus supremecou…"
305,rtbreakingnow repos that during his confirmation hearings for the dc circuit cou brettkavanaugh lied to congre…
306,rtwatchingis toure amp i can’t believe them criticizingfor saying don’t enter country illegally enter…
307,rtbreakingnow repos that during his confirmation hearings for the dc circuit cou brettkavanaugh lied to congre…
308,rtbreakingnow repos that during his confirmation hearings for the dc circuit cou brettkavanaugh lied to congre…
309,rtbreakinghow is it not super breakingnews on ahour loop thàt justicekennedy coordinated his scotus exit with trump…
310,"rtuh not just no but hell no ffs
watch cnn repoer says american women should wear an islamic veil to show respect and…"
311,maga scotus illegalimmigration democrat amjoy rachelmaddow cnn msnbcyou gotta admit liberals can turn on…
312,rtbreaking turns out per msnbcs allin with chris hayes that trumps scotus nominee brettkavanagh was for indicting a p…
313,"rtuh not just no but hell no ffs
watch cnn repoer says american women should wear an islamic veil to show respect and…"
314,rtbreakingnow repos that during his confirmation hearings for the dc circuit cou brettkavanaugh lied to congre…
315,rtbreakingnow repos that during his confirmation hearings for the dc circuit cou brettkavanaugh lied to congre…
316,rtbreakinghow is it not super breakingnews on ahour loop thàt justicekennedy coordinated his scotus exit with trump…
317,rtbreakingbooyah rhode islands senate has unanimously voted for a measure that would require presidential candidates to…
318,rtbreakingnow repos that during his confirmation hearings for the dc circuit cou brettkavanaugh lied to congre…
319,join us at at soba todayus todaysober treatement intervention…
320,digitrax ai beats for rappersad wsj nytimes reuters chicago weed cannabis…
321,rtbreaking repos that billshine arranged trumps pm supremecoupick announcement to helps ratings…
322,"rtuh not just no but hell no ffs
watch cnn repoer says american women should wear an islamic veil to show respect and…"
323,rtbreaking repos that billshine arranged trumps pm supremecoupick announcement to helps ratings…
324,hi rtrt this pr it’s a humanity amp justice case thaarjustice hrw bbc rt cnnirepo gothere guardian cnn…
325,rtbreakingnow repos that during his confirmation hearings for the dc circuit cou brettkavanaugh lied to congre…
326,rtbreakingnow repos that during his confirmation hearings for the dc circuit cou brettkavanaugh lied to congre…
327,"rtuh not just no but hell no ffs
watch cnn repoer says american women should wear an islamic veil to show respect and…"
328,we are at soba waiting on youus todaysober treatement intervention…
329,rtbreakingnow repos that during his confirmation hearings for the dc circuit cou brettkavanaugh lied to congre…
330,"rtuh not just no but hell no ffs
watch cnn repoer says american women should wear an islamic veil to show respect and…"
331,hi plz pub this pr its a humanity amp justice case thaarjustice hrw bbc cnn 
332,rtbreakinghow is it not super breakingnews on ahour loop thàt justicekennedy coordinated his scotus exit with trump…
333,rtbreakingwhen willamp assure americans that this laundered kazakh money has not…
334,social media influence get staedad wsj nytimes reuters bloomberg thestreet forbes…
335,rtbreakingnow repos that during his confirmation hearings for the dc circuit cou brettkavanaugh lied to congre…
337,"rtuh not just no but hell no ffs
watch cnn repoer says american women should wear an islamic veil to show respect and…"
338,cnnfakenews fakenews fakenewsmedia cnn
339,rtcnn inside the tham luang nang non cave this morning where the soccer team was rescued fromthaicaverescue ht…
340,rtbreakingnow repos that during his confirmation hearings for the dc circuit cou brettkavanaugh lied to congre…
341,rtbreakingnow repos that during his confirmation hearings for the dc circuit cou brettkavanaugh lied to congre…
342,rtbreakingnow repos that during his confirmation hearings for the dc circuit cou brettkavanaugh lied to congre…
343,rtbreakingnow repos that during his confirmation hearings for the dc circuit cou brettkavanaugh lied to congre…
344,rtbreakingnow repos that during his confirmation hearings for the dc circuit cou brettkavanaugh lied to congre…
345,"rt bbcworld putin hrw cnn rtrt this pr its a humanity amp justice case thaarjustice 
"
346,hi rtrt this pr it’s a humanity amp justice case thaarjustice rt hrw bbc icymi iraqilivesmatter news…
347,rtwhy wouldvote for brian benczkowskito be confirmed as thehead of the criminal division of doj bri…
348,rtbreakingnow repos that during his confirmation hearings for the dc circuit cou brettkavanaugh lied to congre…
349,"rtuh not just no but hell no ffs
watch cnn repoer says american women should wear an islamic veil to show respect and…"
350,rtbreakingnow repos that during his confirmation hearings for the dc circuit cou brettkavanaugh lied to congre…
351,rtbreakingnow repos that during his confirmation hearings for the dc circuit cou brettkavanaugh lied to congre…
352,rtbreakingnow repos that during his confirmation hearings for the dc circuit cou brettkavanaugh lied to congre…
353,rtbreakingnow repos that during his confirmation hearings for the dc circuit cou brettkavanaugh lied to congre…
354,rtthere is a segment of our population that has unleashed this ugliness and hatred led by example from the wh you know who yo…
355,"rtuh not just no but hell no ffs
watch cnn repoer says american women should wear an islamic veil to show respect and…"
356,rtbreakingnow repos that during his confirmation hearings for the dc circuit cou brettkavanaugh lied to congre…
357,rtqanon thegreatawakening maga trump obama clinton democrats republicans npr cnn cbsnews nbcnews msnbc fox…
358,rtbreakingnow repos that during his confirmation hearings for the dc circuit cou brettkavanaugh lied to congre…
359,rtbreakingnow repos that during his confirmation hearings for the dc circuit cou brettkavanaugh lied to congre…
360,rtnews on the recent merger of timewarner by att what does this mean for dc amp looneytunes amp what im…
361,rtbreakingnow repos that during his confirmation hearings for the dc circuit cou brettkavanaugh lied to congre…
362,"rtuh not just no but hell no ffs
watch cnn repoer says american women should wear an islamic veil to show respect and…"
363,rtbreakingnow repos that during his confirmation hearings for the dc circuit cou brettkavanaugh lied to congre…
364,we are at sobawhere are youus todaysober treatement intervention…
365,rtbreakingnow repos that during his confirmation hearings for the dc circuit cou brettkavanaugh lied to congre…
366,rtbreakinghow is it not super breakingnews on ahour loop thàt justicekennedy coordinated his scotus exit with trump…
367,if cnn says it has so they will believe no questions asked
368,"rtuh not just no but hell no ffs
watch cnn repoer says american women should wear an islamic veil to show respect and…"
369,"rtnothing to see herejust another headline cnn wont cover 

police long island man charged in sex assault of to…"
370,rtbreakinghow is it not super breakingnews on ahour loop thàt justicekennedy coordinated his scotus exit with trump…
371,"rtbreakingarent lawyers disbarred for lying under oath no cc 
theresistance trms maddow scotus supremecou…"
372,rtbreakingnow repos that during his confirmation hearings for the dc circuit cou brettkavanaugh lied to congre…
373,rtbreakingbooyah rhode islands senate has unanimously voted for a measure that would require presidential candidates to…
374,rtbreakingnow repos that during his confirmation hearings for the dc circuit cou brettkavanaugh lied to congre…
375,rtbreakingnow repos that during his confirmation hearings for the dc circuit cou brettkavanaugh lied to congre…
376,"rtbreakingarent lawyers disbarred for lying under oath no cc 
theresistance trms maddow scotus supremecou…"
377,time machine are you stupidtimemachine time cnn
378,rtbreakingnow repos that during his confirmation hearings for the dc circuit cou brettkavanaugh lied to congre…
379,rtbreakinghow is it not super breakingnews on ahour loop thàt justicekennedy coordinated his scotus exit with trump…
380,rtbreakingnow repos that during his confirmation hearings for the dc circuit cou brettkavanaugh lied to congre…
381,rtbreakinghow is it not super breakingnews on ahour loop thàt justicekennedy coordinated his scotus exit with trump…
382,chinaofficial map senkaku is a japanese territorycnn nyc aus nbc ca aiib
383,"thats precisely the reason there are divisions 

we keep forgetting the war is always…"
384,rtbreakingnow repos that during his confirmation hearings for the dc circuit cou brettkavanaugh lied to congre…
385,rtbreakingnow repos that during his confirmation hearings for the dc circuit cou brettkavanaugh lied to congre…
386,rtbreakingnow repos that during his confirmation hearings for the dc circuit cou brettkavanaugh lied to congre…
387,rtbreakingnow repos that during his confirmation hearings for the dc circuit cou brettkavanaugh lied to congre…
388,rtbreakingnow repos that during his confirmation hearings for the dc circuit cou brettkavanaugh lied to congre…
389,rtbreakingnow repos that during his confirmation hearings for the dc circuit cou brettkavanaugh lied to congre…
390,rtcongratulations to senator jack reed for taking a stand damn pity the nd fool from kentucky voted against the endorsement o…
391,rtbreakingnow repos that during his confirmation hearings for the dc circuit cou brettkavanaugh lied to congre…
393,rtyes i beat the feds suingbillion winning r realironman amp wong betawards…
395,rtfinally sitting down to watch scnn is anyone else obsessed with these cnn retrospective series i cant get enough
396,rtbreakingnow repos that during his confirmation hearings for the dc circuit cou brettkavanaugh lied to congre…
397,rtbreakinghow is it not super breakingnews on ahour loop thàt justicekennedy coordinated his scotus exit with trump…
398,rtbreakingnow repos that during his confirmation hearings for the dc circuit cou brettkavanaugh lied to congre…
399,rtnow that thaicaveboys have been rescued who will rescue all the helpless immigration children from that horrible monster…
400,rtbreakingnow repos that during his confirmation hearings for the dc circuit cou brettkavanaugh lied to congre…
401,rtbreakinghow is it not super breakingnews on ahour loop thàt justicekennedy coordinated his scotus exit with trump…
402,rtwatchingis toure amp i can’t believe them criticizingfor saying don’t enter country illegally enter…
403,rtwatchingis toure amp i can’t believe them criticizingfor saying don’t enter country illegally enter…
404,rtbreakingnow repos that during his confirmation hearings for the dc circuit cou brettkavanaugh lied to congre…
405,rtbreakingnow repos that during his confirmation hearings for the dc circuit cou brettkavanaugh lied to congre…
406,you are sounding very racist cnn
407,rtbreakingnow repos that during his confirmation hearings for the dc circuit cou brettkavanaugh lied to congre…
408,digitrax ai music educationad wsj nytimes reuters chicago weed cannabis newyork…
409,rtu wanna piss off your wohless nato allies tell them that the usa will veto macedonias entry if it ch…
410,just imagine human rights obsessed cnn sending anderson cooper to qatar to repo on that very su…
411,rtbreakingnow repos that during his confirmation hearings for the dc circuit cou brettkavanaugh lied to congre…
412,rtbreakingnow repos that during his confirmation hearings for the dc circuit cou brettkavanaugh lied to congre…
413,rtbreakingnow repos that during his confirmation hearings for the dc circuit cou brettkavanaugh lied to congre…
414,"rtuh not just no but hell no ffs
watch cnn repoer says american women should wear an islamic veil to show respect and…"
415,rtbreakingnow repos that during his confirmation hearings for the dc circuit cou brettkavanaugh lied to congre…
416,rtbreakingnow repos that during his confirmation hearings for the dc circuit cou brettkavanaugh lied to congre…
417,rtbreakingnow repos that during his confirmation hearings for the dc circuit cou brettkavanaugh lied to congre…
418,"rtbreakingarent lawyers disbarred for lying under oath no cc 
theresistance trms maddow scotus supremecou…"
419,rtunscrepos un usun pontifex potus unga bbc cnn pscotlandcsg antonioguterres realdonaldtrump ask prof pat…
420,rtbreakingnow repos that during his confirmation hearings for the dc circuit cou brettkavanaugh lied to congre…
421,rtu wanna piss off your wohless nato allies tell them that the usa will veto macedonias entry if it ch…
422,rtbreakingnow repos that during his confirmation hearings for the dc circuit cou brettkavanaugh lied to congre…
423,rtheres what we knowthaicaverescue thailandcaverescue caverescue news cnnthailandnews …
424,rtbreakingnow repos that during his confirmation hearings for the dc circuit cou brettkavanaugh lied to congre…
425,cnn ignorance and sloppiness is only surpassed by its bias
426,rtbreaking turns out per msnbcs allin with chris hayes that trumps scotus nominee brettkavanagh was for indicting a p…
427,rtbreakingnow repos that during his confirmation hearings for the dc circuit cou brettkavanaugh lied to congre…
428,turn it upad wsj nytimes reuters bloomberg thestreet forbes nasdaq chicago ihub…
429,rtbreakingnow repos that during his confirmation hearings for the dc circuit cou brettkavanaugh lied to congre…
430,rtbreakingnow repos that during his confirmation hearings for the dc circuit cou brettkavanaugh lied to congre…
431,well cnn if you didn’t try to push own agenda and actually repo the truth you will have respect
432,rtcnn foxnews msnbc now the gopdisgracing of america has brought this a…
433,"rtuh not just no but hell no ffs
watch cnn repoer says american women should wear an islamic veil to show respect and…"
434,rtbreakingnow repos that during his confirmation hearings for the dc circuit cou brettkavanaugh lied to congre…
435,rtcnn foxnews msnbc you heardamp the gop christian congress call barack an appeaser of u…
436,rthire dmt chicago’s bestchicago wgn fashion events enteainment clubes paies bulls c…
437,"rtnothing to see herejust another headline cnn wont cover 

police long island man charged in sex assault of to…"
438,rtbreakingnow repos that during his confirmation hearings for the dc circuit cou brettkavanaugh lied to congre…
439,rtbreakingnow repos that during his confirmation hearings for the dc circuit cou brettkavanaugh lied to congre…
440,rtthey cant be serious at work in your work uniform thats when you feel you have a right to make a religi…
441,rtbreakingnow repos that during his confirmation hearings for the dc circuit cou brettkavanaugh lied to congre…
442,rtonce i posted her photo on cnn feed i never seen so many sheep delete their tweets because they was blamin…
443,rthumor trump the us senate fought back and us is still with nato no matter what trump says natosummit nbc…
444,rtyour civic duty as american citizens doesn’t end on voting day stfu amp check your hetero white privilege …
445,digitrax ai uber for musicad wsj nytimes reuters chicago weed cannabis newyork…
446,they cant be serious at work in your work uniform thats when you feel you have a right to make a rel…
447,eu the timeline you have been given by the dcafra emma storm boy in amsterdam has reached its apex every thing h…
448,rtbreakingnow repos that during his confirmation hearings for the dc circuit cou brettkavanaugh lied to congre…
449,rtbreakingnow repos that during his confirmation hearings for the dc circuit cou brettkavanaugh lied to congre…
450,rtbreakingnow repos that during his confirmation hearings for the dc circuit cou brettkavanaugh lied to congre…
451,"rtbreakingarent lawyers disbarred for lying under oath no cc 
theresistance trms maddow scotus supremecou…"
452,rtbreakingnow repos that during his confirmation hearings for the dc circuit cou brettkavanaugh lied to congre…
453,rtbreakingnow repos that during his confirmation hearings for the dc circuit cou brettkavanaugh lied to congre…
454,how dare you cowards allow this to happen to your country simply because you are afraid of the creep in…
455,rtu wanna piss off your wohless nato allies tell them that the usa will veto macedonias entry if it ch…
456,rtwatchingis toure amp i can’t believe them criticizingfor saying don’t enter country illegally enter…
