1,hi rtrt this pr it’s a humanity amp justice case thaarjustice reuters government iraq bbctrending bbcnews…
2,hi rtrt this pr it’s a humanity amp justice case thaarjustice skynews itv foxnews cnn guardian gothere…
3,hi rtrt this pr it’s a humanity amp justice case thaarjustice foxnews cnn guardian gothere cnnirepo rt…
4,hi rtrt this pr it’s a humanity amp justice case thaarjustice cnnirepo rt hrw bbc gothere guardian cnn…
5,hi rtrt this pr it’s a humanity amp justice case thaarjustice cnnirepo rt hrw bbc gothere guardian cnn…
6,hi rtrt this pr it’s a humanity amp justice case thaarjustice foxnews cnn guardian gothere cnnirepo rt…
7,rtthe federal government has caught at least five adults whose claims to be parents of illegal immigrants children were…
8,hi rtrt this pr it’s a humanity amp justice case thaarjustice hrw bbc rt cnnirepo gothere guardian cnn…
9,hi rtrt this pr it’s a humanity amp justice case thaarjustice rt hrw bbc icymi iraqilivesmatter news…
10,hi rtrt this pr it’s a humanity amp justice case thaarjustice rt hrw bbc cnnirepo gothere guardian cnn…
11,hi rtrt this pr it’s a humanity amp justice case thaarjustice cnnirepo rt hrw bbc icymi iraqilivesmatter…
12,hi rtrt this pr it’s a humanity amp justice case thaarjustice hrw bbc rt cnnirepo gothere guardian cnn…
13,hi rtrt this pr it’s a humanity amp justice case thaarjustice gothere cnnirepo rt hrw bbc guardian cnn…
14,hi rtrt this pr it’s a humanity amp justice case thaarjustice breaking bbcbreakingnews cnnbrk skynews itv…
15,rt this pr its a humanity amp justice case thaarjustice hrw bbc rt cnnirepo gothere…
16,lapd setupfor speaking outcnnirepo foxnews cnnbrk nbcnews 
17,hi rtrt this pr it’s a humanity amp justice case thaarjustice iraq bbctrending bbcnews breaking…
18,rtaajtak zeenews zeepunjab zeepunjabinews abpnewstv prannoyroyndtv cnnbrk indiatodayhindi ddnewslive ddnewshindi in…
19,hi rtrt this pr it’s a humanity amp justice case thaarjustice breaking bbcbreakingnews cnnbrk skynews itv…
20,aajtak zeenews zeepunjab zeepunjabinews abpnewstv prannoyroyndtv cnnbrk indiatodayhindi ddnewslive…
21,the federal government has caught at least five adults whose claims to be parents of illegal immigrants children w…
22,hi rtrt this pr it’s a humanity amp justice case thaarjustice guardian gothere cnnirepo rt hrw bbc cnn…
23,hi rtrt this pr it’s a humanity amp justice case thaarjustice news reuters government iraq bbctrending…
24,rthi rtrt this pr it’s a humanity amp justice case thaarjustice reuters government iraq bbctrending bbcnews breaking b…
25,hi rtrt this pr it’s a humanity amp justice case thaarjustice gothere cnnirepo rt hrw bbc icymi…
26,hi rtrt this pr it’s a humanity amp justice case thaarjustice bbctrending bbcnews breaking bbcbreakingnews…
27,hi rtrt this pr it’s a humanity amp justice case thaarjustice icymi iraqilivesmatter news reuters…
28,rtrt journo hrw journopr my complaint published globally amp na from the cou yet thaarjustice bbcrt…
29,hi plz pub this pr its a humanity amp justice case thaarjustice guardian cnn foxnews itv skynews…
30,hi rtrt this pr it’s a humanity amp justice case thaarjustice reuters government iraq bbctrending bbcnews…
31,hi rtrt this pr it’s a humanity amp justice case thaarjustice cnnbrk skynews itv foxnews cnn guardian…
32,hi rtrt this pr it’s a humanity amp justice case thaarjustice cnnbrk skynews itv foxnews cnn guardian…
33,hi rtrt this pr it’s a humanity amp justice case thaarjustice itv foxnews cnn guardian gothere cnnirepo…
34,hi rtrt this pr it’s a humanity amp justice case thaarjustice guardian gothere cnnirepo rt hrw bbc…
35,hi rtrt this pr it’s a humanity amp justice case thaarjustice cnn guardian gothere cnnirepo rt hrw bbc…
36,hi rtrt this pr it’s a humanity amp justice case thaarjustice government iraq bbctrending bbcnews…
37,hi rtrt this pr it’s a humanity amp justice case thaarjustice bbcbreakingnews cnnbrk skynews itv foxnews…
38,hi rtrt this pr it’s a humanity amp justice case thaarjustice skynews itv foxnews cnn guardian gothere…
39,hi rtrt this pr it’s a humanity amp justice case thaarjustice cnn guardian gothere cnnirepo rt hrw bbc…
40,hi rtrt this pr it’s a humanity amp justice case thaarjustice bbcbreakingnews cnnbrk skynews itv foxnews…
41,hi rtrt this pr it’s a humanity amp justice case thaarjustice news reuters government iraq bbctrending…
42,cnnbrk hooya theyre all out thank you cnn for you keeping repoing up to the minute about the young football t…
43,rtrt journo hrw journopr my complaint published globally amp na from the cou yet thaarjustice bbcrt…
44,hi rtrt this pr it’s a humanity amp justice case thaarjustice bbcnews breaking bbcbreakingnews cnnbrk…
45,rt this pr its a humanity amp justice case thaarjustice hrw bbc rt cnnirepo gothere guardian…
46,hi rtrt this pr it’s a humanity amp justice case thaarjustice government iraq bbctrending bbcnews…
47,"rtrt this prits a humanity amp justice case thaarjustice 
 bbc cnn rt cnnbrk"
48,hi rtrt this pr it’s a humanity amp justice case thaarjustice itv foxnews cnn guardian gothere cnnirepo…
49,hi rtrt this pr it’s a humanity amp justice case thaarjustice hrw bbc icymi iraqilivesmatter news reuters…
50,hi rtrt this pr it’s a humanity amp justice case thaarjustice bbcnews breaking bbcbreakingnews cnnbrk…
51,hi rtrt this pr it’s a humanity amp justice case thaarjustice iraqilivesmatter news reuters government iraq…
52,hi rtrt this pr it’s a humanity amp justice case thaarjustice bbc hrw rt cnnirepo gothere guardian cnn…
53,hi rtrt this pr it’s a humanity amp justice case thaarjustice iraq bbctrending bbcnews breaking…
54,"pepsi meet art i like it hope you also 
cnn breaking news cnnbrk"
55,hi rtrt this pr it’s a humanity amp justice case thaarjustice bbc icymi iraqilivesmatter news reuters…
56,hi rtrt this pr it’s a humanity amp justice case thaarjustice bbctrending bbcnews breaking bbcbreakingnews…
57,hi rtrt this pr it’s a humanity amp justice case thaarjustice reuters government iraq bbctrending bbcnews…
58,hi rtrt this pr it’s a humanity amp justice case thaarjustice skynews itv foxnews cnn guardian gothere…
59,hi rtrt this pr it’s a humanity amp justice case thaarjustice foxnews cnn guardian gothere cnnirepo rt…
60,hi rtrt this pr it’s a humanity amp justice case thaarjustice cnnirepo rt hrw bbc gothere guardian cnn…
61,hi rtrt this pr it’s a humanity amp justice case thaarjustice cnnirepo rt hrw bbc gothere guardian cnn…
62,hi rtrt this pr it’s a humanity amp justice case thaarjustice foxnews cnn guardian gothere cnnirepo rt…
63,hi rtrt this pr it’s a humanity amp justice case thaarjustice hrw bbc rt cnnirepo gothere guardian cnn…
64,hi rtrt this pr it’s a humanity amp justice case thaarjustice rt hrw bbc icymi iraqilivesmatter news…
65,hi rtrt this pr it’s a humanity amp justice case thaarjustice rt hrw bbc cnnirepo gothere guardian cnn…
66,hi rtrt this pr it’s a humanity amp justice case thaarjustice cnnirepo rt hrw bbc icymi iraqilivesmatter…
67,hi rtrt this pr it’s a humanity amp justice case thaarjustice hrw bbc rt cnnirepo gothere guardian cnn…
68,hi rtrt this pr it’s a humanity amp justice case thaarjustice gothere cnnirepo rt hrw bbc guardian cnn…
69,hi rtrt this pr it’s a humanity amp justice case thaarjustice breaking bbcbreakingnews cnnbrk skynews itv…
70,hi rtrt this pr it’s a humanity amp justice case thaarjustice iraq bbctrending bbcnews breaking…
71,hi rtrt this pr it’s a humanity amp justice case thaarjustice breaking bbcbreakingnews cnnbrk skynews itv…
72,hi rtrt this pr it’s a humanity amp justice case thaarjustice guardian gothere cnnirepo rt hrw bbc cnn…
73,hi rtrt this pr it’s a humanity amp justice case thaarjustice news reuters government iraq bbctrending…
74,hi rtrt this pr it’s a humanity amp justice case thaarjustice gothere cnnirepo rt hrw bbc icymi…
75,hi rtrt this pr it’s a humanity amp justice case thaarjustice bbctrending bbcnews breaking bbcbreakingnews…
76,hi rtrt this pr it’s a humanity amp justice case thaarjustice icymi iraqilivesmatter news reuters…
77,rtrt journo hrw journopr my complaint published globally amp na from the cou yet thaarjustice bbcrt…
78,"why is thefederalistsociety even a pa of the supremecoupick process 
the entire country should be outraged i…"
79,hi plz pub this pr its a humanity amp justice case thaarjustice guardian cnn foxnews itv skynews…
80,hi rtrt this pr it’s a humanity amp justice case thaarjustice reuters government iraq bbctrending bbcnews…
81,hi rtrt this pr it’s a humanity amp justice case thaarjustice cnnbrk skynews itv foxnews cnn guardian…
82,hi rtrt this pr it’s a humanity amp justice case thaarjustice cnnbrk skynews itv foxnews cnn guardian…
83,hi rtrt this pr it’s a humanity amp justice case thaarjustice itv foxnews cnn guardian gothere cnnirepo…
84,hi rtrt this pr it’s a humanity amp justice case thaarjustice guardian gothere cnnirepo rt hrw bbc…
85,hi rtrt this pr it’s a humanity amp justice case thaarjustice cnn guardian gothere cnnirepo rt hrw bbc…
86,hi rtrt this pr it’s a humanity amp justice case thaarjustice government iraq bbctrending bbcnews…
87,hi rtrt this pr it’s a humanity amp justice case thaarjustice bbcbreakingnews cnnbrk skynews itv foxnews…
88,hi rtrt this pr it’s a humanity amp justice case thaarjustice skynews itv foxnews cnn guardian gothere…
89,hi rtrt this pr it’s a humanity amp justice case thaarjustice cnn guardian gothere cnnirepo rt hrw bbc…
90,hi rtrt this pr it’s a humanity amp justice case thaarjustice bbcbreakingnews cnnbrk skynews itv foxnews…
91,hi rtrt this pr it’s a humanity amp justice case thaarjustice news reuters government iraq bbctrending…
92,rtrt journo hrw journopr my complaint published globally amp na from the cou yet thaarjustice bbcrt…
93,hi rtrt this pr it’s a humanity amp justice case thaarjustice bbcnews breaking bbcbreakingnews cnnbrk…
94,hi rtrt this pr it’s a humanity amp justice case thaarjustice government iraq bbctrending bbcnews…
95,hi rtrt this pr it’s a humanity amp justice case thaarjustice itv foxnews cnn guardian gothere cnnirepo…
96,hi rtrt this pr it’s a humanity amp justice case thaarjustice hrw bbc icymi iraqilivesmatter news reuters…
97,hi rtrt this pr it’s a humanity amp justice case thaarjustice bbcnews breaking bbcbreakingnews cnnbrk…
98,hi rtrt this pr it’s a humanity amp justice case thaarjustice iraqilivesmatter news reuters government iraq…
99,rtrt this pr its a humanity amp justice case thaarjustice hrw bbc rt cnnirepo gothere guardian cnn foxne…
100,hi rtrt this pr it’s a humanity amp justice case thaarjustice bbc hrw rt cnnirepo gothere guardian cnn…
101,hi rtrt this pr it’s a humanity amp justice case thaarjustice iraq bbctrending bbcnews breaking…
102,rt this pr its a humanity amp justice case thaarjustice hrw bbc rt cnnirepo gothere…
103,rtworld prayers has proved the meteorologist wrong by withholding rain over chiang rai cave cnnbrk thaicaverescue thaicavebo…
104,world prayers has proved the meteorologist wrong by withholding rain over chiang rai cave cnnbrk thaicaverescue…
105,sending good thoughtsand prayers all goes well with the rescue love from parys south africa <U+2764> cnnbrk caverescue
106,hi rtrt this pr it’s a humanity amp justice case thaarjustice icymi iraqilivesmatter news reuters…
107,"cnnbrk
the level of response and concern for these kids and their coach especially from the volunteers has rekind…"
108,hi rtrt this pr it’s a humanity amp justice case thaarjustice bbc icymi iraqilivesmatter news reuters…
109,hi rtrt this pr it’s a humanity amp justice case thaarjustice bbctrending bbcnews breaking bbcbreakingnews…
110,hi rtrt this pr it’s a humanity amp justice case thaarjustice reuters government iraq bbctrending bbcnews…
111,hi rtrt this pr it’s a humanity amp justice case thaarjustice skynews itv foxnews cnn guardian gothere…
112,hi rtrt this pr it’s a humanity amp justice case thaarjustice foxnews cnn guardian gothere cnnirepo rt…
113,hi rtrt this pr it’s a humanity amp justice case thaarjustice cnnirepo rt hrw bbc gothere guardian cnn…
114,hi rtrt this pr it’s a humanity amp justice case thaarjustice cnnirepo rt hrw bbc gothere guardian cnn…
115,hi rtrt this pr it’s a humanity amp justice case thaarjustice foxnews cnn guardian gothere cnnirepo rt…
116,hi rtrt this pr it’s a humanity amp justice case thaarjustice hrw bbc rt cnnirepo gothere guardian cnn…
117,hi rtrt this pr it’s a humanity amp justice case thaarjustice rt hrw bbc icymi iraqilivesmatter news…
118,hi rtrt this pr it’s a humanity amp justice case thaarjustice rt hrw bbc cnnirepo gothere guardian cnn…
119,hi rtrt this pr it’s a humanity amp justice case thaarjustice cnnirepo rt hrw bbc icymi iraqilivesmatter…
120,hi rtrt this pr it’s a humanity amp justice case thaarjustice hrw bbc rt cnnirepo gothere guardian cnn…
121,hi rtrt this pr it’s a humanity amp justice case thaarjustice gothere cnnirepo rt hrw bbc guardian cnn…
122,hi rtrt this pr it’s a humanity amp justice case thaarjustice breaking bbcbreakingnews cnnbrk skynews itv…
123,hi rtrt this pr it’s a humanity amp justice case thaarjustice iraq bbctrending bbcnews breaking…
124,hi rtrt this pr it’s a humanity amp justice case thaarjustice breaking bbcbreakingnews cnnbrk skynews itv…
125,hi rtrt this pr it’s a humanity amp justice case thaarjustice guardian gothere cnnirepo rt hrw bbc cnn…
126,hi rtrt this pr it’s a humanity amp justice case thaarjustice news reuters government iraq bbctrending…
127,hi rtrt this pr it’s a humanity amp justice case thaarjustice gothere cnnirepo rt hrw bbc icymi…
128,hi rtrt this pr it’s a humanity amp justice case thaarjustice bbctrending bbcnews breaking bbcbreakingnews…
129,hi rtrt this pr it’s a humanity amp justice case thaarjustice icymi iraqilivesmatter news reuters…
130,rtrt journo hrw journopr my complaint published globally amp na from the cou yet thaarjustice bbcrt…
131,hi plz pub this pr its a humanity amp justice case thaarjustice guardian cnn foxnews itv skynews…
132,rt this pr its a humanity amp justice case thaarjustice hrw bbc rt cnnirepo gothere guardian…
133,hi rtrt this pr it’s a humanity amp justice case thaarjustice reuters government iraq bbctrending bbcnews…
134,hi rtrt this pr it’s a humanity amp justice case thaarjustice cnnbrk skynews itv foxnews cnn guardian…
135,"rtrt this prits a humanity amp justice case thaarjustice 
 bbc cnn rt cnnbrk"
136,rtthe reality of democrats media cnn amp cnnbrk
137,hi rtrt this pr it’s a humanity amp justice case thaarjustice cnnbrk skynews itv foxnews cnn guardian…
138,hi rtrt this pr it’s a humanity amp justice case thaarjustice itv foxnews cnn guardian gothere cnnirepo…
139,hi rtrt this pr it’s a humanity amp justice case thaarjustice guardian gothere cnnirepo rt hrw bbc…
140,the reality of democrats media cnn amp cnnbrk
141,rthi rtrt this pr it’s a humanity amp justice case thaarjustice government iraq bbctrending bbcnews breaking bbcbreakin…
142,hi rtrt this pr it’s a humanity amp justice case thaarjustice cnn guardian gothere cnnirepo rt hrw bbc…
143,hi rtrt this pr it’s a humanity amp justice case thaarjustice government iraq bbctrending bbcnews…
144,"the reality of cnn cnnbrk is its all lies all the time 
walkaway"
145,rthi rtrt this pr it’s a humanity amp justice case thaarjustice bbcbreakingnews cnnbrk skynews itv foxnews cnn guardian…
146,hi rtrt this pr it’s a humanity amp justice case thaarjustice bbcbreakingnews cnnbrk skynews itv foxnews…
147,hi rtrt this pr it’s a humanity amp justice case thaarjustice skynews itv foxnews cnn guardian gothere…
148,hi rtrt this pr it’s a humanity amp justice case thaarjustice cnn guardian gothere cnnirepo rt hrw bbc…
149,hi rtrt this pr it’s a humanity amp justice case thaarjustice bbcbreakingnews cnnbrk skynews itv foxnews…
150,hi rtrt this pr it’s a humanity amp justice case thaarjustice news reuters government iraq bbctrending…
151,rtrt journo hrw journopr my complaint published globally amp na from the cou yet thaarjustice bbcrt…
152,hi rtrt this pr it’s a humanity amp justice case thaarjustice bbcnews breaking bbcbreakingnews cnnbrk…
153,hi rtrt this pr it’s a humanity amp justice case thaarjustice government iraq bbctrending bbcnews…
154,hi rtrt this pr it’s a humanity amp justice case thaarjustice itv foxnews cnn guardian gothere cnnirepo…
155,lapd setupfor speaking outcnnirepo foxnews cnnbrk nbcnews 
156,hi rtrt this pr it’s a humanity amp justice case thaarjustice hrw bbc icymi iraqilivesmatter news reuters…
157,hi rtrt this pr it’s a humanity amp justice case thaarjustice bbcnews breaking bbcbreakingnews cnnbrk…
158,rthi rtrt this pr it’s a humanity amp justice case thaarjustice iraqilivesmatter news reuters government iraq bbctrending…
159,hi rtrt this pr it’s a humanity amp justice case thaarjustice iraqilivesmatter news reuters government iraq…
160,hi rtrt this pr it’s a humanity amp justice case thaarjustice bbc hrw rt cnnirepo gothere guardian cnn…
161,hi rtrt this pr it’s a humanity amp justice case thaarjustice iraq bbctrending bbcnews breaking…
162,hi rtrt this pr it’s a humanity amp justice case thaarjustice bbc icymi iraqilivesmatter news reuters…
163,hi rtrt this pr it’s a humanity amp justice case thaarjustice bbctrending bbcnews breaking bbcbreakingnews…
164,hi rtrt this pr it’s a humanity amp justice case thaarjustice reuters government iraq bbctrending bbcnews…
165,hi rtrt this pr it’s a humanity amp justice case thaarjustice skynews itv foxnews cnn guardian gothere…
166,hi rtrt this pr it’s a humanity amp justice case thaarjustice foxnews cnn guardian gothere cnnirepo rt…
167,hi rtrt this pr it’s a humanity amp justice case thaarjustice cnnirepo rt hrw bbc gothere guardian cnn…
168,hi rtrt this pr it’s a humanity amp justice case thaarjustice cnnirepo rt hrw bbc gothere guardian cnn…
169,hi rtrt this pr it’s a humanity amp justice case thaarjustice foxnews cnn guardian gothere cnnirepo rt…
170,hi rtrt this pr it’s a humanity amp justice case thaarjustice hrw bbc rt cnnirepo gothere guardian cnn…
171,hi rtrt this pr it’s a humanity amp justice case thaarjustice rt hrw bbc icymi iraqilivesmatter news…
172,hi rtrt this pr it’s a humanity amp justice case thaarjustice rt hrw bbc cnnirepo gothere guardian cnn…
173,hi rtrt this pr it’s a humanity amp justice case thaarjustice cnnirepo rt hrw bbc icymi iraqilivesmatter…
174,hi rtrt this pr it’s a humanity amp justice case thaarjustice hrw bbc rt cnnirepo gothere guardian cnn…
175,hi rtrt this pr it’s a humanity amp justice case thaarjustice gothere cnnirepo rt hrw bbc guardian cnn…
176,hi rtrt this pr it’s a humanity amp justice case thaarjustice breaking bbcbreakingnews cnnbrk skynews itv…
177,hi rtrt this pr it’s a humanity amp justice case thaarjustice iraq bbctrending bbcnews breaking…
178,rthi rtrt this pr it’s a humanity amp justice case thaarjustice breaking bbcbreakingnews cnnbrk skynews itv foxnews cn…
179,rthi rtrt this pr it’s a humanity amp justice case thaarjustice breaking bbcbreakingnews cnnbrk skynews itv foxnews cn…
180,hi rtrt this pr it’s a humanity amp justice case thaarjustice breaking bbcbreakingnews cnnbrk skynews itv…
181,pepsi meet art i like it hope you alsocnn breaking news cnnbrk
182,hi rtrt this pr it’s a humanity amp justice case thaarjustice guardian gothere cnnirepo rt hrw bbc cnn…
183,hi rtrt this pr it’s a humanity amp justice case thaarjustice news reuters government iraq bbctrending…
184,hi rtrt this pr it’s a humanity amp justice case thaarjustice gothere cnnirepo rt hrw bbc icymi…
185,hi rtrt this pr it’s a humanity amp justice case thaarjustice bbctrending bbcnews breaking bbcbreakingnews…
186,hi rtrt this pr it’s a humanity amp justice case thaarjustice icymi iraqilivesmatter news reuters…
187,rtrt journo hrw journopr my complaint published globally amp na from the cou yet thaarjustice bbcrt…
188,hi plz pub this pr its a humanity amp justice case thaarjustice guardian cnn foxnews itv skynews…
189,hi rtrt this pr it’s a humanity amp justice case thaarjustice reuters government iraq bbctrending bbcnews…
190,hi rtrt this pr it’s a humanity amp justice case thaarjustice cnnbrk skynews itv foxnews cnn guardian…
191,hi rtrt this pr it’s a humanity amp justice case thaarjustice cnnbrk skynews itv foxnews cnn guardian…
192,hi rtrt this pr it’s a humanity amp justice case thaarjustice itv foxnews cnn guardian gothere cnnirepo…
193,hi rtrt this pr it’s a humanity amp justice case thaarjustice guardian gothere cnnirepo rt hrw bbc…
194,hi rtrt this pr it’s a humanity amp justice case thaarjustice cnn guardian gothere cnnirepo rt hrw bbc…
195,rthi rtrt this pr it’s a humanity amp justice case thaarjustice government iraq bbctrending bbcnews breaking bbcbreakin…
196,hi rtrt this pr it’s a humanity amp justice case thaarjustice government iraq bbctrending bbcnews…
197,rtrt this pr its a humanity amp justice case thaarjustice hrw bbc rt cnnirepo gothere guardian cnn foxne…
198,"read amp share

bccrss truthcommandments truthisgod truthjustis readthebccrss kateofkaea…"
199,rt this pr its a humanity amp justice case thaarjustice hrw bbc rt cnnirepo gothere…
200,hi rtrt this pr it’s a humanity amp justice case thaarjustice bbcbreakingnews cnnbrk skynews itv foxnews…
201,hi rtrt this pr it’s a humanity amp justice case thaarjustice skynews itv foxnews cnn guardian gothere…
202,hi rtrt this pr it’s a humanity amp justice case thaarjustice cnn guardian gothere cnnirepo rt hrw bbc…
203,hi rtrt this pr it’s a humanity amp justice case thaarjustice bbcbreakingnews cnnbrk skynews itv foxnews…
204,hi rtrt this pr it’s a humanity amp justice case thaarjustice news reuters government iraq bbctrending…
205,rtrtrt journo hrw journopr my complaint published globally amp na from the cou yet thaarjustice bbcrt cnnirepo goth…
206,rtrt journo hrw journopr my complaint published globally amp na from the cou yet thaarjustice bbcrt…
207,hi rtrt this pr it’s a humanity amp justice case thaarjustice bbcnews breaking bbcbreakingnews cnnbrk…
208,hi rtrt this pr it’s a humanity amp justice case thaarjustice government iraq bbctrending bbcnews…
209,hi rtrt this pr it’s a humanity amp justice case thaarjustice itv foxnews cnn guardian gothere cnnirepo…
210,hi rtrt this pr it’s a humanity amp justice case thaarjustice hrw bbc icymi iraqilivesmatter news reuters…
211,hi rtrt this pr it’s a humanity amp justice case thaarjustice bbcnews breaking bbcbreakingnews cnnbrk…
212,hi rtrt this pr it’s a humanity amp justice case thaarjustice iraqilivesmatter news reuters government iraq…
213,hi rtrt this pr it’s a humanity amp justice case thaarjustice bbc hrw rt cnnirepo gothere guardian cnn…
214,hi rtrt this pr it’s a humanity amp justice case thaarjustice iraq bbctrending bbcnews breaking…
215,hi rtrt this pr it’s a humanity amp justice case thaarjustice bbc icymi iraqilivesmatter news reuters…
216,hi rtrt this pr it’s a humanity amp justice case thaarjustice bbctrending bbcnews breaking bbcbreakingnews…
217,hi rtrt this pr it’s a humanity amp justice case thaarjustice reuters government iraq bbctrending bbcnews…
218,hi rtrt this pr it’s a humanity amp justice case thaarjustice skynews itv foxnews cnn guardian gothere…
219,hi rtrt this pr it’s a humanity amp justice case thaarjustice foxnews cnn guardian gothere cnnirepo rt…
220,hi rtrt this pr it’s a humanity amp justice case thaarjustice cnnirepo rt hrw bbc gothere guardian cnn…
221,hi rtrt this pr it’s a humanity amp justice case thaarjustice cnnirepo rt hrw bbc gothere guardian cnn…
222,hi rtrt this pr it’s a humanity amp justice case thaarjustice foxnews cnn guardian gothere cnnirepo rt…
223,hi rtrt this pr it’s a humanity amp justice case thaarjustice hrw bbc rt cnnirepo gothere guardian cnn…
224,hi rtrt this pr it’s a humanity amp justice case thaarjustice rt hrw bbc icymi iraqilivesmatter news…
225,hi rtrt this pr it’s a humanity amp justice case thaarjustice rt hrw bbc cnnirepo gothere guardian cnn…
226,hi rtrt this pr it’s a humanity amp justice case thaarjustice cnnirepo rt hrw bbc icymi iraqilivesmatter…
227,hi rtrt this pr it’s a humanity amp justice case thaarjustice hrw bbc rt cnnirepo gothere guardian cnn…
228,hi rtrt this pr it’s a humanity amp justice case thaarjustice gothere cnnirepo rt hrw bbc guardian cnn…
229,rt this pr its a humanity amp justice case thaarjustice hrw bbc rt cnnirepo gothere guardian…
230,"rtrt this prits a humanity amp justice case thaarjustice 
 bbc cnn rt cnnbrk"
231,hi rtrt this pr it’s a humanity amp justice case thaarjustice breaking bbcbreakingnews cnnbrk skynews itv…
232,rthi rtrt this pr it’s a humanity amp justice case thaarjustice iraq bbctrending bbcnews breaking bbcbreakingnews cnnbr…
233,hi rtrt this pr it’s a humanity amp justice case thaarjustice iraq bbctrending bbcnews breaking…
234,hi rtrt this pr it’s a humanity amp justice case thaarjustice breaking bbcbreakingnews cnnbrk skynews itv…
235,"pepsi meet art i like it hope you also 
cnn breaking news cnnbrk"
236,hi rtrt this pr it’s a humanity amp justice case thaarjustice guardian gothere cnnirepo rt hrw bbc cnn…
237,hi rtrt this pr it’s a humanity amp justice case thaarjustice news reuters government iraq bbctrending…
238,hi rtrt this pr it’s a humanity amp justice case thaarjustice gothere cnnirepo rt hrw bbc icymi…
239,hi rtrt this pr it’s a humanity amp justice case thaarjustice bbctrending bbcnews breaking bbcbreakingnews…
240,hi rtrt this pr it’s a humanity amp justice case thaarjustice icymi iraqilivesmatter news reuters…
241,rtrt journo hrw journopr my complaint published globally amp na from the cou yet thaarjustice bbcrt…
242,hi plz pub this pr its a humanity amp justice case thaarjustice guardian cnn foxnews itv skynews…
243,hi rtrt this pr it’s a humanity amp justice case thaarjustice reuters government iraq bbctrending bbcnews…
244,hi rtrt this pr it’s a humanity amp justice case thaarjustice cnnbrk skynews itv foxnews cnn guardian…
245,hi rtrt this pr it’s a humanity amp justice case thaarjustice cnnbrk skynews itv foxnews cnn guardian…
246,hi rtrt this pr it’s a humanity amp justice case thaarjustice itv foxnews cnn guardian gothere cnnirepo…
247,hi rtrt this pr it’s a humanity amp justice case thaarjustice guardian gothere cnnirepo rt hrw bbc…
248,hi rtrt this pr it’s a humanity amp justice case thaarjustice cnn guardian gothere cnnirepo rt hrw bbc…
249,hi rtrt this pr it’s a humanity amp justice case thaarjustice government iraq bbctrending bbcnews…
250,hi rtrt this pr it’s a humanity amp justice case thaarjustice bbcbreakingnews cnnbrk skynews itv foxnews…
251,hi rtrt this pr it’s a humanity amp justice case thaarjustice skynews itv foxnews cnn guardian gothere…
252,hi rtrt this pr it’s a humanity amp justice case thaarjustice cnn guardian gothere cnnirepo rt hrw bbc…
253,hi rtrt this pr it’s a humanity amp justice case thaarjustice bbcbreakingnews cnnbrk skynews itv foxnews…
254,hi rtrt this pr it’s a humanity amp justice case thaarjustice news reuters government iraq bbctrending…
255,rtrt journo hrw journopr my complaint published globally amp na from the cou yet thaarjustice bbcrt…
256,hi rtrt this pr it’s a humanity amp justice case thaarjustice bbcnews breaking bbcbreakingnews cnnbrk…
257,rthi rtrt this pr it’s a humanity amp justice case thaarjustice government iraq bbctrending bbcnews breaking bbcbreakin…
258,hi rtrt this pr it’s a humanity amp justice case thaarjustice government iraq bbctrending bbcnews…
259,hi rtrt this pr it’s a humanity amp justice case thaarjustice itv foxnews cnn guardian gothere cnnirepo…
260,hi rtrt this pr it’s a humanity amp justice case thaarjustice hrw bbc icymi iraqilivesmatter news reuters…
261,hi rtrt this pr it’s a humanity amp justice case thaarjustice bbcnews breaking bbcbreakingnews cnnbrk…
262,hi rtrt this pr it’s a humanity amp justice case thaarjustice iraqilivesmatter news reuters government iraq…
263,rthi rtrt this pr it’s a humanity amp justice case thaarjustice bbc hrw rt cnnirepo gothere guardian cnn foxnews itv…
264,hi rtrt this pr it’s a humanity amp justice case thaarjustice bbc hrw rt cnnirepo gothere guardian cnn…
265,hi rtrt this pr it’s a humanity amp justice case thaarjustice iraq bbctrending bbcnews breaking…
266,hi rtrt this pr it’s a humanity amp justice case thaarjustice bbc icymi iraqilivesmatter news reuters…
267,hi rtrt this pr it’s a humanity amp justice case thaarjustice bbctrending bbcnews breaking bbcbreakingnews…
268,hi rtrt this pr it’s a humanity amp justice case thaarjustice reuters government iraq bbctrending bbcnews…
269,hi rtrt this pr it’s a humanity amp justice case thaarjustice skynews itv foxnews cnn guardian gothere…
270,hi rtrt this pr it’s a humanity amp justice case thaarjustice foxnews cnn guardian gothere cnnirepo rt…
271,hi rtrt this pr it’s a humanity amp justice case thaarjustice cnnirepo rt hrw bbc gothere guardian cnn…
272,hi rtrt this pr it’s a humanity amp justice case thaarjustice cnnirepo rt hrw bbc gothere guardian cnn…
273,hi rtrt this pr it’s a humanity amp justice case thaarjustice foxnews cnn guardian gothere cnnirepo rt…
274,hi rtrt this pr it’s a humanity amp justice case thaarjustice hrw bbc rt cnnirepo gothere guardian cnn…
275,hi rtrt this pr it’s a humanity amp justice case thaarjustice rt hrw bbc icymi iraqilivesmatter news…
276,hi rtrt this pr it’s a humanity amp justice case thaarjustice rt hrw bbc cnnirepo gothere guardian cnn…
277,hi rtrt this pr it’s a humanity amp justice case thaarjustice cnnirepo rt hrw bbc icymi iraqilivesmatter…
278,hi rtrt this pr it’s a humanity amp justice case thaarjustice hrw bbc rt cnnirepo gothere guardian cnn…
279,hi rtrt this pr it’s a humanity amp justice case thaarjustice gothere cnnirepo rt hrw bbc guardian cnn…
280,hi rtrt this pr it’s a humanity amp justice case thaarjustice breaking bbcbreakingnews cnnbrk skynews itv…
281,hi rtrt this pr it’s a humanity amp justice case thaarjustice iraq bbctrending bbcnews breaking…
282,hi rtrt this pr it’s a humanity amp justice case thaarjustice breaking bbcbreakingnews cnnbrk skynews itv…
283,rtrt this pr its a humanity amp justice case thaarjustice hrw bbc rt cnnirepo gothere guardian cnn foxne…
284,hi rtrt this pr it’s a humanity amp justice case thaarjustice guardian gothere cnnirepo rt hrw bbc cnn…
285,rt this pr its a humanity amp justice case thaarjustice hrw bbc rt cnnirepo gothere…
286,hi rtrt this pr it’s a humanity amp justice case thaarjustice news reuters government iraq bbctrending…
287,hi rtrt this pr it’s a humanity amp justice case thaarjustice gothere cnnirepo rt hrw bbc icymi…
288,hi rtrt this pr it’s a humanity amp justice case thaarjustice bbctrending bbcnews breaking bbcbreakingnews…
289,rthi rtrt this pr it’s a humanity amp justice case thaarjustice icymi iraqilivesmatter news reuters government iraq bbct…
290,hi rtrt this pr it’s a humanity amp justice case thaarjustice icymi iraqilivesmatter news reuters…
291,rtrt journo hrw journopr my complaint published globally amp na from the cou yet thaarjustice bbcrt…
292,hi plz pub this pr its a humanity amp justice case thaarjustice guardian cnn foxnews itv skynews…
293,hi rtrt this pr it’s a humanity amp justice case thaarjustice reuters government iraq bbctrending bbcnews…
294,hi rtrt this pr it’s a humanity amp justice case thaarjustice cnnbrk skynews itv foxnews cnn guardian…
295,hi rtrt this pr it’s a humanity amp justice case thaarjustice cnnbrk skynews itv foxnews cnn guardian…
296,hi rtrt this pr it’s a humanity amp justice case thaarjustice itv foxnews cnn guardian gothere cnnirepo…
297,hi rtrt this pr it’s a humanity amp justice case thaarjustice guardian gothere cnnirepo rt hrw bbc…
298,hi rtrt this pr it’s a humanity amp justice case thaarjustice cnn guardian gothere cnnirepo rt hrw bbc…
299,hi rtrt this pr it’s a humanity amp justice case thaarjustice government iraq bbctrending bbcnews…
300,hi rtrt this pr it’s a humanity amp justice case thaarjustice bbcbreakingnews cnnbrk skynews itv foxnews…
301,hi rtrt this pr it’s a humanity amp justice case thaarjustice skynews itv foxnews cnn guardian gothere…
302,hi rtrt this pr it’s a humanity amp justice case thaarjustice cnn guardian gothere cnnirepo rt hrw bbc…
303,hi rtrt this pr it’s a humanity amp justice case thaarjustice bbcbreakingnews cnnbrk skynews itv foxnews…
304,hi rtrt this pr it’s a humanity amp justice case thaarjustice news reuters government iraq bbctrending…
305,rtrt journo hrw journopr my complaint published globally amp na from the cou yet thaarjustice bbcrt…
306,hi rtrt this pr it’s a humanity amp justice case thaarjustice bbcnews breaking bbcbreakingnews cnnbrk…
307,hi rtrt this pr it’s a humanity amp justice case thaarjustice government iraq bbctrending bbcnews…
308,hi rtrt this pr it’s a humanity amp justice case thaarjustice itv foxnews cnn guardian gothere cnnirepo…
309,hi rtrt this pr it’s a humanity amp justice case thaarjustice hrw bbc icymi iraqilivesmatter news reuters…
310,hi rtrt this pr it’s a humanity amp justice case thaarjustice bbcnews breaking bbcbreakingnews cnnbrk…
311,rthi rtrt this pr it’s a humanity amp justice case thaarjustice iraqilivesmatter news reuters government iraq bbctrending…
312,hi rtrt this pr it’s a humanity amp justice case thaarjustice iraqilivesmatter news reuters government iraq…
313,hi rtrt this pr it’s a humanity amp justice case thaarjustice bbc hrw rt cnnirepo gothere guardian cnn…
314,rt this pr its a humanity amp justice case thaarjustice hrw bbc rt cnnirepo gothere guardian…
315,hi rtrt this pr it’s a humanity amp justice case thaarjustice iraq bbctrending bbcnews breaking…
316,"rtrt this prits a humanity amp justice case thaarjustice 
 bbc cnn rt cnnbrk"
317,hi rtrt this pr it’s a humanity amp justice case thaarjustice bbc icymi iraqilivesmatter news reuters…
318,hi rtrt this pr it’s a humanity amp justice case thaarjustice bbctrending bbcnews breaking bbcbreakingnews…
319,hi rtrt this pr it’s a humanity amp justice case thaarjustice reuters government iraq bbctrending bbcnews…
320,hi rtrt this pr it’s a humanity amp justice case thaarjustice skynews itv foxnews cnn guardian gothere…
321,hi rtrt this pr it’s a humanity amp justice case thaarjustice foxnews cnn guardian gothere cnnirepo rt…
322,hi rtrt this pr it’s a humanity amp justice case thaarjustice cnnirepo rt hrw bbc gothere guardian cnn…
323,hi rtrt this pr it’s a humanity amp justice case thaarjustice cnnirepo rt hrw bbc gothere guardian cnn…
324,hi rtrt this pr it’s a humanity amp justice case thaarjustice foxnews cnn guardian gothere cnnirepo rt…
325,hi rtrt this pr it’s a humanity amp justice case thaarjustice hrw bbc rt cnnirepo gothere guardian cnn…
326,hi rtrt this pr it’s a humanity amp justice case thaarjustice rt hrw bbc icymi iraqilivesmatter news…
327,hi rtrt this pr it’s a humanity amp justice case thaarjustice rt hrw bbc cnnirepo gothere guardian cnn…
328,rthi rtrt this pr it’s a humanity amp justice case thaarjustice icymi iraqilivesmatter news reuters government iraq bbct…
329,rthi rtrt this pr it’s a humanity amp justice case thaarjustice hrw bbc rt cnnirepo gothere guardian cnn foxnews itv…
330,hi rtrt this pr it’s a humanity amp justice case thaarjustice cnnirepo rt hrw bbc icymi iraqilivesmatter…
331,lapd setupfor speaking outcnnirepo foxnews cnnbrk nbcnews 
332,hi rtrt this pr it’s a humanity amp justice case thaarjustice hrw bbc rt cnnirepo gothere guardian cnn…
333,hi rtrt this pr it’s a humanity amp justice case thaarjustice gothere cnnirepo rt hrw bbc guardian cnn…
334,hi rtrt this pr it’s a humanity amp justice case thaarjustice breaking bbcbreakingnews cnnbrk skynews itv…
335,hi rtrt this pr it’s a humanity amp justice case thaarjustice iraq bbctrending bbcnews breaking…
336,rthi rtrt this pr it’s a humanity amp justice case thaarjustice breaking bbcbreakingnews cnnbrk skynews itv foxnews cn…
337,hi rtrt this pr it’s a humanity amp justice case thaarjustice breaking bbcbreakingnews cnnbrk skynews itv…
338,hi rtrt this pr it’s a humanity amp justice case thaarjustice guardian gothere cnnirepo rt hrw bbc cnn…
339,hi rtrt this pr it’s a humanity amp justice case thaarjustice news reuters government iraq bbctrending…
340,hi rtrt this pr it’s a humanity amp justice case thaarjustice gothere cnnirepo rt hrw bbc icymi…
341,hi rtrt this pr it’s a humanity amp justice case thaarjustice bbctrending bbcnews breaking bbcbreakingnews…
342,hi rtrt this pr it’s a humanity amp justice case thaarjustice icymi iraqilivesmatter news reuters…
343,rtrt journo hrw journopr my complaint published globally amp na from the cou yet thaarjustice bbcrt…
344,rthi rtrt this pr it’s a humanity amp justice case thaarjustice reuters government iraq bbctrending bbcnews breaking b…
345,hi plz pub this pr its a humanity amp justice case thaarjustice guardian cnn foxnews itv skynews…
346,hi rtrt this pr it’s a humanity amp justice case thaarjustice reuters government iraq bbctrending bbcnews…
347,hi rtrt this pr it’s a humanity amp justice case thaarjustice cnnbrk skynews itv foxnews cnn guardian…
348,hi rtrt this pr it’s a humanity amp justice case thaarjustice cnnbrk skynews itv foxnews cnn guardian…
349,hi rtrt this pr it’s a humanity amp justice case thaarjustice itv foxnews cnn guardian gothere cnnirepo…
350,hi rtrt this pr it’s a humanity amp justice case thaarjustice guardian gothere cnnirepo rt hrw bbc…
351,hi rtrt this pr it’s a humanity amp justice case thaarjustice cnn guardian gothere cnnirepo rt hrw bbc…
352,hi rtrt this pr it’s a humanity amp justice case thaarjustice government iraq bbctrending bbcnews…
353,hi rtrt this pr it’s a humanity amp justice case thaarjustice bbcbreakingnews cnnbrk skynews itv foxnews…
354,hi rtrt this pr it’s a humanity amp justice case thaarjustice skynews itv foxnews cnn guardian gothere…
355,hi rtrt this pr it’s a humanity amp justice case thaarjustice cnn guardian gothere cnnirepo rt hrw bbc…
356,hi rtrt this pr it’s a humanity amp justice case thaarjustice bbcbreakingnews cnnbrk skynews itv foxnews…
357,rthi rtrt this pr it’s a humanity amp justice case thaarjustice bbcnews breaking bbcbreakingnews cnnbrk skynews itv fo…
358,hi rtrt this pr it’s a humanity amp justice case thaarjustice news reuters government iraq bbctrending…
359,rtrt journo hrw journopr my complaint published globally amp na from the cou yet thaarjustice bbcrt…
360,hi rtrt this pr it’s a humanity amp justice case thaarjustice bbcnews breaking bbcbreakingnews cnnbrk…
361,hi rtrt this pr it’s a humanity amp justice case thaarjustice government iraq bbctrending bbcnews…
362,hi rtrt this pr it’s a humanity amp justice case thaarjustice itv foxnews cnn guardian gothere cnnirepo…
363,hi rtrt this pr it’s a humanity amp justice case thaarjustice hrw bbc icymi iraqilivesmatter news reuters…
364,hi rtrt this pr it’s a humanity amp justice case thaarjustice bbcnews breaking bbcbreakingnews cnnbrk…
365,hi rtrt this pr it’s a humanity amp justice case thaarjustice iraqilivesmatter news reuters government iraq…
366,hi rtrt this pr it’s a humanity amp justice case thaarjustice bbc hrw rt cnnirepo gothere guardian cnn…
367,rthi rtrt this pr it’s a humanity amp justice case thaarjustice iraq bbctrending bbcnews breaking bbcbreakingnews cnnbr…
368,hi rtrt this pr it’s a humanity amp justice case thaarjustice iraq bbctrending bbcnews breaking…
369,hi rtrt this pr it’s a humanity amp justice case thaarjustice bbc icymi iraqilivesmatter news reuters…
370,hi rtrt this pr it’s a humanity amp justice case thaarjustice bbctrending bbcnews breaking bbcbreakingnews…
371,hi rtrt this pr it’s a humanity amp justice case thaarjustice reuters government iraq bbctrending bbcnews…
372,hi rtrt this pr it’s a humanity amp justice case thaarjustice skynews itv foxnews cnn guardian gothere…
373,hi rtrt this pr it’s a humanity amp justice case thaarjustice foxnews cnn guardian gothere cnnirepo rt…
374,hi rtrt this pr it’s a humanity amp justice case thaarjustice cnnirepo rt hrw bbc gothere guardian cnn…
375,rtrt this pr its a humanity amp justice case thaarjustice hrw bbc rt cnnirepo gothere guardian cnn foxne…
376,rtrt this pr its a humanity amp justice case thaarjustice hrw bbc rt cnnirepo gothere guardian cnn foxne…
377,hi rtrt this pr it’s a humanity amp justice case thaarjustice cnnirepo rt hrw bbc gothere guardian cnn…
378,rt this pr its a humanity amp justice case thaarjustice hrw bbc rt cnnirepo gothere…
379,hi rtrt this pr it’s a humanity amp justice case thaarjustice foxnews cnn guardian gothere cnnirepo rt…
380,rthi rtrt this pr it’s a humanity amp justice case thaarjustice bbctrending bbcnews breaking bbcbreakingnews cnnbrk sky…
381,hi rtrt this pr it’s a humanity amp justice case thaarjustice hrw bbc rt cnnirepo gothere guardian cnn…
382,rthi rtrt this pr it’s a humanity amp justice case thaarjustice rt hrw bbc icymi iraqilivesmatter news reuters governme…
383,hi rtrt this pr it’s a humanity amp justice case thaarjustice rt hrw bbc icymi iraqilivesmatter news…
384,hi rtrt this pr it’s a humanity amp justice case thaarjustice rt hrw bbc cnnirepo gothere guardian cnn…
385,hi rtrt this pr it’s a humanity amp justice case thaarjustice cnnirepo rt hrw bbc icymi iraqilivesmatter…
386,hi rtrt this pr it’s a humanity amp justice case thaarjustice hrw bbc rt cnnirepo gothere guardian cnn…
387,hi rtrt this pr it’s a humanity amp justice case thaarjustice gothere cnnirepo rt hrw bbc guardian cnn…
388,hi rtrt this pr it’s a humanity amp justice case thaarjustice breaking bbcbreakingnews cnnbrk skynews itv…
389,hi rtrt this pr it’s a humanity amp justice case thaarjustice iraq bbctrending bbcnews breaking…
390,hi rtrt this pr it’s a humanity amp justice case thaarjustice breaking bbcbreakingnews cnnbrk skynews itv…
391,hi rtrt this pr it’s a humanity amp justice case thaarjustice guardian gothere cnnirepo rt hrw bbc cnn…
392,hi rtrt this pr it’s a humanity amp justice case thaarjustice news reuters government iraq bbctrending…
393,hi rtrt this pr it’s a humanity amp justice case thaarjustice gothere cnnirepo rt hrw bbc icymi…
394,hi rtrt this pr it’s a humanity amp justice case thaarjustice bbctrending bbcnews breaking bbcbreakingnews…
395,hi rtrt this pr it’s a humanity amp justice case thaarjustice icymi iraqilivesmatter news reuters…
396,rtrt journo hrw journopr my complaint published globally amp na from the cou yet thaarjustice bbcrt…
397,hi plz pub this pr its a humanity amp justice case thaarjustice guardian cnn foxnews itv skynews…
398,hi rtrt this pr it’s a humanity amp justice case thaarjustice reuters government iraq bbctrending bbcnews…
399,hi rtrt this pr it’s a humanity amp justice case thaarjustice cnnbrk skynews itv foxnews cnn guardian…
400,hi rtrt this pr it’s a humanity amp justice case thaarjustice cnnbrk skynews itv foxnews cnn guardian…
401,hi rtrt this pr it’s a humanity amp justice case thaarjustice itv foxnews cnn guardian gothere cnnirepo…
402,hi rtrt this pr it’s a humanity amp justice case thaarjustice guardian gothere cnnirepo rt hrw bbc…
403,rthi rtrt this pr it’s a humanity amp justice case thaarjustice cnn guardian gothere cnnirepo rt hrw bbc icymi iraqi…
404,hi rtrt this pr it’s a humanity amp justice case thaarjustice cnn guardian gothere cnnirepo rt hrw bbc…
405,hi rtrt this pr it’s a humanity amp justice case thaarjustice government iraq bbctrending bbcnews…
406,rt this pr its a humanity amp justice case thaarjustice hrw bbc rt cnnirepo gothere guardian…
407,"rtrt this prits a humanity amp justice case thaarjustice 
 bbc cnn rt cnnbrk"
408,hi rtrt this pr it’s a humanity amp justice case thaarjustice bbcbreakingnews cnnbrk skynews itv foxnews…
409,hi rtrt this pr it’s a humanity amp justice case thaarjustice skynews itv foxnews cnn guardian gothere…
410,hi rtrt this pr it’s a humanity amp justice case thaarjustice cnn guardian gothere cnnirepo rt hrw bbc…
411,hi rtrt this pr it’s a humanity amp justice case thaarjustice bbcbreakingnews cnnbrk skynews itv foxnews…
412,hi rtrt this pr it’s a humanity amp justice case thaarjustice news reuters government iraq bbctrending…
413,rtrt journo hrw journopr my complaint published globally amp na from the cou yet thaarjustice bbcrt…
414,hi rtrt this pr it’s a humanity amp justice case thaarjustice bbcnews breaking bbcbreakingnews cnnbrk…
415,hi rtrt this pr it’s a humanity amp justice case thaarjustice government iraq bbctrending bbcnews…
416,hi rtrt this pr it’s a humanity amp justice case thaarjustice itv foxnews cnn guardian gothere cnnirepo…
417,hi rtrt this pr it’s a humanity amp justice case thaarjustice hrw bbc icymi iraqilivesmatter news reuters…
418,hi rtrt this pr it’s a humanity amp justice case thaarjustice bbcnews breaking bbcbreakingnews cnnbrk…
419,cnnbrk congressman jim jordan knew about sex abuse at osu former wrestlers say
420,hi rtrt this pr it’s a humanity amp justice case thaarjustice iraqilivesmatter news reuters government iraq…
421,rtjustinbieber barackobama taylorswift rihanna theellenshowladygaga youtube cristiano jtimberlakekimkardas…
422,justinbieber barackobama taylorswift rihanna theellenshowladygaga youtube cristiano jtimberlake…
423,hi rtrt this pr it’s a humanity amp justice case thaarjustice bbc hrw rt cnnirepo gothere guardian cnn…
424,hi rtrt this pr it’s a humanity amp justice case thaarjustice iraq bbctrending bbcnews breaking…
425,hi rtrt this pr it’s a humanity amp justice case thaarjustice bbc icymi iraqilivesmatter news reuters…
426,rthi rtrt this pr it’s a humanity amp justice case thaarjustice cnnirepo rt hrw bbc gothere guardian cnn foxnews itv…
427,hi rtrt this pr it’s a humanity amp justice case thaarjustice bbctrending bbcnews breaking bbcbreakingnews…
428,hi rtrt this pr it’s a humanity amp justice case thaarjustice reuters government iraq bbctrending bbcnews…
429,hi rtrt this pr it’s a humanity amp justice case thaarjustice skynews itv foxnews cnn guardian gothere…
430,hi rtrt this pr it’s a humanity amp justice case thaarjustice foxnews cnn guardian gothere cnnirepo rt…
431,hi rtrt this pr it’s a humanity amp justice case thaarjustice cnnirepo rt hrw bbc gothere guardian cnn…
432,hi rtrt this pr it’s a humanity amp justice case thaarjustice cnnirepo rt hrw bbc gothere guardian cnn…
433,hi rtrt this pr it’s a humanity amp justice case thaarjustice foxnews cnn guardian gothere cnnirepo rt…
434,rthi rtrt this pr it’s a humanity amp justice case thaarjustice hrw bbc rt cnnirepo gothere guardian cnn foxnews itv…
435,hi rtrt this pr it’s a humanity amp justice case thaarjustice hrw bbc rt cnnirepo gothere guardian cnn…
436,hi rtrt this pr it’s a humanity amp justice case thaarjustice rt hrw bbc icymi iraqilivesmatter news…
437,hi rtrt this pr it’s a humanity amp justice case thaarjustice rt hrw bbc cnnirepo gothere guardian cnn…
438,hi rtrt this pr it’s a humanity amp justice case thaarjustice cnnirepo rt hrw bbc icymi iraqilivesmatter…
439,hi rtrt this pr it’s a humanity amp justice case thaarjustice hrw bbc rt cnnirepo gothere guardian cnn…
440,hi rtrt this pr it’s a humanity amp justice case thaarjustice gothere cnnirepo rt hrw bbc guardian cnn…
441,rt…
442,hi rtrt this pr it’s a humanity amp justice case thaarjustice breaking bbcbreakingnews cnnbrk skynews itv…
443,hi rtrt this pr it’s a humanity amp justice case thaarjustice iraq bbctrending bbcnews breaking…
444,hi rtrt this pr it’s a humanity amp justice case thaarjustice breaking bbcbreakingnews cnnbrk skynews itv…
445,hi rtrt this pr it’s a humanity amp justice case thaarjustice guardian gothere cnnirepo rt hrw bbc cnn…
446,hi rtrt this pr it’s a humanity amp justice case thaarjustice news reuters government iraq bbctrending…
447,hi rtrt this pr it’s a humanity amp justice case thaarjustice gothere cnnirepo rt hrw bbc icymi…
448,hi rtrt this pr it’s a humanity amp justice case thaarjustice bbctrending bbcnews breaking bbcbreakingnews…
449,hi rtrt this pr it’s a humanity amp justice case thaarjustice icymi iraqilivesmatter news reuters…
450,rtrt journo hrw journopr my complaint published globally amp na from the cou yet thaarjustice bbcrt…
451,hi plz pub this pr its a humanity amp justice case thaarjustice guardian cnn foxnews itv skynews…
452,hi rtrt this pr it’s a humanity amp justice case thaarjustice reuters government iraq bbctrending bbcnews…
453,hi rtrt this pr it’s a humanity amp justice case thaarjustice cnnbrk skynews itv foxnews cnn guardian…
454,hi rtrt this pr it’s a humanity amp justice case thaarjustice cnnbrk skynews itv foxnews cnn guardian…
455,hi rtrt this pr it’s a humanity amp justice case thaarjustice itv foxnews cnn guardian gothere cnnirepo…
456,hi rtrt this pr it’s a humanity amp justice case thaarjustice guardian gothere cnnirepo rt hrw bbc…
457,hi rtrt this pr it’s a humanity amp justice case thaarjustice cnn guardian gothere cnnirepo rt hrw bbc…
458,hi rtrt this pr it’s a humanity amp justice case thaarjustice government iraq bbctrending bbcnews…
459,hi rtrt this pr it’s a humanity amp justice case thaarjustice bbcbreakingnews cnnbrk skynews itv foxnews…
460,rtrt this pr its a humanity amp justice case thaarjustice hrw bbc rt cnnirepo gothere guardian cnn foxne…
461,hi rtrt this pr it’s a humanity amp justice case thaarjustice skynews itv foxnews cnn guardian gothere…
462,hi rtrt this pr it’s a humanity amp justice case thaarjustice cnn guardian gothere cnnirepo rt hrw bbc…
463,rt this pr its a humanity amp justice case thaarjustice hrw bbc rt cnnirepo gothere…
464,hi rtrt this pr it’s a humanity amp justice case thaarjustice bbcbreakingnews cnnbrk skynews itv foxnews…
465,hi rtrt this pr it’s a humanity amp justice case thaarjustice news reuters government iraq bbctrending…
466,rtrt journo hrw journopr my complaint published globally amp na from the cou yet thaarjustice bbcrt…
467,hi rtrt this pr it’s a humanity amp justice case thaarjustice bbcnews breaking bbcbreakingnews cnnbrk…
468,hi rtrt this pr it’s a humanity amp justice case thaarjustice government iraq bbctrending bbcnews…
469,hi rtrt this pr it’s a humanity amp justice case thaarjustice itv foxnews cnn guardian gothere cnnirepo…
470,hi rtrt this pr it’s a humanity amp justice case thaarjustice hrw bbc icymi iraqilivesmatter news reuters…
471,hi rtrt this pr it’s a humanity amp justice case thaarjustice bbcnews breaking bbcbreakingnews cnnbrk…
472,hi rtrt this pr it’s a humanity amp justice case thaarjustice iraqilivesmatter news reuters government iraq…
473,hi rtrt this pr it’s a humanity amp justice case thaarjustice bbc hrw rt cnnirepo gothere guardian cnn…
474,"rtcambridgeanalytica cnnbrk 
washingtonpost newshour ukparliamentthedemocrats nytimes guardian b…"
475,hi rtrt this pr it’s a humanity amp justice case thaarjustice iraq bbctrending bbcnews breaking…
476,"cambridgeanalytica cnnbrk 
washingtonpost newshour ukparliamentthedemocrats nytimes…"
477,hi rtrt this pr it’s a humanity amp justice case thaarjustice bbc icymi iraqilivesmatter news reuters…
478,hi rtrt this pr it’s a humanity amp justice case thaarjustice bbctrending bbcnews breaking bbcbreakingnews…
479,hi rtrt this pr it’s a humanity amp justice case thaarjustice reuters government iraq bbctrending bbcnews…
480,hi rtrt this pr it’s a humanity amp justice case thaarjustice skynews itv foxnews cnn guardian gothere…
481,hi rtrt this pr it’s a humanity amp justice case thaarjustice foxnews cnn guardian gothere cnnirepo rt…
482,hi rtrt this pr it’s a humanity amp justice case thaarjustice cnnirepo rt hrw bbc gothere guardian cnn…
483,hi rtrt this pr it’s a humanity amp justice case thaarjustice cnnirepo rt hrw bbc gothere guardian cnn…
484,hi rtrt this pr it’s a humanity amp justice case thaarjustice foxnews cnn guardian gothere cnnirepo rt…
485,rthi rtrt this pr it’s a humanity amp justice case thaarjustice rt hrw bbc cnnirepo gothere guardian cnn foxnews itv…
486,hi rtrt this pr it’s a humanity amp justice case thaarjustice hrw bbc rt cnnirepo gothere guardian cnn…
487,hi rtrt this pr it’s a humanity amp justice case thaarjustice rt hrw bbc icymi iraqilivesmatter news…
488,hi rtrt this pr it’s a humanity amp justice case thaarjustice rt hrw bbc cnnirepo gothere guardian cnn…
489,hi rtrt this pr it’s a humanity amp justice case thaarjustice cnnirepo rt hrw bbc icymi iraqilivesmatter…
490,hi rtrt this pr it’s a humanity amp justice case thaarjustice hrw bbc rt cnnirepo gothere guardian cnn…
491,hi rtrt this pr it’s a humanity amp justice case thaarjustice gothere cnnirepo rt hrw bbc guardian cnn…
492,rthi rtrt this pr it’s a humanity amp justice case thaarjustice breaking bbcbreakingnews cnnbrk skynews itv foxnews cn…
493,hi rtrt this pr it’s a humanity amp justice case thaarjustice breaking bbcbreakingnews cnnbrk skynews itv…
494,hi rtrt this pr it’s a humanity amp justice case thaarjustice iraq bbctrending bbcnews breaking…
495,rt this pr its a humanity amp justice case thaarjustice hrw bbc rt cnnirepo gothere guardian…
496,"rtrt this prits a humanity amp justice case thaarjustice 
 bbc cnn rt cnnbrk"
497,hi rtrt this pr it’s a humanity amp justice case thaarjustice breaking bbcbreakingnews cnnbrk skynews itv…
498,hi rtrt this pr it’s a humanity amp justice case thaarjustice guardian gothere cnnirepo rt hrw bbc cnn…
