1,rthappy th bihday you beautiful thing coldplay
2,"ive lost you now you let me go
but one last time
tell me you love me
if you dont then lie
lie to me
coldplay truelove"
3,rthappy th bihday you beautiful thing coldplay
4,now playing coldplayadventure of a lifetime on galaxy fmpatra
5,win the tour everybody calls you chris main froome coldplay
6,rthappy th bihday you beautiful thing coldplay
7,rthappy th bihday you beautiful thing coldplay
8,rthappy th bihday you beautiful thing coldplay
9,rthappy th bihday you beautiful thing coldplay
10,rttoday incoldplay released parachutes their acclaimed debut studio album coldplay
11,i love the scene when after superman is resurrected and hes like a wounded animal his woman comes to ground him i…
12,rtsegún un estudio deparael viaje medio por carretera para los españoles es dekilómetros p…
13,rthappy th bihday you beautiful thing coldplay
14,rthappy th bihday you beautiful thing coldplay
15,rthappy th bihday you beautiful thing coldplay
16,rthappy th bihday you beautiful thing coldplay
17,"this one like no other 
coldplay memories ever"
18,rthappy th bihday you beautiful thing coldplay
20,rthappy th bihday you beautiful thing coldplay
21,nowplaying coldplaycoldplaya sky full of starsbb radiovoll die vielfalt
22,rthappy th bihday you beautiful thing coldplay
23,rthappy th bihday you beautiful thing coldplay
24,rthappy th bihday you beautiful thing coldplay
25,rthappy th bihday you beautiful thing coldplay
26,"favorite music is
oasis 
 
coldplay
incubus 
foofighters 
greenday 
philcollins
thefray…"
27,rthappy th bihday you beautiful thing coldplay
28,rthappy th bihday you beautiful thing coldplay
29,rthappy th bihday you beautiful thing coldplay
30,rthappy th bihday you beautiful thing coldplay
31,rthappy th bihday you beautiful thing coldplay
32,rthappy th bihday you beautiful thing coldplay
33,rthappy th bihday you beautiful thing coldplay
34,"cuando haces tu mejor esfuerzo pero no tienes éxito

cuando obtienes lo que quieres pero no lo que necesitas

cuand…"
35,so i just found out coldplay parachutes was released in the ukyears ago seriously seriously went to thei…
36,rthappy th bihday you beautiful thing coldplay
37,rthappy th bihday you beautiful thing coldplay
38,rthappy th bihday you beautiful thing coldplay
39,rthappy th bihday you beautiful thing coldplay
40,rthappy th bihday you beautiful thing coldplay
41,coldplay
42,rthappy th bihday you beautiful thing coldplay
43,"and you get a head
a head full of dreams
you can see the change you want to
be what you want to be

coldplay"
44,rthappy th bihday you beautiful thing coldplay
45,rthappy th bihday you beautiful thing coldplay
46,rthappy th bihday you beautiful thing coldplay
47,rthappy th bihday you beautiful thing coldplay
48,rthappy th bihday you beautiful thing coldplay
49,rtse lanzarían cuatro sencillos shiver yellow trouble y dont panic todos ellos de gran manufactura su mejor…
50,rthappy th bihday you beautiful thing coldplay
51,rthappy th bihday you beautiful thing coldplay
52,years coldplayparachutes july album
53,rthappy th bihday you beautiful thing coldplay
54,rthappy th bihday you beautiful thing coldplay
55,rthappy th bihday you beautiful thing coldplay
56,rthappy th bihday you beautiful thing coldplay
57,rthappy th bihday you beautiful thing coldplay
59,rthappy th bihday you beautiful thing coldplay
60,rthappy th bihday you beautiful thing coldplay
61,rthappy th bihday you beautiful thing coldplay
62,rthappy th bihday you beautiful thing coldplay
63,rthappy th bihday you beautiful thing coldplay
64,rthappy th bihday you beautiful thing coldplay
65,rthappy th bihday you beautiful thing coldplay
66,rthappy th bihday you beautiful thing coldplay
67,rtthechainsmokers amp coldplaysomething just like this lyricviamba a music dj…
68,rthappy th bihday you beautiful thing coldplay
69,rthappy th bihday you beautiful thing coldplay
70,rthappy th bihday you beautiful thing coldplay
71,rthappy th bihday you beautiful thing coldplay
72,rthappy th bihday you beautiful thing coldplay
73,"rtmass ya was litty  vivalatrap doublebutta strictlybidness coldplay trapmix ct ctaist 
…"
74,"rtmass ya was litty  vivalatrap doublebutta strictlybidness coldplay trapmix ct ctaist 
…"
75,"rtmass ya was litty vivalatrap doublebutta strictlybidness coldplay trapmix ct ctaist 
…"
76,"rtmass ya was litty  vivalatrap doublebutta strictlybidness coldplay trapmix ct ctaist 
…"
77,rthappy th bihday you beautiful thing coldplay
78,"rtmass ya was litty vivalatrap doublebutta strictlybidness coldplay trapmix ct ctaist 
…"
79,rthappy th bihday you beautiful thing coldplay
80,rthappy th bihday you beautiful thing coldplay
81,rthappy th bihday you beautiful thing coldplay
82,rttoday incoldplay released parachutes their acclaimed debut studio album coldplay
84,rtmy kind of music during rainy days coldplay
85,rthappy th bihday you beautiful thing coldplay
86,rthappy th bihday you beautiful thing coldplay
87,rthappy th bihday you beautiful thing coldplay
88,rtfrom the moment i wake to the moment i sleep i ‘ll be there by your side just you try and stop me coldplay …
89,rthappy th bihday you beautiful thing coldplay
90,rthappy th bihday you beautiful thing coldplay
91,from the moment i wake to the moment i sleep i ‘ll be there by your side just you try and stop me coldplay
92,rthappy th bihday you beautiful thing coldplay
93,rthappy th bihday you beautiful thing coldplay
94,rthappy th bihday you beautiful thing coldplay
95,rthappy th bihday you beautiful thing coldplay
96,rthappy th bihday you beautiful thing coldplay
97,rthappy th bihday you beautiful thing coldplay
98,el álbum llegaría alen uk mientras que yellow se conveiría en un nuevo clásico del rock británico…
99,rthappy th bihday you beautiful thing coldplay
100,"rtmass ya was litty<U+2728> vivalatrap doublebutta strictlybidness coldplay trapmix ct ctaist 
…"
101,se lanzarían cuatro sencillos shiver yellow trouble y dont panic todos ellos de gran manufactura su…
102,rthappy th bihday you beautiful thing coldplay
103,rthappy th bihday you beautiful thing coldplay
104,rthappy th bihday you beautiful thing coldplay
105,rthappy th bihday you beautiful thing coldplay
106,rthappy th bihday you beautiful thing coldplay
107,rthappy th bihday you beautiful thing coldplay
108,rthappy th bihday you beautiful thing coldplay
109,rthappy th bihday you beautiful thing coldplay
110,rthappy th bihday you beautiful thing coldplay
111,rthappy th bihday you beautiful thing coldplay
112,if weve only got this life this adventure oh then i wanna share with youcoldplay woohoo…
113,rthappy th bihday you beautiful thing coldplay
114,rthappy th bihday you beautiful thing coldplay
115,rthappy th bihday you beautiful thing coldplay
116,rthappy th bihday you beautiful thing coldplay
117,rthappy th bihday you beautiful thing coldplay
118,rthappy th bihday you beautiful thing coldplay
119,rthappy th bihday you beautiful thing coldplay
120,rthappy th bihday you beautiful thing coldplay
121,rthappy th bihday you beautiful thing coldplay
122,happy th bihday to their excellent debut “parachutes” coldplay
123,"rtme look at the stars look how they shine for you
astronomer at the astronomy event tonight huh
me and everything…"
124,rthappy th bihday you beautiful thing coldplay
125,rthappy th bihday you beautiful thing coldplay
126,rthappy th bihday you beautiful thing coldplay
127,"me look at the stars look how they shine for you
astronomer at the astronomy event tonight huh
me and everythi…"
128,rthappy th bihday you beautiful thing coldplay
129,rthappy th bihday you beautiful thing coldplay
130,rthappy th bihday you beautiful thing coldplay
131,"parachutes hoy y siempre
una lista imprescindible en la aventura de nuestras vidas
coldplay parachutes años…"
132,rthappy th bihday you beautiful thing coldplay
133,coldplaycharlie brownpiano cover improved version
134,rthappy th bihday you beautiful thing coldplay
135,rthappy th bihday you beautiful thing coldplay
136,rthappy th bihday you beautiful thing coldplay
137,rthappy th bihday you beautiful thing coldplay
138,rthappy th bihday you beautiful thing coldplay
139,rthappy th bihday you beautiful thing coldplay
140,rthappy th bihday you beautiful thing coldplay
141,rthappy th bihday you beautiful thing coldplay
142,rthappy th bihday you beautiful thing coldplay
143,coldplaymidnightpiano cover version
144,rthappy th bihday you beautiful thing coldplay
145,rthappy th bihday you beautiful thing coldplay
146,rthappy th bihday you beautiful thing coldplay
147,rthappy th bihday you beautiful thing coldplay
148,rthappy th bihday you beautiful thing coldplay
149,rthappy th bihday you beautiful thing coldplay
150,rthappy th bihday you beautiful thing coldplay
151,rthappy th bihday you beautiful thing coldplay
152,rthappy th bihday you beautiful thing coldplay
153,rthappy th bihday you beautiful thing coldplay
154,rthappy th bihday you beautiful thing coldplay
155,rthappy th bihday you beautiful thing coldplay
156,rthappy th bihday you beautiful thing coldplay
157,rthappy th bihday you beautiful thing coldplay
158,rthappy th bihday you beautiful thing coldplay
159,rthappy th bihday you beautiful thing coldplay
160,rthappy th bihday you beautiful thing coldplay
161,rthappy th bihday you beautiful thing coldplay
162,"rtonthisdaycoldplayparachutes
their first studio album"
163,rthappy th bihday you beautiful thing coldplay
164,rthappy th bihday you beautiful thing coldplay
165,rthappy th bihday you beautiful thing coldplay
166,rthappy th bihday you beautiful thing coldplay
167,rthappy th bihday you beautiful thing coldplay
168,rthappy th bihday you beautiful thing coldplay
169,rthappy th bihday you beautiful thing coldplay
170,rthappy th bihday you beautiful thing coldplay
171,rtaún recuerdo las mañanas frías en las que escuchaba dont panic antes de ir al cch este álbum es pae de mi autobiogr…
172,rthappy th bihday you beautiful thing coldplay
173,"rtonthisdaycoldplayparachutes
their first studio album"
174,rthappy th bihday you beautiful thing coldplay
175,rthappy th bihday you beautiful thing coldplay
176,rthappy th bihday you beautiful thing coldplay
177,rthappy th bihday you beautiful thing coldplay
178,rthappy th bihday you beautiful thing coldplay
179,rthappy th bihday you beautiful thing coldplay
180,do back the things it did to you in return coldplay
181,rthappy th bihday you beautiful thing coldplay
182,rthappy th bihday you beautiful thing coldplay
183,rthappy th bihday you beautiful thing coldplay
184,rthappy th bihday you beautiful thing coldplay
185,rthappy th bihday you beautiful thing coldplay
186,rthappy th bihday you beautiful thing coldplay
187,rthappy th bihday you beautiful thing coldplay
188,rthappy th bihday you beautiful thing coldplay
189,rthappy th bihday you beautiful thing coldplay
190,rthappy th bihday you beautiful thing coldplay
191,rthappy th bihday you beautiful thing coldplay
192,rthappy th bihday you beautiful thing coldplay
193,rthappy th bihday you beautiful thing coldplay
194,rthappy th bihday you beautiful thing coldplay
195,rthappy th bihday you beautiful thing coldplay
196,rthappy th bihday you beautiful thing coldplay
197,rthappy th bihday you beautiful thing coldplay
198,"rtaaños de coldplay parachutes cdy en vinilodisponibles en 
coldplay poproc…"
199,rtfriends and family please play this at my funeral coldplay
200,rthappy th bihday you beautiful thing coldplay
201,rttoday incoldplay released parachutes their acclaimed debut studio album coldplay
203,happy th bihday you beautiful thing coldplay
204,coldplayparachutes nachtplaten
205,rttoday incoldplay released parachutes their acclaimed debut studio album coldplay
206,"aaños de coldplay parachutes cdy en vinilodisponibles en 
coldplay…"
207,rttoday incoldplay released parachutes their acclaimed debut studio album coldplay
208,"away
o fly oncoldplayvia"
209,nowplaying<U+FE0F> doesn’t mean i’ll stop coldplay still the best
210,years ago today julycoldplay released their debut album parachutes coldplay music albumrelease…
211,rttoday incoldplay released parachutes their acclaimed debut studio album coldplay
212,aún recuerdo las mañanas frías en las que escuchaba dont panic antes de ir al cch este álbum es pae de mi aut…
213,rttoday incoldplay released parachutes their acclaimed debut studio album coldplay
214,"rtonthisdaycoldplayparachutes
their first studio album"
215,fix youcoldplaypiano cover
216,rtbeyonce shomajozi coldplay globalcitizen nelsonmandela mandela jhb southafrica
217,motivational fundamentalist make your own luck staupnerve pain decision making proce…
218,rttoday incoldplay released parachutes their acclaimed debut studio album coldplay
219,rttoday incoldplay released parachutes their acclaimed debut studio album coldplay
220,now playing coldplayadventure of a lifetime on galaxy fmpatra
221,still one of my favourite albums sounds as fresh as the day it was made coldplay parachutes
222,the god who gave us life gave us libey at the same time a call to action for fans of steelydan bozscaggs…
223,"rtonthisdaycoldplayparachutes
their first studio album"
224,an album that became the soundtrack of my life growing up was releasedyears ago today i love you …
225,"did you know that on this day incoldplay released their debut album parachutes
onthisday dailyhistory…"
226,anos deste hino de álbum álbum este que me fez apaixonar pela banda e nunca mais largálos aquele amor eterno…
227,años parachutes coldplay
228,"rthappy th bihday masterpiece 
parachutes coldplay"
229,"but that was when i ruled the world

vivalavida coldplay throwback"
231,beyonce shomajozi coldplay globalcitizen nelsonmandela mandela jhb southafrica
232,rtaka beyonce soweto olx sabc uzalo lockdown generations jayz edsheeran coldplay southafrica fnbstadium …
233,el añocuando coldplay lanzó el disco parachuteschris main solo teníaañosaños atrás
234,"remember once upon a time when i was yours and you were blind

coldplay"
235,hoy se cumplenaños del lanzamiento de uno de mis vinilos favoritos coldplayparachutesañooos uf…
236,rttoday incoldplay released parachutes their acclaimed debut studio album coldplay
237,rtthanns to everyone who suppoed us on saturdaywe raised a fantastictowards our fundraising total for the year h…
238,rttoday incoldplay released parachutes their acclaimed debut studio album coldplay
239,"rtonthisdaycoldplayparachutes
their first studio album"
240,rttoday incoldplay released parachutes their acclaimed debut studio album coldplay
241,forgot just how awful coldplay are until someone was listening to their album at work today shite
242,"onthisdaycoldplayparachutes
their first studio album"
243,undíacomohoy haceaños salió a luz pública parachutes el álbum debut de coldplay y uno de los mejores álbum…
244,rttoday incoldplay released parachutes their acclaimed debut studio album coldplay
245,"happy th bihday masterpiece 
parachutes coldplay"
246,rtthanns to everyone who suppoed us on saturdaywe raised a fantastictowards our fundraising total for the year h…
247,rttoday incoldplay released parachutes their acclaimed debut studio album coldplay
248,rttoday incoldplay released parachutes their acclaimed debut studio album coldplay
249,rttoday incoldplay released parachutes their acclaimed debut studio album coldplay
250,sin duda coldplay y ustedes
251,"maybe its like the same old story
coldplay"
252,rttoday incoldplay released parachutes their acclaimed debut studio album coldplay
253,rttoday incoldplay released parachutes their acclaimed debut studio album coldplay
254,"questions of science science and progress do not speak as loud as my hea

the scientistcoldplay

coldplay lyrics"
255,yellow it’s my daughter ’s fave songlove coldplay
256,rttoday incoldplay released parachutes their acclaimed debut studio album coldplay
257,rtya estamos alaire con los mejores clásicos en inglés efemerides de ericclapton coldplay y más en las frecuencia…
258,happybihdayparachutes coldplay
259,rtya estamos alaire con los mejores clásicos en inglés efemerides de ericclapton coldplay y más en las frecuencia…
260,rtya estamos alaire con los mejores clásicos en inglés efemerides de ericclapton coldplay y más en las frecuencia…
261,ya estamos alaire con los mejores clásicos en inglés efemerides de ericclapton coldplay y más en las frecue…
262,rttoday incoldplay released parachutes their acclaimed debut studio album coldplay
263,rttoday incoldplay released parachutes their acclaimed debut studio album coldplay
264,nowplaying the scientist by coldplay onradio all music is beautiful keep listening
265,rttoday incoldplay released parachutes their acclaimed debut studio album coldplay
266,undiacomohoy pero delse lanza el primer álbum de estudio dellamado parachutesdel álbum…
267,"rthappy bihday parachutes
this amazing beautiful life changing album released on this day the th of julyyears ag…"
270,rttoday incoldplay released parachutes their acclaimed debut studio album coldplay
272,rttoday incoldplay released parachutes their acclaimed debut studio album coldplay
273,rttoday incoldplay released parachutes their acclaimed debut studio album coldplay
274,rttoday incoldplay released parachutes their acclaimed debut studio album coldplay
275,rttoday incoldplay released parachutes their acclaimed debut studio album coldplay
276,rttoday incoldplay released parachutes their acclaimed debut studio album coldplay
277,rttoday incoldplay released parachutes their acclaimed debut studio album coldplay
278,today incoldplay released parachutes their acclaimed debut studio album coldplay
279,me olvidaba de lo lindo que suena the scientist coldplay
280,coldplay
281,magiccoldplaypiano cover video by yourpianocover
282,"háanos o coldplay lançava seu álbum de estreia parachutes

coldplay parachutes ligadoamusica"
283,"happy bihday parachutes
this amazing beautiful life changing album released on this day the th of julyyea…"
284,rtgrandesdiscos un día como hoy en el añola banda inglesa más aclamada del último tiempo lanzó su primer disco…
285,grandesdiscos un día como hoy en el añola banda inglesa más aclamada del último tiempo lanzó su primer disc…
286,what about that coldplayscompilation album that should have been released in us stores
287,"this silver bird version is just beautiful 

coldplay chrismain ahfodtour live"
288,doyouremember shazam onthisday beatles coldplay remembering melblanc thatallfolks jellyroll jazz music…
289,coldplay parachutes coldplayfans coldplayofinstagram coldplayers coldplayfan chrismain chrismainfans…
290,coldplay conundrum how to reduce the risk of failure for environmental projects written by david hall se…
291,rtreliving ’s viva la vida album and falling in love all over again also realizing how much time has passed welc…
292,now playing coldplayvivalavida on forever hits
293,coldplay worldcup
294,rtreliving ’s viva la vida album and falling in love all over again also realizing how much time has passed welc…
295,"sky a full starscoldplay 
my inspiration is
cover coversong coldplay skyfullastars music…"
296,now playing coldplayspeedofsoundnonstophits ssss redcherryradio playingnothingbuthits
297,kindly please ask him when is coldplay planning a tour to southafrica
298,love love love this coldplay chainsmokers song happytuesday
299,rtsegún un estudio deparael viaje medio por carretera para los españoles es dekilómetros p…
300,según un estudio deparael viaje medio por carretera para los españoles es dekilóm…
301,a me sto fatto che il main si esibisca da solo non mi piace no no globalcitizen coldplay
302,"i want something just like this 
coldplay
sansiro
iwantsomethingjustlikethisstadio san siro"
303,somethinginthemix chainsmokersandcoldplaysomethingjustlikethis chainsmokersflp…
304,rtthanns to everyone who suppoed us on saturdaywe raised a fantastictowards our fundraising total for the year h…
305,rtthanns to everyone who suppoed us on saturdaywe raised a fantastictowards our fundraising total for the year h…
306,"i sentimenti vengono e vanno come stormi di uccelli 
coldplay music antohmansueto aworks"
307,not usually a fan of coldplay but im really feeling this song right now spotify music…
308,now playing coldplayadventure of a lifetime on galaxy fmpatra
309,taldiacomavui delcoldplay edita el seu er disc parachutes el disc es troba en el llocde la llista…
310,rtupdate i’m still not chris main from coldplay
311,"thescientist coldplay
cover adaptation instacover español castellano music música instamusic…"
312,beingsalmankhan kaka adele realmadrid emmawatson nasa conanobrien actuallynph danieltosh pitbull…
313,rthoy arrancamos con los ensayos para malaui el musical no se imaginan la alegría q tengo no solo xq va a ser mi primer m…
314,siento que en cualquier momento coldplay confirma el globalcitizenfestival en argentina no quiero parecer loca…
315,hoy arrancamos con los ensayos para malaui el musical no se imaginan la alegría q tengo no solo xq va a ser mi…
316,nowplaying paradise by coldplay onradio all music is beautiful keep listening
317,"great south african and noh west representation

favorite interband 

coldplay…"
318,"fix you coldplay 
y si en en mi reproductor de música encontras de todo variadito"
319,coldplaycharlie brownpiano cover improved version
320,coldplay formada en londres enintegrados por chris main jon buckland guy berryman y will champion los e…
321,coldplaymidnightpiano cover version
323,elviene coldplay fechas confirmadas coldplay
324,beingsalmankhan kaka adele realmadrid emmawatson nasa conanobrien actuallynph danieltosh pitbull…
325,rtcoldplaythescientistviaeste
326,"i can hear it coming
i can hear the siren sound
now my feet won’t touch the ground

miami poraitphotography…"
327,"lights will guide you home
and ignite your bones
and i will try to fix you

instatravel lensbible coldplay…"
328,update i’m still not chris main from coldplay
329,rtthanns to everyone who suppoed us on saturdaywe raised a fantastictowards our fundraising total for the year h…
330,seriously when aretouring again in the uk i promised my sister we would go to a coldplay conce at so…
331,coldplay
332,thanns to everyone who suppoed us on saturdaywe raised a fantastictowards our fundraising total for th…
333,"hoy es un buen día para escuchar los primeros albums de coldplay 
no impoa cuando leas esto"
334,actuellement en onde coldplayclocks sur radiomontreal
335,coldplay all day workflow
336,"honey you are a rock
upon which i stand
and i come here to talk
i hope you understand

that green eyes
yeah the spo…"
337,fix youcoldplaypiano cover
338,rtcoldplayevery teardrop is a waterfallsample coldplay origineel i go to rio van coldp…
339,rtthe young voices music book has arrived some amazing songs this year can’t wait to get staed who’s coming kny…
340,reliving ’s viva la vida album and falling in love all over again also realizing how much time has passed…
341,the young voices music book has arrived some amazing songs this year can’t wait to get staed who’s coming…
342,coldplayevery teardrop is a waterfallsample coldplay origineel i go to rio van coldplay uit alwee
343,now playing coldplayadventure of a lifetime on galaxy fmpatra
344,a rising tide lifts all boats a call to action for fans of steelydan bozscaggs bobdylan ledzepplin…
345,i didnt know you also listen to coldplay
346,trump coldplay donaldtrumptweets funny monday mikepompeo nohkorea nohkoreapolicy
347,"foto del show de ayer a beneficio del hospital garrahan

vivalavida coldplay tributoacoldplay años show…"
348,"love 





ph naticosen 

vivalavida tributoacoldplay coldplay años lovebutton…"
349,sesrchloveyoumusic rollingstones blackorangeoficial sonymusicusa originalmusic coldplay tearsforfears
350,"open po
pictcoldplaykaleidoscope ep idr 

details
pictfor kaleidoscope ep

coldplay…"
351,coldplay lovingyou always
352,ecoutez la webradio radiocapitole unique music info actu médias faitsdivers justice facebook radiocapito…
354,death and all his friends by coldplaynowplaying on spotify music
355,"rthoy en mañanauniversofmescuchamos a
prince
coldplay
morrisey
philcollins
thecure
y tú qué quieres escuch…"
357,"cassper
when is the song with coldplay coming out

and gape pharell o shapa leng round ena ko ntlung"
358,"its here 
link in bio for the full video 
fix you <U+2764><U+FE0F>





cover coldplay fixyou love…"
359,"rtviva la vidatributo a coldplay

mañana nos presentamos en el festival de bandas tributo alive aid

a beneficio del ho…"
360,rtchrismaincoldplay
363,chrismaincoldplay
364,"rthoy en mañanauniversofmescuchamos a
prince
coldplay
morrisey
philcollins
thecure
y tú qué quieres escuch…"
365,chrismaincoldplay
366,"rthoy en mañanauniversofmescuchamos a
prince
coldplay
morrisey
philcollins
thecure
y tú qué quieres escuch…"
367,magiccoldplaypiano cover video by yourpianocover
368,we have decorators at the moment life is messy complicated and now a vivid yellow not sure that was quite the…
369,"hoy en mañanauniversofmescuchamos a
prince
coldplay
morrisey
philcollins
thecure
y tú qué quieres escuchar escríbeme"
370,"just strolling along the beach taking in the view of paradise 

paradisecoldplay <U+653C><U+3E64><U+613C><U+3E30><U+623C><U+3E63><U+653C><U+3E64><U+623C><U+3E65><U+623C><U+3E35><U+653C><U+3E64><U+613C><U+3E30><U+623C><U+3E63><U+653C><U+3E64><U+623C><U+3E65><U+623C><U+3E35>…"
371,"rtcoldplay a sky full of stars 
blue<U+653C><U+3E64><U+613C><U+3E30><U+623C><U+3E64><U+653C><U+3E64><U+623C><U+3E32><U+393C><U+3E39> bluesoul bluekissbluesky ocean sea …"
372,globalcitizenfestival globalcitizen chrismain chrismainfans coldplay coldplayfans coldplayforever…
373,now playing coldplaygodputasmileuponyourfacenonstophits ssss redcherryradio playingnothingbuthits
376,"is chris main coming with his squad coldplay 
globalcitizenfestivalsa"
377,"nothings really making any sense at all lets talk lets taa alk
coldplay"
378,sources tell me thatisn’t a coldplay fan can we confirmcan we get an opinion
379,wonder if we will get any film announcement soon now chris has stepped out again coldplay
380,"gravity release me
and dont ever hold me down
now my feet wont touch the ground 

man boy blonde beard…"
381,im a globalcitizen and a big coldplayer so big i have a coldplay fanpage on instagra…
382,and he been saying he wants a feature with coldplay and pharell
383,"grazie hangar summer casamassima 

che sia nella sede invernale che sia in quella estiva che siano i coldplay o…"
