1,fun fact during last yearstaping at sdccstood during every commercial cut away so she c…
2,watching conanobrien just to see djkahled is capable of why am i yelling
3,the conan’s are revealed funko conan conanobrien teamcoco displaygeek
4,gonna be a whole lotta funkofiends shit at conan on wednesdaysquad conanobrien sdcc fgv funkogoodvibes…
5,conanobriens favorite vacation spot
6,twitter why do you keep shoving random tweets in my face i like familyguy but sethmacfarlane hasnt directed tha…
7,beingsalmankhan kaka adele realmadrid emmawatson nasa conanobrien actuallynph danieltosh pitbull…
8,beingsalmankhan kaka adele realmadrid emmawatson nasa conanobrien actuallynph danieltosh pitbull…
9,im like totally super waitlisted for conanconplease please select me you guys will not be like dis…
10,conanobrien evidently time for a return trip to the non shithole
11,humor humour funny jokes conanobrien beethoven schube music musicology
12,"the conan collector box is live for preorder online no funko related items spotted


…"
13,here’s a look at the gamestop exclusive conan box doesn’t look like anything funko related may be in it like state…
14,update gamestop exclusive conan collector’s box posted earlier this month appears to not be funkothemed see p…
15,"sugar skull conan pop a spotted on a san diego escalator pic cred junot i

 conanobrien funko…"
16,"sugar skull conan pop a spotted on a san diego escalator pic cred junot i

 conanobrien funko…"
18,rtsandiegocomicconis coming up amp well have some post on the con st a reflection post of jeremys return to the sdcc…
19,rtsandiegocomicconis coming up amp well have some post on the con st a reflection post of jeremys return to the sdcc…
20,rtsandiegocomicconis coming up amp well have some post on the con st a reflection post of jeremys return to the sdcc…
21,sandiegocomicconis coming up amp well have some post on the con st a reflection post of jeremys return to the…
22,rtno big dealwbsdcc conanobrien
23,rtconan o brien clark kent funko pop now on salefpn funkopopnews funko pop funkos popvinyl conan conanobrien …
24,rtconan o brien in suit funko pop now on salefpn funkopopnews funko pop funkos popvinyl conan conanobrien sdc…
25,rtconan o brien in super suit funko pop now on salefpn funkopopnews funko pop funkos popvinyl conan conanobrie…
26,rtconan o brien in super suit funko pop now on salefpn funkopopnews funko pop funkos popvinyl conan conanobrie…
27,rtconan o brien in super suit funko pop now on salefpn funkopopnews funko pop funkos popvinyl conan conanobrie…
28,rtconan o brien in super suit funko pop now on salefpn funkopopnews funko pop funkos popvinyl conan conanobrie…
29,rtconan o brien in super suit funko pop now on salefpn funkopopnews funko pop funkos popvinyl conan conanobrie…
30,rtconan o brien in super suit funko pop now on salefpn funkopopnews funko pop funkos popvinyl conan conanobrie…
31,rtconan o brien in super suit funko pop now on salefpn funkopopnews funko pop funkos popvinyl conan conanobrie…
32,rtconan o brien in super suit funko pop now on salefpn funkopopnews funko pop funkos popvinyl conan conanobrie…
33,rtconan o brien in suit funko pop now on salefpn funkopopnews funko pop funkos popvinyl conan conanobrien sdc…
34,rtconan o brien in suit funko pop now on salefpn funkopopnews funko pop funkos popvinyl conan conanobrien sdc…
35,conanobrien thank you for being so dependable and persistent you always make me laugh youre a staple in the ame…
36,rtconan o brien clark kent funko pop now on salefpn funkopopnews funko pop funkos popvinyl conan conanobrien …
37,rtconan o brien clark kent funko pop now on salefpn funkopopnews funko pop funkos popvinyl conan conanobrien …
38,sunset off cape cod bay on eve of fouhofjuly photo unretouched how to caption have a woody th god th…
39,rtconan o brien in suit funko pop now on salefpn funkopopnews funko pop funkos popvinyl conan conanobrien sdc…
40,rtconan o brien clark kent funko pop now on salefpn funkopopnews funko pop funkos popvinyl conan conanobrien …
41,rtconan o brien in suit funko pop now on salefpn funkopopnews funko pop funkos popvinyl conan conanobrien sdc…
42,rtconan o brien in suit funko pop now on salefpn funkopopnews funko pop funkos popvinyl conan conanobrien sdc…
43,rtconan o brien in super suit funko pop now on salefpn funkopopnews funko pop funkos popvinyl conan conanobrie…
44,rtconan o brien in super suit funko pop now on salefpn funkopopnews funko pop funkos popvinyl conan conanobrie…
45,beingsalmankhan kaka adele realmadrid emmawatson nasa conanobrien actuallynph danieltosh pitbull…
46,rtconan o brien clark kent funko pop now on salefpn funkopopnews funko pop funkos popvinyl conan conanobrien …
47,rtconan o brien clark kent funko pop now on salefpn funkopopnews funko pop funkos popvinyl conan conanobrien …
48,check out these fun facts about conan obrien that you didnt knowfunfacts conanobrien
49,a very serious conan obrien my first job out of college was atrock id skip out of work to watch conan amp and…
50,rtconan o brien in suit funko pop now on salefpn funkopopnews funko pop funkos popvinyl conan conanobrien sdc…
51,rtconan o brien clark kent funko pop now on salefpn funkopopnews funko pop funkos popvinyl conan conanobrien …
52,rtconan o brien in suit funko pop now on salefpn funkopopnews funko pop funkos popvinyl conan conanobrien sdc…
53,rtconan o brien in super suit funko pop now on salefpn funkopopnews funko pop funkos popvinyl conan conanobrie…
54,rtaquaman cast members to appear on conanobrien during comiccon 
55,rtaquaman cast members to appear on conanobrien during comiccon 
56,rtconan o brien in suit funko pop now on salefpn funkopopnews funko pop funkos popvinyl conan conanobrien sdc…
57,rtaquaman cast members to appear on conanobrien during comiccon 
58,rtconan o brien in suit funko pop now on salefpn funkopopnews funko pop funkos popvinyl conan conanobrien sdc…
59,rtaquaman cast members to appear on conanobrien during comiccon 
60,rtaquaman cast members to appear on conanobrien during comiccon 
61,rtconanlive from comic conlandsand aquaman castscona…
62,rtaquaman cast members to appear on conanobrien during comiccon 
63,rtconanlive from comic conlandsand aquaman castscona…
64,conanlive from comic conlandsand aquaman casts …
65,i dont normally post quotes on here but this one has stuck with me conanobrien quotestoliveby quotes…
66,rtconan o brien in suit funko pop now on salefpn funkopopnews funko pop funkos popvinyl conan conanobrien sdc…
67,rtconan o brien in suit funko pop now on salefpn funkopopnews funko pop funkos popvinyl conan conanobrien sdc…
68,rtconan o brien clark kent funko pop now on salefpn funkopopnews funko pop funkos popvinyl conan conanobrien …
69,rtconan o brien in suit funko pop now on salefpn funkopopnews funko pop funkos popvinyl conan conanobrien sdc…
70,funko reveals gamestop exclusive conan items release datethese are labeled as summer conventionexc…
71,"rtgamestop exclusive conan pops and tshis live
preorder 

funko funkopop conanobrien ga…"
72,"omg i totally love the roxy horror music show 
conanobrien"
73,funko finally announces the gamestop exclusive conan o’brien pops swipe  to see close ups game…
74,"funko finally announces the gamestop exclusive conan o’brien tee’s swipe  for close ups

 gamestop…"
75,rtconan o brien in super suit funko pop now on salefpn funkopopnews funko pop funkos popvinyl conan conanobrie…
76,conan o brien in super suit funko pop now on salefpn funkopopnews funko pop funkos popvinyl conan…
77,"rtgamestop exclusive conan pops and tshis live
preorder 

funko funkopop conanobrien ga…"
78,"rtgamestop exclusive conan pops and tshis live
preorder 

funko funkopop conanobrien ga…"
79,"rtgamestop exclusive conan pops and tshis live
preorder 
funko funkopop conanobrien ga…"
80,"rtgamestop exclusive conan pops and tshis live
preorder  
funko funkopop conanobrien ga…"
81,"gamestop exclusive conan pops and tshis live
preorder funko funkopop conanobrien…"
