3,rtmiraculous lowbrow comedian danieltosh just took on pedogate in epic wayexposing huge youtube dark network…
4,rtmiraculous lowbrow comedian danieltosh just took on pedogate in epic wayexposing huge youtube dark network…
5,rtmiraculous lowbrow comedian danieltosh just took on pedogate in epic wayexposing huge youtube dark network…
6,rtmiraculous lowbrow comedian danieltosh just took on pedogate in epic wayexposing huge youtube dark network…
7,rtmiraculous lowbrow comedian danieltosh just took on pedogate in epic wayexposing huge youtube dark network…
8,just glad there’s a funny anthonyjeselnik named danieltosh
9,rtmiraculous lowbrow comedian danieltosh just took on pedogate in epic wayexposing huge youtube dark network…
10,well would you want people to know you married danieltoshi mean i wouldn’teven want to admit to a …
11,tcc is not sure whether to be happy or scared for danieltoshswife because the comedian is blatantly misogynisti…
12,danieltosh is  hilarious great comic greattime racyjokes brownrice nyc weekend comedynyu skirball
