1,rt„habt ihr mich vermisst in deutschland“ so war das eminemkonze in hannover eminemhannover
2,"rteminemrevival tourmilano 
 royce ’ ’’
 prophets of rage 
 eminem
experiencemilano 
revivalto…"
3,rteminem tonight at roskilde festival roskildefestival denmark eminem revivaleuropeantour
4,jetzt kann ich glaube sterben eminem live gesehen zu haben war bombe und es hat sich gelohnt 
5,this is still available if anyone wants it standing ticket wohill takeeminem twickenham
6,man alive you watch ass like that one time late at night when you need something random to clear your mind and i…
7,"rtrevival tour best moments in italy milan featuringamp
eminem royce revivaltour …"
8,rtthe capsule line will feature three different tshi designs called the kamikaze success and graffiti as well as a li…
9,"eminem eminemhannover eminemrevivaltour revivaltour revivaltour 
gestern abend ist ein traum wahr geworden…"
10,"rtrevival tour best moments in italy milan featuringamp
eminem royce revivaltour …"
11,eminem eminemhannover eminemrevivaltour revivaltour revivaltour
12,bei den fotos von eminem habe ich mich gefragt obdie maske wohl noch fallen gelassen hat oder damit bi…
13,"hours of queuing up in the pissing rain
worth every fucking minute revivaltour eminemhannover messe"
14,"rtrevival tour best moments in italy milan featuringamp
eminem royce revivaltour …"
15,"rteminem fazit
leider nur min gespielt und das messegelände in hannover ist kacke hockenheimring wäre bessergewesen…"
16,rteminem used his german accent and skills to spit some german swear words revivaltour hannover …
17,rtthe capsule line will feature three different tshi designs called the kamikaze success and graffiti as well as a li…
18,rtmore from the photoshoot eminem
19,"new beat 

nf x eminem type beatmy life 

this beat is free for nonprofit use

link…"
20,the capsule line will feature three different tshi designs called the kamikaze success and graffiti as well as…
21,"rtrevival tour best moments in italy milan featuringamp
eminem royce revivaltour …"
22,you do it again i’m fucking you upeminem loveyoumore
23,"best day of my life 
eminem eminemconce conce bestday skylargrey stan love kindheitstraum…"
24,rtlisting to eazye pac nwa eminem technne strangemusic
25,"rtrevival tour best moments in italy milan featuringamp
eminem royce revivaltour …"
26,qualcuno che è andato al conceo di eminem mi potrebbe scrivere ho delle cose da chiedere eminem eminemmilano…
27,ich finde jawürde sich ganz hervorragend auf demmachen  eminem juicybeats
28,retweet eminem and make onto show how much you want a show in your city nowmaking
29,"eminem is back

konzekritikeminem in hannover so war die große rapshow"
30,einmal im lebenlive sehen check eminem hannover eminemconce eminemhannover
31,"could it get any better then this 
eng tattoo eminem themisses"
32,rteminem used his german accent and skills to spit some german swear words revivaltour hannover …
33,hannover eminem revivaltour revivaleuropeantour i still dont get why eminem hasnt came to south africa
34,"rtrevival tour best moments in italy milan featuringamp
eminem royce revivaltour …"
35,x eminem standing ticket for saletwickenham stadiumsaturday th julyface value paypaldi…
36,digitrax youtube ai rap musicad hiphop music rap radio nowplaying pop dance…
37,rtive got a couple of eminem tickets for sunday twickenham good seats l anyone want to swap their similar saturday tick…
38,"meine statement zum gestrigen ereignis
konze war geil organisation hinterher fürn arsch
eminem revivaltour hannover"
39,eminem won but i didntsad
40,rtcollabora con licona rap eminem e lancia una capsule collection tre modelli diversi di tshi e un hoodi…
41,collabora con licona rap eminem e lancia una capsule collection tre modelli diversi di tshi e un…
42,eminem <U+2764><U+FE0F>
43,listening to yourself on the radiohorrible but thanks to virginradiodxb  dubai eminem
44,rtrevival tour best moments in italy milan featuringamp
45,"rtrevival tour best moments in italy milan featuringamp
eminem royce revivaltour …"
46,"rtrevival tour best moments in italy milan featuringamp
eminem royce revivaltour …"
47,die auftritte von skylargrey waren schon echt mega geil die frau hat eine stimme der pure wahnsinn eminem hannover revivaltour
48,rtnastyc eminemis the eminem of sa stringsandbling
49,"eminem to open popup shop

 eminem detroit hoodies europeanrevivaltour…"
50,rteminem with okan
51,people of dubai dxbplease vote for eminem virginradiodxb
52,eminem eminemhannover eminemgermany eminemtour lebenstraum
53,"rtwarum war eminem eigentlich nur in hannover

erinne ihn die heruntergekommene stadt an detroit"
54,rteminem used his german accent and skills to spit some german swear words revivaltour hannover …
55,"rtrevival tour best moments in italy milan featuringamp
eminem royce revivaltour …"
56,rtrevival tour best moments in italy milan featuringamp
57,omg omg omgjust called mei voted for eminemand i love maroonplease please please stop m…
58,rteminem used his german accent and skills to spit some german swear words revivaltour hannover …
59,"rtrevival tour best moments in italy milan featuringamp
eminem royce revivaltour …"
60,rtleavinghotel in italy giving autographs and taking pictures with fans eminem italy slimsha…
61,"rtrevival tour best moments in italy milan featuringamp
eminem royce revivaltour …"
62,rthis happiness is all i care about this man is beaming with light and it makes me so happy  revivaltour revivaleuropea…
63,"rtrevival tour best moments in italy milan featuringamp
eminem royce revivaltour …"
64,"revival tour best moments in italy milan featuringamp
eminem royce…"
65,rtdas ist noch nicht das konze von eminem nur die kontrolle davor noch andehalb stunden
66,kisstory at last youve found another eminem track to play boredofslimshady
67,"rtdrakegods plan mexican edition
 
drake rap rapper eminem music parody cover ksi loganp…"
68,rteminem hannover revivaltour
69,rteminem with okan
70,i still believe in eminem
71,rteminem with fans eminem hannover revivaltour
72,rteminem used his german accent and skills to spit some german swear words revivaltour hannover …
73,rteminem used his german accent and skills to spit some german swear words revivaltour hannover …
74,i dont know what the fuck was that eminem revivaltour hannover
75,thats the most epic family photo ever  eminem revivaltour
76,rteminem with okan
77,rtepic performance eminem revivaltour hannover
78,why be a king when you can be a god eminem revivaltour hannover germanyhannover messe
79,"rteminemsing for the moment stockholm

eminem revivaltour stockholm"
80,rteminem used his german accent and skills to spit some german swear words revivaltour hannover …
81,ich habe eminem ja damals in der aol arena gesehen ohne smaphones und kameras das war übrigens auch cool au…
82,epic performance eminem revivaltour hannover
83,"rtwarum war eminem eigentlich nur in hannover

erinne ihn die heruntergekommene stadt an detroit"
84,the best eminem
85,you are terrific  revivaltour hannover marshallmathers eminem stan
86,"warum war eminem eigentlich nur in hannover

erinne ihn die heruntergekommene stadt an detroit"
87,rteminem cyper rips donald trump donaldtrump donaldtrumpdiss eminem eminemcypher betawards bethiphopawards be…
88,momsspaghetti everywhere eminem eminemsmom there will be spaghetti served at eminem’s fashion popupvia
89,rttuesday night in the yyj call for a taxivictoria langford colwood esquimalt vicbc eminem dre summer s…
90,rteminem ‘revival’ is now britceified platinum 
91,eminemwhen im gone clean radio editfree on
92,"has slim shady done an album called domain yet

eminem domain has a nice ring to it
 slimshady
marshallmathers
eminem"
93,rtwir haben ein beschissenes konze gesehen und ein mega geiles gehö eminem in hannover
94,"
eminem"
95,ich bin irgendwie total fit kann mir das mal einer erklären ich warstunden für eminem unterwegs hab nur …
96,rttuesday night in the yyj call for a taxivictoria langford colwood esquimalt vicbc eminem dre summer s…
97,rt…
98,eminem mit sonnenunterganghannover messe
99,eminem hiphop music
100,rtdas ist noch nicht das konze von eminem nur die kontrolle davor noch andehalb stunden
101,"rteminem
top aufgelegt unfassbare energie aber spielt dann echt nurminuten wtf

dazu direkt eine schelle an die ga…"
102,"rtda willst du eminem sehen und siehst nur handys ich finds bescheue
eminemhannover"
103,rteminem used his german accent and skills to spit some german swear words revivaltour hannover …
104,rtthe crowds are gatheringhannover germany eminem
105,digitrax ai legal servicead hiphop music rap radio nowplaying pop dance drake…
106,eminem donnera un conce duaujuillet à twickenham au royaumeuni ecoutez river de downr cest le nou…
107,"rteminem
top aufgelegt unfassbare energie aber spielt dann echt nurminuten wtf

dazu direkt eine schelle an die ga…"
108,rteminem used his german accent and skills to spit some german swear words revivaltour hannover …
109,rtx standing eminem tour ticket for london twickenham on saturday sold outdays to gorevi…
110,rt„habt ihr mich vermisst in deutschland“ so war das eminemkonze in hannover eminemhannover
111,rtthe crowds are gathering hannover germany eminem
112,rtthey way he screams milaaaan eminem milan revivaltour italy
113,digitrax working ai music servicead hiphop music rap radio nowplaying pop dance…
114,rtes war der hammer mitund freunden eminem eminemhannover
115,"nguap 
mau bikin dialognya takut gak lucu hahaha

uus uusselalusalah eminem meme standupcomedian…"
116,eminem gesehen nö eminem gehö ja 
117,rteminem with okan
118,you think when eminem wrote stan he thought we’d be using that term years later as an insult or a fanatic term…
119,rtno words for this eminem
120,grandios engerland goes eminem
121,rteminem used his german accent and skills to spit some german swear words revivaltour hannover …
122,"the real slim shady rockt hannover und begeistefans eminem eminemhannover 
"
123,eminem with fans eminem hannover revivaltour
124,lucky fans eminem hannover revivaltour
125,rteminem used his german accent and skills to spit some german swear words revivaltour hannover …
126,rteminem with okan
127,rteminem used his german accent and skills to spit some german swear words revivaltour hannover …
128,rtdopeabyray aflow follow my ig for more dope acanvaspainting eminem acrylic ftxft on…
129,digitrax music lawsuit aiad hiphop music rap radio nowplaying pop dance drake…
130,hat gestern abend in hannover das einzige deutschlandkonze seiner revivaltour gegeben kleine hiphop…
131,digitrax blurred lines aiad hiphop music rap radio nowplaying pop dance drake…
132,digitrax copyright analysis aiad hiphop music rap radio nowplaying pop dance…
133,eminem hannover revivaltour
134,digitrax forensic musicology aiad hiphop music rap radio nowplaying pop dance…
135,eminem goingthrough customsat hannover airpo slimshady shadyrecords revivaltour revivaleuropeantour…
136,rteminem used his german accent and skills to spit some german swear words revivaltour hannover …
137,feeling some eminem throwbacks tonight
138,covering that chrisdelia cover of eminem chrisdelia eminem piano hiphopcover hiphop pianocover funny…
139,km vor zuhause noch in einer vollsperrung gestanden mehrere schwere unfälle gesehen leider auch einen tödliche…
140,was für ein konze was für eine nacht umuhr zuhause gewesen umuhr hat der wecker geklingelt und nun…
141,rthow the hell does he nail it every time revivaltour revivaleuropeantour eminem
142,rti’ve been waiting on this moment my whole life vivaltour revivaleuropeantour eminem …
143,rteminem with okan
144,rteminem used his german accent and skills to spit some german swear words revivaltour hannover …
145,"rtfinally i sung it
rapgod sarkar eminem hiphop music songs lovequotes bigboss"
146,rttuesday night in the yyj call for a taxivictoria langford colwood esquimalt vicbc eminem dre summer s…
147,rteminem with okan
148,rteminem with okan
149,rteminem performingam in hannover the blue looks great on him revivaleuropeantour
150,rteminem with okan
151,rteminem with okan
152,rteminem with okan
153,eminem with okan
154,rtproof throw a surprise pay for eminemsbihday paviaeminem
155,tuesday night in the yyj call for a taxivictoria langford colwood esquimalt vicbc eminem dre…
156,rtdigitrax ai music for musicologistsad hiphop music rap radio nowplaying pop dance drake…
157,rteminem used his german accent and skills to spit some german swear words revivaltour hannover …
158,rtno words for this eminem
159,rteminem used his german accent and skills to spit some german swear words revivaltour hannover …
160,digitrax ai music for musicologistsad hiphop music rap radio nowplaying pop…
161,digitrax ai music for arvrad hiphop music rap radio nowplaying pop dance drake…
162,rthis happiness is all i care about this man is beaming with light and it makes me so happy revivaltour revivaleuropea…
163,rteminem used his german accent and skills to spit some german swear words revivaltour hannover …
164,rteminem used his german accent and skills to spit some german swear words revivaltour hannover …
165,"freestyle 

eminem"
166,rtleavinghotel in italy giving autographs and taking pictures with fans eminem italy slimsha…
167,rtdopeabyray aflow follow my ig for more dope acanvaspainting eminem acrylic ftxft on…
168,"okay i’m going to attempt to drown myself you can try this at home you can be jus like me
eminem"
169,rti have a spare ticket to see eminem this saturday who wants to come rt comment now picking someone asap…
170,rti have a spare ticket to see eminem this saturday who wants to come rt comment now picking someone asap…
171,rti have a spare ticket to see eminem this saturday who wants to come rt comment now picking someone asap…
172,"toprappers of alltime

 eminem
 nas
 tupac
 biggie
 rakim
 snoop dogg
 jayz
 kendrick lamar
…"
173,selamat pagiteman musisi semoga video ini bisa menginspirasisviindonesiaeminem musisi music…
174,eminem came to hit y’all with his best moves shadylipz
175,got one single eminem ticket for the revival tour at twickenham for anybody that is interested less they fv
176,eminem not happy will all the stans harassamentshady hannover slimshady
177,rtthey way he screams milaaaan eminem milan revivaltour italy
178,rt„habt ihr mich vermisst in deutschland“ so war das eminemkonze in hannover eminemhannover
179,dopeabyray aflow follow my ig for more dope acanvaspainting eminem acrylic ftx…
180,rteminem used his german accent and skills to spit some german swear words revivaltour hannover …
181,"rtdo you like rap music
 …borisjohnson musicmonday mondaymotivation …"
182,"do you like rap music
 …borisjohnson musicmonday mondaymotivation…"
183,"are you calling me are you trying to get through
are you reaching out for me like im reaching out for you

c…"
184,nowplaying airplanes by eminem ft rihanna ft bob onradio all music is beautiful keep listening
185,i have a spare ticket to see eminem this saturday who wants to come rt comment now picking someone asap …
186,"eminem back in germany  for the first time inyearspeople
thank youfor making this…"
187,eminem
188,you were amazing mr mathers hard to get in today because of all the rain but it was woh it good to see you bac…
189,rteminem used his german accent and skills to spit some german swear words revivaltour hannover …
190,who wants to come to see eminemthis saturdaymotivation london free with me rt summer
191,its not any manits eminem eminemhannover eminem hannover eminem
192,rthis happiness is all i care about this man is beaming with light and it makes me so happy revivaltour revivaleuropea…
193,rteminem used his german accent and skills to spit some german swear words revivaltour hannover …
194,rteminem used his german accent and skills to spit some german swear words revivaltour hannover …
195,rtno words for this eminem
196,rteminem used his german accent and skills to spit some german swear words revivaltour hannover …
197,rteminem jayz rap cent gangsta ixine snoopdogg wiz montana migos drake akon nicki minaj hiphop hip ho…
198,rteminem jayz rap cent gangsta ixine snoopdogg wiz montana migos drake akon nicki minaj hiphop hip ho…
199,"rtone of the most amazing experiences in my life
eminem live conce in hannover was astonishing i still cant believe i go…"
200,chase was that spark that made me wanna pick up the mic again beautiful eminem stans
201,rtes war der hammer mitund freunden eminem eminemhannover
202,rthis happiness is all i care about this man is beaming with light and it makes me so happy revivaltour revivaleuropea…
203,rtthe crowds are gatheringhannover germany eminem
204,rteminem used his german accent and skills to spit some german swear words revivaltour hannover …
205,eminem jayz rap cent gangsta ixine snoopdogg wiz montana migos drake akon nicki minaj hiphop…
206,rteminem hannover revivaltour
207,rteminem used his german accent and skills to spit some german swear words revivaltour hannover …
208,rteminem used his german accent and skills to spit some german swear words revivaltour hannover …
209,"the real slim shady 
eminem"
210,rteminem used his german accent and skills to spit some german swear words revivaltour hannover …
211,eminem jayz rap cent gangsta ixine snoopdogg wiz montana migos drake akon nicki minaj hiphop…
212,still quite cant believe im seeing eminem indays on london  I really cant describe in words how i feel wor…
213,rtborisjohnson musicmonday mondaymotivationandnation…
214,gå på manna hotel og du kan møde eminem eminem netherlands slimshady shady stan
215,after searching for three hours i have finally found the type beat that i was searching foreminem tyga lilwa
216,rteminem used his german accent and skills to spit some german swear words revivaltour hannover …
217,rtmuchlove happygames ft pac tupacoutlawzeminemhopsin rap hiphop rn…
218,digitrax ai transformation of musicad hiphop music rap radio nowplaying pop…
219,rapper rappers trap trapmusic trapnation eminem drdre wizkhalifa worldcup bitcoin music poetry
220,nowplaying the monster feat rihannaby eminem onradio all…
221,"rtleute das war fucking goals 

you better lose yourself in the music this opportunity comes once in a lifetime emin…"
222,rteminem used his german accent and skills to spit some german swear words revivaltour hannover …
223,rteminem hotel in netherlands iscalled manna go there and tale pictures eminem nijmegen slimshady revivaltour shad…
224,great show eminem <U+2764> liebe eminem revivaltour germany rapgod hannover adreamcometrue jugendliebe…
225,rteminem used his german accent and skills to spit some german swear words revivaltour hannover …
226,es war der hammer mitund freunden eminem eminemhannover
227,rteminem used his german accent and skills to spit some german swear words revivaltour hannover …
228,eminem ur so awesome had a good time in hannover
229,eminem hotel in netherlands iscalled manna go there and tale pictures eminem nijmegen slimshady revivaltour…
230,rteminem used his german accent and skills to spit some german swear words revivaltour hannover …
231,rti’ve been waiting on this moment my whole life he’s baby blue revivaltour revivaleuropeantour eminem …
232,rthis happiness is all i care about this man is beaming with light and it makes me so happy  revivaltour revivaleuropea…
233,eminem war mega kann es kaum in woe fassen wie happy ich bin ich hab the real slim shady live gesehen tra…
234,"xwe gotta eat

engineered by 

produced byx …"
235,rterschöpft aber glücklich wieder daheim die spielzeit war leider etwas kurz aber der mann hat es einfach immer noch dr…
236,eminem eminem hannover eminemhannover eminemhannover live conce hiphop rap germany bounce…
237,nachtdienstmorgen uitslaap dag en savonds hardlopen iig training en dan voorbereiden op donderdag eminem goffepark
238,eminem eminem hannover eminemhannover eminemhannover live conce hiphop rap germany bounce…
239,eminem eminem hannover eminemhannover eminemhannover live conce hiphop rap germany bounce…
240,minimi eminem konze war zu nasszu kurz ihr klingt wiees war natürlich großaig
241,rteminem in hannover und mit ihmauf dem messegelände messe
242,rteminem used his german accent and skills to spit some german swear words revivaltour hannover …
243,rteminem used his german accent and skills to spit some german swear words revivaltour hannover …
244,so viele gedanken und gefühle eminem für immer ein teil meines lebens 
245,rap god momsspaghetti eminem hannover germany rapgodhannover messe
246,rtdamnnnn eminem hannover revivaleuropeantour
247,rtprecious marshall revivaltour eminem hannover
248,rtperforming in blue hannover eminem germany revivaltour
249,das eminem konze war echt enttäuschend eigentlich war es ein großes medley bestehend aus der ersten strophe und…
250,"rtone of the most amazing experiences in my life
eminem live conce in hannover was astonishing i still cant believe i go…"
251,rtthey way he screams milaaaan eminem milan revivaltour italy
252,i was thereeminem revivaltour love music fun
253,"fazit zu eminem in hannover
 war irgendwie geil aber trotzdem nicht ganz zufrieden 
 sound fand ich gutbin a…"
254,"one of the most amazing experiences in my life
eminem live conce in hannover was astonishing i still cant bel…"
255,"alte fußballregeleine eminemshow daue nurminuten
bei fritzwalterwetter
trotzdem cool eminem eminem hannover"
256,proof throw a surprise pay for eminemsbihday paviaeminem
257,"rteminem now at 
shooting for
musicphotography roskilde roskilde concephotography em…"
258,"rtfestivalbericht und fotos vom roskilde tagrf eminem nineinchnails nin trentreznor
…"
259,"also hmm bisschen enttäuschend war es ja schon dass eminem nur knappminuten gespielt hat

zwarlieder au…"
260,"rtda willst du eminem sehen und siehst nur handys ich finds bescheue
eminemhannover"
261,rteminem used his german accent and skills to spit some german swear words revivaltour hannover …
262,singt er ernsthaft als drittes oder viees liedstan und als zugabe mein lied es war das beste was ich…
263,love the way you lie eminem
264,rteminem used his german accent and skills to spit some german swear words revivaltour hannover …
265,"rteminem live was amazing 
revivaltour eminem eminemhannover"
266,rtborisjohnson musicmonday mondaymotivationandnation…
267,warum eminem
268,eminem is the only person in the world to somehow have a hightop with straight hair
269,rteminem used his german accent and skills to spit some german swear words revivaltour hannover …
270,best day of my life eminem
271,rthe really put that message on the back of a shi  thats my idol for u eminem revivaltour
272,erschöpft aber glücklich wieder daheim die spielzeit war leider etwas kurz aber der mann hat es einfach immer noc…
273,rteminem used his german accent and skills to spit some german swear words revivaltour hannover …
274,rteminem oslo revivaltour river
275,"rtyour determination to succeed is everything chaseyourgreatness

 motivation inspiration quo…"
276,talent can sometimes be defined as what you can do best but your success depends on wether you do anything about i…
277,rteminem used his german accent and skills to spit some german swear words revivaltour hannover …
278,viel zu schnell vorbei aber geil wars trotzdem thankseminem hannover revivaleuropeantour
279,rteminem used his german accent and skills to spit some german swear words revivaltour hannover …
280,anyone get their eminem tickets today ive bought off someone and wondering if they have began legit arriving in…
281,rteminem used his german accent and skills to spit some german swear words revivaltour hannover …
282,rtkill you eminem hannover revivaltour
283,"rtriver
eminem experiencemilano revivaltour"
284,rteminem performingam in hannover the blue looks great on him revivaleuropeantour
285,"rtthis verse is so underatted
fightmusic eminem"
286,"rtclassic freestyle from em amp proof does anyone think proof was lowkey a better lyricist than em
hiphop oldschoolhiphop …"
287,es sollte bei konzeen einen extra bereich für menschen untergeben anstatt front of stage eminem hannover revivaleuropeantour
288,"rtare you a stan
drake vs eminem today at pm on xofanwars"
289,"rteminemrevival tourmilano 
 royce ’ ’’
 prophets of rage 
 eminem
experiencemilano 
revivalto…"
290,sellingstanding eminem tickets for saturday th july dm me for more details eminem revival eminemtickets
291,rteminem used his german accent and skills to spit some german swear words revivaltour hannover …
292,shout out to grammy nominated superstar producer zalezy for always showing suppo for my music thank you zale…
293,rteminem used his german accent and skills to spit some german swear words revivaltour hannover …
294,rteminem used his german accent and skills to spit some german swear words revivaltour hannover …
295,"rteminem accidentally dropped the mic while performing rapgod last night in milan revivaltour

it was one of the cut…"
296,rteminem performingam in hannover the blue looks great on him revivaleuropeantour
297,"rteminem knows 
worldcup eng engcro"
298,rteminem used his german accent and skills to spit some german swear words revivaltour hannover …
299,rteminem used his german accent and skills to spit some german swear words revivaltour hannover …
300,"er hat lange auf sich waen lassen aber dann war es sehr geil
eminem"
301,rti’ve been waiting on this moment my whole life  revivaltour revivaleuropeantour eminem …
302,rteminem performingam in hannover the blue looks great on him revivaleuropeantour
303,rteminem used his german accent and skills to spit some german swear words revivaltour hannover …
304,after searching for three hours i have finally found the type beat that i was searching foreminem realrap mi
305,rtdamn eminem om stage hannoverrevivaltour
306,rtlike toy soldier hannover eminem revivaltour
307,rteminem hannover revivaltour
308,rtdecent pic eminem hannover revivaltour
309,rtprecious marshall revivaltour eminem hannover
310,rtdamnnnn eminem hannover revivaleuropeantour
311,rtperforming in blue hannover eminem germany revivaltour
312,das war wohl der emotionellste abend meines lebens danke eminem  eminem eminemhannover ichhabihnendlichgesehen
313,rthis happiness is all i care about this man is beaming with light and it makes me so happy  revivaltour revivaleuropea…
314,lose yourself eminem eminemshow rap rapgod eminemhannover
315,"eminem danke für dieses coole konze du bist einfach der rapgod
 jahre gewaet ein traum is in erfüllung gegangen"
316,rteminem used his german accent and skills to spit some german swear words revivaltour hannover …
317,rtlike toy soldier hannover eminem revivaltour
318,rtkill you eminem hannover revivaltour
319,…
320,rt„habt ihr mich vermisst in deutschland“ so war das eminemkonze in hannover eminemhannover
321,"rteminem fazit
leider nur min gespielt und das messegelände in hannover ist kacke hockenheimring wäre bessergewesen…"
322,rtsostunden nach ende des eminem konzes immer noch auf dem parkplatz hier geht nix 
323,"eminem is a freaking legend
eminemhannover rap rapgod eminem eminemshow asconsultinghannover messe"
324,"rtda willst du eminem sehen und siehst nur handys ich finds bescheue
eminemhannover"
325,rtkeine bedruckten tourbecher  eminem eminemhannover
326,rtfahr zum eminemkonze habe ich mir gesagt den siehst du nie wieder habe ich mir gesagt und nun open air mit …
327,wie gern ich heute da wäreeminem
328,rtwhy be a king when you can be a god eminem revivaltour slimshady
329,digitrax ai apple musicad hiphop music rap radio nowplaying pop dance drake…
330,sostunden nach ende des eminem konzes immer noch auf dem parkplatz hier geht nix 
331,rteminem used his german accent and skills to spit some german swear words revivaltour hannover …
332,happy lt es war so episch eminem eminemhannover
333,rtfull interview without now oncould a joint album with eminem be on the way 
334,rteminem used his german accent and skills to spit some german swear words revivaltour hannover …
335,eminem
336,rteminem used his german accent and skills to spit some german swear words revivaltour hannover …
337,rtthe crowds are gatheringhannover germany eminem
338,your latest hardy boys episode reminded me of this old trl momentraps eminem
339,rteminem used his german accent and skills to spit some german swear words revivaltour hannover …
340,rteminem used his german accent and skills to spit some german swear words revivaltour hannover …
341,rteminem used his german accent and skills to spit some german swear words revivaltour hannover …
342,rteminem hannover revivaltour
343,rtdamnnnn eminem hannover revivaleuropeantour
344,rtthey way he screams milaaaan eminem milan revivaltour italy
345,rtanother pic with fan eminemrevivaltour
346,rtperforming in blue hannover eminem germany revivaltour
347,rtkill you eminem hannover revivaltour
348,rtdamn eminem om stage hannoverrevivaltour
349,rtthey way he screams milaaaan eminem milan revivaltour italy
350,rtthey way he screams milaaaan eminem milan revivaltour italy
351,i lost my right knee and my feet’s and my back and aaah literally my whole body hus gettingold concelife…
352,x standing eminem tour ticket for london twickenham on saturday sold outdays to go …
353,"eminem knows 
worldcup eng engcro"
354,rteminem hannover revivaltour
355,"rteminem
top aufgelegt unfassbare energie aber spielt dann echt nurminuten wtf

dazu direkt eine schelle an die ga…"
356,rtpretty weird though lol eminem
357,"rtbright thoughtunderground hip hop



rap hiphop aist boombap classic tde interscope e…"
358,"mensch war das geil

eminem eminemhannover hannover revival revivaltour"
359,rtdas ist noch nicht das konze von eminem nur die kontrolle davor noch andehalb stunden
360,rteminem used his german accent and skills to spit some german swear words revivaltour hannover …
361,after searching for three hours i have finally found the type beat that i was searching foreminem realrap mi
362,"leute das war fucking goals 

you better lose yourself in the music this opportunity comes once in a lifetime…"
363,"haha love it itscominghome worldcup eng eminem

"
364,rtdeutsche hiphop eminem
365,"today i finally got to see this goofball live 
the weather was horrible the crowd was insane i cant believe it…"
366,best conce ever in my life so far will never forget this thanksfor coming to hanover it was a big pleasure eminem
367,o meu slim shady está a ser reveladoeminem
368,rteminem performingam in hannover the blue looks great on him revivaleuropeantour
369,rteminem used his german accent and skills to spit some german swear words revivaltour hannover …
370,rthannover was a blast thank youeminem
371,eminem in hannover eminem
372,rtprecious marshall revivaltour eminem hannover
373,"rteminem live was amazing 
revivaltour eminem eminemhannover"
374,hannover was a blast thank youeminem
375,world in motion ampmile mash up threelions worldcup mile eminem johnbarnes
376,rtdecent pic eminem hannover revivaltour
377,rteminem used his german accent and skills to spit some german swear words revivaltour hannover …
378,"rteminem fazit
leider nur min gespielt und das messegelände in hannover ist kacke hockenheimring wäre bessergewesen…"
379,rtkill you eminem hannover revivaltour
380,"eminem live was amazing 
revivaltour eminem eminemhannover"
381,rteminem used his german accent and skills to spit some german swear words revivaltour hannover …
382,rteminem used his german accent and skills to spit some german swear words revivaltour hannover …
383,rteminem used his german accent and skills to spit some german swear words revivaltour hannover …
384,dieses ständige und dauernde handygefilme auf nem konze ist echt die pest eminem hannover
385,"rteminem fazit
leider nur min gespielt und das messegelände in hannover ist kacke hockenheimring wäre bessergewesen…"
386,wow this was a great conce andwaweminem hannover revivaleuropeantour
387,find someone who looks at you the waylooks at revivaltour eminem
388,eminem sieht morgen im print beiso aus warum das erkläeminemhannover
389,"everything‘s wrong with 

eminem conces konzee wasgehtbeieuch wtf"
390,rteminem used his german accent and skills to spit some german swear words revivaltour hannover …
391,eminem war schon krass geil
392,rthis happiness is all i care about this man is beaming with light and it makes me so happy  revivaltour revivaleuropea…
393,"eminem  my role model

just watcheminemhannover eminem findlovewithkholi sanctuarylove freshbreakfast"
394,"eminem fazit
leider nur min gespielt und das messegelände in hannover ist kacke hockenheimring wäre besserg…"
395,rteminem used his german accent and skills to spit some german swear words revivaltour hannover …
396,rtthey way he screams milaaaan eminem milan revivaltour italy
397,thank you for an amazing performancegermany loves you and we missed you so much revivaltour eminem…
398,after searching for three hours i have finally found the type beat that i was searching foreminem realrap mi
399,after searching for three hours i have finally found the type beat that i was searching foreminem realrap mi
400,rtthe crowds are gathering<hannover germany eminem
401,rteminem used his german accent and skills to spit some german swear words revivaltour hannover …
402,"da willst du eminem sehen und siehst nur handys ich finds bescheue
eminemhannover"
403,rthis happiness is all i care about this man is beaming with light and it makes me so happy  revivaltour revivaleuropea…
404,werbung wegen verlinkung „hanover did u miss me“thank you eminem  by carily teamhannoverlife…
405,"rtok
im goinattemptdrown myself
u can try thishome
u can b just like me
rolemodel
eminem
throwbackthursday 
<"
406,rtwir haben ein beschissenes konze gesehen und ein mega geiles gehö eminem in hannover
407,so happy i can see eminen on sunday as well as the world cup final thank you twickenham eminem twickenham worldcupfinal comeonengland
408,"rteminem hat es einfach noch drauf

eminem hannover"
409,rti’ve been waiting on this moment my whole life  revivaltour revivaleuropeantour eminem …
410,"rtyou know you want me baby
you know i want you too
they call me superman im here to rescue you
i wanna save you girl come…"
411,rthis happiness is all i care about this man is beaming with light and it makes me so happy revivaltour revivaleuropea…
412,rtthe crowds are gatheringhannover germany eminem
413,eminem used his german accent and skills to spit some german swear words revivaltour hannover
414,seated eminem tickets for sale for saturday at twickenhameach which is face value eminem tickets twickenham twickenham
415,selling my tickets to eminem as i cant go any longer see the sold out revivaltour by buying my tickets here
416,rtsellingstanding tickets for eminem at twickenhameach for saturday th july eminem twickenham revivaltour emine…
417,rthis happiness is all i care about this man is beaming with light and it makes me so happy revivaltour revivaleuropea…
418,"eminem
top aufgelegt unfassbare energie aber spielt dann echt nurminuten wtf

dazu direkt eine schelle a…"
419,"rteminem accidentally dropped the mic while performing rapgod last night in milan revivaltour

it was one of the cut…"
420,listening to revenge by xxxtentacionsounds like eminem from hes first album
421,his happiness is all i care about this man is beaming with light and it makes me so happy  revivaltour…
422,wir sitzen wieder im auto jetztkm zurückballern und umuhr klingelt schon wieder der wecker weil ich um…
423,after searching for three hours i have finally found the type beat that i was searching foreminem tyga lilwa
424,rtan underrated song from an underrated album eminem spend some time ft cent rt
425,rtyo twitter do your thingi havestanding tickets for eminem revival tour on sunday th but the wc finale is taking pl…
426,fäh jemand aus dem rheinlandruhrgebietkölndüsseldorf zum eminem konze in nijmegengoffepark…
427,haha amazing lions england worldcup worldinmotion barnes eminem
428,rtyo twitter do your thingi havestanding tickets for eminem revival tour on sunday th but the wc finale is taking pl…
429,rtprecious marshall revivaltour eminem hannover
430,eminem hannover revivaltour
431,rtdecent pic eminem hannover revivaltour
432,rtkill you eminem hannover revivaltour
433,rteminem performingam in hannover the blue looks great on him revivaleuropeantour
434,rtthank you so much for this  eminem marshallma…
435,rtloseyourself eminemmilan  eminem eminemeurope revivaltour
436,precious marshall revivaltour eminem hannover
437,eminem tickets sunday
438,„habt ihr mich vermisst in deutschland“ so war das eminemkonze in hannover eminemhannover
439,meine mutter hat dir ne cap bestickt und du hast dich mega gefreut nur den namen kannte sie nicht eminem…
440,rtwir haben ein beschissenes konze gesehen und ein mega geiles gehö eminem in hannover
441,yo twitter do your thingi havestanding tickets for eminem revival tour on sunday th but the wc finale is…
442,"eminem hat es einfach noch drauf

eminem hannover"
443,wait for it footballscominghome england worldcup russia football soccer eminem milewythenshawe…
444,rtan underrated song from an underrated album eminem spend some time ft cent rt
445,hm show and ‚lose yourself‘ as bonus seriouslyworst priceperformanc ratio ever eminem konze hannover
446,rteminem performingam in hannover the blue looks great on him revivaleuropeantour
447,rtperforming in blue hannover eminem germany revivaltour
448,rtlike toy soldier hannover eminem revivaltour
449,rtkill you eminem hannover revivaltour
450,decent pic eminem hannover revivaltour
451,rti’ve been waiting on this moment my whole life < revivaltour revivaleuropeantour eminem …
452,rteminem in hannover und mit ihmauf dem messegelände messe
453,"rteminem and rag amp bone collaborate on new fashion collection
video"
454,rtfull interview without now oncould a joint album with eminem be on the way
455,"rtsay what i think when i rhyme in inkpen i talk
and the language i speak is my mind
kingpin and penguin combinedi…"
456,rti’ve been waiting on this moment my whole life  revivaltour revivaleuropeantour eminem …
457,rtje vais voir eminem au moment de la finale est c que quelquun aplaces pour le samediet souhaite les echanger contre…
458,da gehen heute abend knappleute in meiner heimatstadt zu einem „konze“ von einem der nicht singt sonder…
459,anyone selling seated tickets to eminem on saturday th july in london revivaltour tickets buy
460,rtkill you eminem hannover revivaltour
461,stundeund ‚lose yourself‘ als zugabe ernsthaft eminem konze
462,calling all eminem fans i havetickets for sundays conce and can no longer go a buyer has let me down after…
463,je vais voir eminem au moment de la finale est c que quelquun aplaces pour le samediet souhaite les echang…
464,derecensie eminem op roskilde geeft mij nog meer verouwen in goede show komende donderdag in nijmegen
465,rtwir haben ein beschissenes konze gesehen und ein mega geiles gehö eminem in hannover
466,wir haben ein beschissenes konze gesehen und ein mega geiles gehö eminem in hannover
467,rteminem performingam in hannover the blue looks great on him revivaleuropeantour
468,loseyourself eminemmilan  eminem eminemeurope revivaltour
469,eminem live music
470,nowplaying am eminem relapse
471,nunja lassen wir das eminem
472,rteminem in hannover und mit ihmauf dem messegelände messe
473,rteminem hannover revivaltour
